{
  "name": "lever_wavelet_net_raw_s1",
  "best_val_metrics": {
    "sbp": {
      "mae": 8.316276994422402,
      "rmse": 11.35801384677456,
      "me": -0.04684918429806166,
      "sd": 11.35796639923136,
      "pearson_r": 0.8312622013202315,
      "r2": 0.690420795796524,
      "n": 115488,
      "aami_pass": false,
      "aami_margin": -3.35796639923136,
      "bhs": {
        "grade": "D",
        "pct5": 41.58787060127459,
        "pct10": 69.53103352729288,
        "pct15": 84.61918121363259
      }
    },
    "dbp": {
      "mae": 4.6245519200567555,
      "rmse": 6.5760082845818255,
      "me": 0.007715077381575709,
      "sd": 6.576032229546206,
      "pearson_r": 0.8424966775887271,
      "r2": 0.7097992446140355,
      "n": 115488,
      "aami_pass": true,
      "aami_margin": 1.4239677704537943,
      "bhs": {
        "grade": "A",
        "pct5": 65.4093931837074,
        "pct10": 90.35743973399833,
        "pct15": 97.24213771127737
      }
    },
    "sbp_sd": 11.35796639923136,
    "dbp_sd": 6.576032229546206,
    "sbp_me_abs": 0.04684918429806166,
    "dbp_me_abs": 0.007715077381575709,
    "sbp_mae": 8.316276994422402,
    "dbp_mae": 4.6245519200567555,
    "aami_margin": -3.35796639923136,
    "aami_pass_both": false,
    "error_signature": [
      0.017416988316067368,
      0.057208576930114226,
      0.07505249492476454,
      0.13570264783529226,
      0.11812882820872504,
      0.08928057992733483,
      0.09097958579108327,
      0.12008050673938993,
      0.14546975333919998,
      0.07676892648967963,
      0.05948263093236214,
      0.014428480565986774,
      0.003979400749063671,
      0.01343806353169649,
      0.034210708836177,
      0.11254161464835623,
      0.15556942710500762,
      0.15268241087529477,
      0.16068456096545986,
      0.18597412956027187,
      0.13725031210986266,
      0.034722222222222224,
      0.0086090303786933,
      0.0003381190178942988
    ]
  },
  "final_val_metrics": {
    "sbp": {
      "mae": 8.818081701908214,
      "rmse": 11.901581900957787,
      "me": -0.08056665572169572,
      "sd": 11.901360730085951,
      "pearson_r": 0.8130838308769639,
      "r2": 0.6600802716335328,
      "n": 115488,
      "aami_pass": false,
      "aami_margin": -3.901360730085951,
      "bhs": {
        "grade": "D",
        "pct5": 38.97547797173732,
        "pct10": 66.62683568855638,
        "pct15": 82.75838182321974
      }
    },
    "dbp": {
      "mae": 4.993407654506478,
      "rmse": 6.9630891302411015,
      "me": -0.04453267006732212,
      "sd": 6.96297686964669,
      "pearson_r": 0.8233210195030874,
      "r2": 0.67462982272834,
      "n": 115488,
      "aami_pass": true,
      "aami_margin": 1.03702313035331,
      "bhs": {
        "grade": "A",
        "pct5": 61.597741756719316,
        "pct10": 88.48365198115822,
        "pct15": 96.6922970351898
      }
    },
    "sbp_sd": 11.901360730085951,
    "dbp_sd": 6.96297686964669,
    "sbp_me_abs": 0.08056665572169572,
    "dbp_me_abs": 0.04453267006732212,
    "sbp_mae": 8.818081701908214,
    "dbp_mae": 4.993407654506478,
    "aami_margin": -3.901360730085951,
    "aami_pass_both": false,
    "error_signature": [
      0.02070263488080301,
      0.06452146939913565,
      0.07868918165342256,
      0.13667572842604211,
      0.11123309633347274,
      0.08304579673776663,
      0.08384741391328593,
      0.11407360936846508,
      0.14157256378084485,
      0.08363829638923742,
      0.06448661647846089,
      0.017513592639063155,
      0.004222555556518949,
      0.016309295691606045,
      0.03999722542550701,
      0.1239281038384504,
      0.15612183850242342,
      0.14000329480721044,
      0.14413914491082344,
      0.1765409726617707,
      0.14529232743447235,
      0.04219954392931771,
      0.01076881725091691,
      0.0004768799909826329
    ]
  },
  "history": [
    {
      "epoch": 0,
      "train_loss": 0.3629239660933503,
      "val_aami_margin": -4.396132135935764,
      "val_sbp_mae": 9.141896214835073,
      "val_dbp_mae": 4.946890255661145
    },
    {
      "epoch": 1,
      "train_loss": 0.32559963460641306,
      "val_aami_margin": -3.471633336928429,
      "val_sbp_mae": 8.442754664831146,
      "val_dbp_mae": 4.649497473667268
    },
    {
      "epoch": 2,
      "train_loss": 0.29724151288460277,
      "val_aami_margin": -3.35796639923136,
      "val_sbp_mae": 8.316276994422402,
      "val_dbp_mae": 4.6245519200567555
    },
    {
      "epoch": 3,
      "train_loss": 0.28877317348882603,
      "val_aami_margin": -3.528452723941296,
      "val_sbp_mae": 8.452398174653789,
      "val_dbp_mae": 4.7017350768055115
    },
    {
      "epoch": 4,
      "train_loss": 0.28301185903905385,
      "val_aami_margin": -3.5942747009136173,
      "val_sbp_mae": 8.526234906582234,
      "val_dbp_mae": 4.685860819530282
    },
    {
      "epoch": 5,
      "train_loss": 0.2782669171623231,
      "val_aami_margin": -3.6235866050087715,
      "val_sbp_mae": 8.547962503556134,
      "val_dbp_mae": 4.718828160733871
    },
    {
      "epoch": 6,
      "train_loss": 0.27451715761141043,
      "val_aami_margin": -3.4356434634168203,
      "val_sbp_mae": 8.400501440947673,
      "val_dbp_mae": 4.702956068934067
    },
    {
      "epoch": 7,
      "train_loss": 0.2707352792656529,
      "val_aami_margin": -3.608758089610747,
      "val_sbp_mae": 8.556103976204053,
      "val_dbp_mae": 4.729613597418332
    },
    {
      "epoch": 8,
      "train_loss": 0.2680238774078299,
      "val_aami_margin": -3.7210776742719656,
      "val_sbp_mae": 8.642061970622722,
      "val_dbp_mae": 4.738188867066811
    },
    {
      "epoch": 9,
      "train_loss": 0.265486364479632,
      "val_aami_margin": -3.692092934438792,
      "val_sbp_mae": 8.62358319807842,
      "val_dbp_mae": 4.78229627602344
    },
    {
      "epoch": 10,
      "train_loss": 0.26338992056046784,
      "val_aami_margin": -3.5771769933165594,
      "val_sbp_mae": 8.522264681471748,
      "val_dbp_mae": 4.747198311884583
    },
    {
      "epoch": 11,
      "train_loss": 0.2611436388563399,
      "val_aami_margin": -3.780897118883992,
      "val_sbp_mae": 8.693871476967109,
      "val_dbp_mae": 4.786337602575132
    },
    {
      "epoch": 12,
      "train_loss": 0.25964175823303465,
      "val_aami_margin": -3.74808493163947,
      "val_sbp_mae": 8.66190506864613,
      "val_dbp_mae": 4.788246356388369
    },
    {
      "epoch": 13,
      "train_loss": 0.25787998859764505,
      "val_aami_margin": -3.8238909780837442,
      "val_sbp_mae": 8.725571674851304,
      "val_dbp_mae": 4.797229836921266
    },
    {
      "epoch": 14,
      "train_loss": 0.2567905508783563,
      "val_aami_margin": -3.7946994809551438,
      "val_sbp_mae": 8.725333564456685,
      "val_dbp_mae": 4.862805074427032
    },
    {
      "epoch": 15,
      "train_loss": 0.25562521940728694,
      "val_aami_margin": -3.822158228953816,
      "val_sbp_mae": 8.739545107536928,
      "val_dbp_mae": 4.835408928778994
    },
    {
      "epoch": 16,
      "train_loss": 0.2543654456680159,
      "val_aami_margin": -3.8286783976800454,
      "val_sbp_mae": 8.751492980848681,
      "val_dbp_mae": 4.856691809543572
    },
    {
      "epoch": 17,
      "train_loss": 0.2538557719704741,
      "val_aami_margin": -3.854410494986775,
      "val_sbp_mae": 8.770197156502721,
      "val_dbp_mae": 4.8904326288656526
    },
    {
      "epoch": 18,
      "train_loss": 0.25297087254577605,
      "val_aami_margin": -3.81786115377459,
      "val_sbp_mae": 8.755488789176239,
      "val_dbp_mae": 4.893363287235241
    },
    {
      "epoch": 19,
      "train_loss": 0.25234117095762143,
      "val_aami_margin": -3.824624360050638,
      "val_sbp_mae": 8.738692907430737,
      "val_dbp_mae": 4.807907181306838
    },
    {
      "epoch": 20,
      "train_loss": 0.2513696505775555,
      "val_aami_margin": -3.822992482536243,
      "val_sbp_mae": 8.735359316259395,