{
  "name": "lever_resunet_sa_vpg_s2",
  "best_val_metrics": {
    "sbp": {
      "mae": 8.578856628454057,
      "rmse": 11.597091085891993,
      "me": -0.09574883614211456,
      "sd": 11.596746022223764,
      "pearson_r": 0.8185305805612368,
      "r2": 0.6695594639096243,
      "n": 115488,
      "aami_pass": false,
      "aami_margin": -3.5967460222237637,
      "bhs": {
        "grade": "D",
        "pct5": 39.89245635910225,
        "pct10": 68.08239817123857,
        "pct15": 83.90915073427541
      }
    },
    "dbp": {
      "mae": 4.526855413717879,
      "rmse": 6.375568073054114,
      "me": -0.04588653193769713,
      "sd": 6.375430544779891,
      "pearson_r": 0.8633984956214712,
      "r2": 0.7454300380530257,
      "n": 115488,
      "aami_pass": true,
      "aami_margin": 1.6245694552201089,
      "bhs": {
        "grade": "A",
        "pct5": 66.48915904682737,
        "pct10": 91.01291909116098,
        "pct15": 97.29668883347188
      }
    },
    "sbp_sd": 11.596746022223764,
    "dbp_sd": 6.375430544779891,
    "sbp_me_abs": 0.09574883614211456,
    "dbp_me_abs": 0.04588653193769713,
    "sbp_mae": 8.578856628454057,
    "dbp_mae": 4.526855413717879,
    "aami_margin": -3.5967460222237637,
    "aami_pass_both": false,
    "error_signature": [
      0.0194305938142892,
      0.06074130897172147,
      0.07859409323895533,
      0.13718225879563445,
      0.11390738868161372,
      0.08377209805083859,
      0.085306321698804,
      0.11862338296314376,
      0.14661424735869452,
      0.08073851947417972,
      0.059538338156839496,
      0.01555144879528575,
      0.0027829313543599257,
      0.013758604546321503,
      0.0330570630971165,
      0.11318988088013456,
      0.16319594957779204,
      0.15153538050734314,
      0.16438368040504223,
      0.1865951138314289,
      0.13234962634161565,
      0.029857992474814906,
      0.00894699426074593,
      0.00034678272328472596
    ]
  },
  "final_val_metrics": {
    "sbp": {
      "mae": 10.372168105507306,
      "rmse": 13.802813808435248,
      "me": -0.07993655870851625,
      "sd": 13.802642095297923,
      "pearson_r": 0.7503068228876858,
      "r2": 0.5319088383902251,
      "n": 115488,
      "aami_pass": false,
      "aami_margin": -5.802642095297923,
      "bhs": {
        "grade": "D",
        "pct5": 33.17833887503463,
        "pct10": 59.08146300914381,
        "pct15": 76.56986007204212
      }
    },
    "dbp": {
      "mae": 5.766477032589948,
      "rmse": 7.83991248767887,
      "me": -0.05823311987398107,
      "sd": 7.839730155213842,
      "pearson_r": 0.8018832062016272,
      "r2": 0.6150610891081181,
      "n": 115488,
      "aami_pass": true,
      "aami_margin": 0.1602698447861579,
      "bhs": {
        "grade": "B",
        "pct5": 55.221321695760594,
        "pct10": 83.64591992241618,
        "pct15": 94.33793987254087
      }
    },
    "sbp_sd": 13.802642095297923,
    "dbp_sd": 7.839730155213842,
    "sbp_me_abs": 0.07993655870851625,
    "dbp_me_abs": 0.05823311987398107,
    "sbp_mae": 10.372168105507306,
    "dbp_mae": 5.766477032589948,
    "aami_margin": -5.802642095297923,
    "aami_pass_both": false,
    "error_signature": [
      0.02999193435264413,
      0.08264658437368495,
      0.08787172113900968,
      0.13194347033244494,
      0.09937403562912049,
      0.06977661663627437,
      0.06953990742039556,
      0.09723488567821574,
      0.13032157385327536,
      0.08919553934633188,
      0.08212933090194978,
      0.029974400336653106,
      0.004057006137522106,
      0.02463677658726031,
      0.05193487985020285,
      0.14218592877700337,
      0.15310863760879365,
      0.12216096258538785,
      0.1241634592045494,
      0.1534120461874545,
      0.1423853115572662,
      0.055107666701341936,
      0.023908595998474287,
      0.0029387288047435763
    ]
  },
  "history": [
    {
      "epoch": 0,
      "train_loss": 0.31759966890067837,
      "val_aami_margin": -3.5967460222237637,
      "val_sbp_mae": 8.578856628454057,
      "val_dbp_mae": 4.526855413717879
    },
    {
      "epoch": 1,
      "train_loss": 0.28150679100237547,
      "val_aami_margin": -4.152704683612583,
      "val_sbp_mae": 9.021283439093462,
      "val_dbp_mae": 4.764746056475785
    },
    {
      "epoch": 2,
      "train_loss": 0.2497346590026498,
      "val_aami_margin": -4.243148374418734,
      "val_sbp_mae": 9.09980723989901,
      "val_dbp_mae": 4.919859896616639
    },
    {
      "epoch": 3,
      "train_loss": 0.22216493030364928,
      "val_aami_margin": -4.948629342210062,
      "val_sbp_mae": 9.674413769589762,
      "val_dbp_mae": 5.1920629886397345
    },
    {
      "epoch": 4,
      "train_loss": 0.20144290769511733,
      "val_aami_margin": -4.737765230047225,
      "val_sbp_mae": 9.527146786622158,
      "val_dbp_mae": 5.243454606483224
    },
    {
      "epoch": 5,
      "train_loss": 0.18689705433690812,
      "val_aami_margin": -5.041704025603053,
      "val_sbp_mae": 9.804580728872072,
      "val_dbp_mae": 5.343632115686028
    },
    {
      "epoch": 6,
      "train_loss": 0.17599493988080417,
      "val_aami_margin": -5.231019017788968,
      "val_sbp_mae": 9.878096687872539,
      "val_dbp_mae": 5.494684881537413
    },
    {
      "epoch": 7,
      "train_loss": 0.16746536357352862,
      "val_aami_margin": -5.3227038367807324,
      "val_sbp_mae": 9.984040414031329,
      "val_dbp_mae": 5.510829846760167
    },
    {
      "epoch": 8,
      "train_loss": 0.16046618537695143,
      "val_aami_margin": -5.026469546571581,
      "val_sbp_mae": 9.790186371566177,
      "val_dbp_mae": 5.512564637253557
    },
    {
      "epoch": 9,
      "train_loss": 0.15473436523415912,
      "val_aami_margin": -5.068539302457408,
      "val_sbp_mae": 9.7889975469906,
      "val_dbp_mae": 5.611314768420145
    },
    {
      "epoch": 10,
      "train_loss": 0.14964625488578195,
      "val_aami_margin": -5.539826784925642,
      "val_sbp_mae": 10.163731540019976,
      "val_dbp_mae": 5.504255736280493
    },
    {
      "epoch": 11,
      "train_loss": 0.14543951881522418,
      "val_aami_margin": -5.134282814785863,
      "val_sbp_mae": 9.89299981471503,
      "val_dbp_mae": 5.551193062573508
    },
    {
      "epoch": 12,
      "train_loss": 0.14167651163739667,
      "val_aami_margin": -5.437207365146243,
      "val_sbp_mae": 10.044665952799424,
      "val_dbp_mae": 5.5203569360659825
    },
    {
      "epoch": 13,
      "train_loss": 0.1382867865587277,
      "val_aami_margin": -5.564092243549213,
      "val_sbp_mae": 10.214840626035421,
      "val_dbp_mae": 5.53012423263175
    },
    {
      "epoch": 14,
      "train_loss": 0.1357829521730035,
      "val_aami_margin": -5.156561551677587,
      "val_sbp_mae": 9.847768808892539,
      "val_dbp_mae": 5.333437415210585
    },
    {
      "epoch": 15,
      "train_loss": 0.1331904235474619,
      "val_aami_margin": -5.386962814226434,
      "val_sbp_mae": 10.053674262781703,
      "val_dbp_mae": 5.540354245044354
    },
    {
      "epoch": 16,
      "train_loss": 0.13091800692907712,
      "val_aami_margin": -5.60314830596756,
      "val_sbp_mae": 10.2296044911748,
      "val_dbp_mae": 5.560633666804798
    },
    {
      "epoch": 17,
      "train_loss": 0.12877238678500166,
      "val_aami_margin": -5.461045419331921,
      "val_sbp_mae": 10.114726674346521,
      "val_dbp_mae": 5.695263723417827
    },
    {
      "epoch": 18,
      "train_loss": 0.12698704994175342,
      "val_aami_margin": -5.344388284050684,
      "val_sbp_mae": 10.030231456753445,
      "val_dbp_mae": 5.55848936368113
    },
    {
      "epoch": 19,
      "train_loss": 0.1255248907607106,
      "val_aami_margin": -5.32916280419701,
      "val_sbp_mae": 10.06475476067675,
      "val_dbp_mae": 5.675451581955605
    },
    {
      "epoch": 20,
      "train_loss": 0.12378518957164537,
      "val_aami_margin": -5.638953426728074,
      "val_sbp_mae": 10.238624970139554,