{
  "name": "screen_bigru",
  "best_val_metrics": {
    "sbp": {
      "mae": 8.89176022420844,
      "rmse": 11.852335485080713,
      "me": -0.01924345377239973,
      "sd": 11.852371177641695,
      "pearson_r": 0.8250458233318633,
      "r2": 0.6806813554624327,
      "n": 115488,
      "aami_pass": false,
      "aami_margin": -3.852371177641695,
      "bhs": {
        "grade": "D",
        "pct5": 38.04810889443059,
        "pct10": 66.02244389027432,
        "pct15": 82.53671377112774
      }
    },
    "dbp": {
      "mae": 4.862812234951586,
      "rmse": 6.71869008253899,
      "me": -0.06050385751203706,
      "sd": 6.718446736421786,
      "pearson_r": 0.8382500882012937,
      "r2": 0.702332957960629,
      "n": 115488,
      "aami_pass": true,
      "aami_margin": 1.281553263578214,
      "bhs": {
        "grade": "A",
        "pct5": 62.72166805209199,
        "pct10": 88.82914242172347,
        "pct15": 96.66025907453589
      }
    },
    "sbp_sd": 11.852371177641695,
    "dbp_sd": 6.718446736421786,
    "sbp_me_abs": 0.01924345377239973,
    "dbp_me_abs": 0.06050385751203706,
    "sbp_mae": 8.89176022420844,
    "dbp_mae": 4.862812234951586,
    "aami_margin": -3.852371177641695,
    "aami_pass_both": false,
    "error_signature": [
      0.020589566792032315,
      0.0653207271207689,
      0.08097402145145563,
      0.1375975066165204,
      0.10884176069090402,
      0.07928506755815573,
      0.08117425825323861,
      0.11324697033012955,
      0.143665552305335,
      0.08506581696615127,
      0.06629579328597297,
      0.01794295862933556,
      0.0030505771830692968,
      0.017306825666447118,
      0.04126945609595452,
      0.12030713765729538,
      0.15386348667105765,
      0.14517974139425244,
      0.15309217596283842,
      0.17562484833778208,
      0.14099386417998405,
      0.03710957811904184,
      0.011448330848961763,
      0.0007539778833154227
    ]
  },
  "final_val_metrics": {
    "sbp": {
      "mae": 10.159373458857104,
      "rmse": 13.374074869230746,
      "me": -0.019428980432331492,
      "sd": 13.374118659406651,
      "pearson_r": 0.7827113028004905,
      "r2": 0.5934219715900779,
      "n": 115488,
      "aami_pass": false,
      "aami_margin": -5.374118659406651,
      "bhs": {
        "grade": "D",
        "pct5": 33.22769465225824,
        "pct10": 59.472845663618735,
        "pct15": 77.13961623718481
      }
    },
    "dbp": {
      "mae": 5.666037903743279,
      "rmse": 7.649360582111599,
      "me": -0.03057141351627346,
      "sd": 7.649332608560396,
      "pearson_r": 0.7963479317755332,
      "r2": 0.6141559550516904,
      "n": 115488,
      "aami_pass": true,
      "aami_margin": 0.3506673914396039,
      "bhs": {
        "grade": "B",
        "pct5": 55.371120809088396,
        "pct10": 84.28927680798004,
        "pct15": 94.9830285397617
      }
    },
    "sbp_sd": 13.374118659406651,
    "dbp_sd": 7.649332608560396,
    "sbp_me_abs": 0.019428980432331492,
    "dbp_me_abs": 0.03057141351627346,
    "sbp_mae": 10.159373458857104,
    "dbp_mae": 5.666037903743279,
    "aami_margin": -5.374118659406651,
    "aami_pass_both": false,
    "error_signature": [
      0.030593886462882094,
      0.08077729257641922,
      0.08576419213973799,
      0.1291004366812227,
      0.09555458515283843,
      0.06927510917030567,
      0.07009606986899564,
      0.1002183406113537,
      0.13561572052401746,
      0.09242794759825328,
      0.08384279475982533,
      0.026733624454148473,
      0.004108769709525584,
      0.022814940665551346,
      0.05316262579856627,
      0.13927342388807504,
      0.14836646065029516,
      0.12070594558047207,
      0.12487539332368264,
      0.16036337473886775,
      0.15022147482295017,
      0.05389076220278599,
      0.02042249248025797,
      0.0017943361389700337
    ]
  },
  "history": [
    {
      "epoch": 0,
      "train_loss": 0.36287482154847617,
      "val_aami_margin": -4.363437048740087,
      "val_sbp_mae": 9.211252895932061,
      "val_dbp_mae": 4.896641656745585
    },
    {
      "epoch": 1,
      "train_loss": 0.33575578527877037,
      "val_aami_margin": -4.333379266296445,
      "val_sbp_mae": 9.19375717280042,
      "val_dbp_mae": 4.917842065615548
    },
    {
      "epoch": 2,
      "train_loss": 0.3270875442804894,
      "val_aami_margin": -4.373332147632382,
      "val_sbp_mae": 9.242490200622811,
      "val_dbp_mae": 4.957625352318302
    },
    {
      "epoch": 3,
      "train_loss": 0.31340415743407213,
      "val_aami_margin": -3.852371177641695,
      "val_sbp_mae": 8.89176022420844,
      "val_dbp_mae": 4.862812234951586
    },
    {
      "epoch": 4,
      "train_loss": 0.28022063238735967,
      "val_aami_margin": -4.012421246116999,
      "val_sbp_mae": 9.032236392174076,
      "val_dbp_mae": 4.817517646927275
    },
    {
      "epoch": 5,
      "train_loss": 0.26992713829359405,
      "val_aami_margin": -3.985668971734155,
      "val_sbp_mae": 9.018375057896781,
      "val_dbp_mae": 4.856559259187953
    },
    {
      "epoch": 6,
      "train_loss": 0.2688026770818898,
      "val_aami_margin": -4.582444249850001,
      "val_sbp_mae": 9.436279531808742,
      "val_dbp_mae": 5.175953637165125
    },
    {
      "epoch": 7,
      "train_loss": 0.2611617797327771,
      "val_aami_margin": -4.1794622453014405,
      "val_sbp_mae": 9.188920551293752,
      "val_dbp_mae": 5.020733912192367
    },
    {
      "epoch": 8,
      "train_loss": 0.2579606354292753,
      "val_aami_margin": -4.555936815036196,
      "val_sbp_mae": 9.449988175160009,
      "val_dbp_mae": 5.137562615472103
    },
    {
      "epoch": 9,
      "train_loss": 0.2526906578477782,
      "val_aami_margin": -4.257493179411423,
      "val_sbp_mae": 9.258900484113509,
      "val_dbp_mae": 4.999543723655712
    },
    {
      "epoch": 10,
      "train_loss": 0.24572694697296038,
      "val_aami_margin": -4.3634864146182935,
      "val_sbp_mae": 9.333038362020256,
      "val_dbp_mae": 5.080461737155629
    },
    {
      "epoch": 11,
      "train_loss": 0.2418931394552862,
      "val_aami_margin": -4.241509604259813,
      "val_sbp_mae": 9.22636943412215,
      "val_dbp_mae": 5.01939731445906
    },
    {
      "epoch": 12,
      "train_loss": 0.23476571081057365,
      "val_aami_margin": -4.432725073113835,
      "val_sbp_mae": 9.388222583024813,
      "val_dbp_mae": 5.102240402950385
    },
    {
      "epoch": 13,
      "train_loss": 0.2252227981619939,
      "val_aami_margin": -4.544160453366175,
      "val_sbp_mae": 9.475983645489876,
      "val_dbp_mae": 5.2373366618499135
    },
    {
      "epoch": 14,
      "train_loss": 0.22092382441725156,
      "val_aami_margin": -4.732929674389489,
      "val_sbp_mae": 9.606958237905106,
      "val_dbp_mae": 5.318551001540944
    },
    {
      "epoch": 15,
      "train_loss": 0.21604480539485407,
      "val_aami_margin": -4.463172130662201,
      "val_sbp_mae": 9.396196220816234,
      "val_dbp_mae": 5.249323637221716
    },
    {
      "epoch": 16,
      "train_loss": 0.2119477034204685,
      "val_aami_margin": -4.810907415643445,
      "val_sbp_mae": 9.689574522555093,
      "val_dbp_mae": 5.325446287702777
    },
    {
      "epoch": 17,
      "train_loss": 0.20735157191320705,
      "val_aami_margin": -4.843477038936248,
      "val_sbp_mae": 9.717313792586866,
      "val_dbp_mae": 5.411828317598461
    },
    {
      "epoch": 18,
      "train_loss": 0.21463930501726347,
      "val_aami_margin": -4.67941486741724,
      "val_sbp_mae": 9.574486337066109,
      "val_dbp_mae": 5.304169919538905
    },
    {
      "epoch": 19,
      "train_loss": 0.2377636499639349,
      "val_aami_margin": -4.839758134024054,
      "val_sbp_mae": 9.780195334835899,
      "val_dbp_mae": 5.415885041661692
    },
    {
      "epoch": 20,
      "train_loss": 0.22561500491340106,
      "val_aami_margin": -4.371883997092622,
      "val_sbp_mae": 9.345977854089234,