{
  "name": "lever_wavelet_net_raw_s2",
  "best_val_metrics": {
    "sbp": {
      "mae": 8.629958204794653,
      "rmse": 11.625136406869684,
      "me": -0.0667788787867121,
      "sd": 11.624994934576646,
      "pearson_r": 0.8176686247258687,
      "r2": 0.6679593184198361,
      "n": 115488,
      "aami_pass": false,
      "aami_margin": -3.6249949345766463,
      "bhs": {
        "grade": "D",
        "pct5": 39.48808534220006,
        "pct10": 67.99494319756165,
        "pct15": 83.70653228041009
      }
    },
    "dbp": {
      "mae": 4.53036880698487,
      "rmse": 6.3732900869418385,
      "me": -0.03440473542397403,
      "sd": 6.373224815898235,
      "pearson_r": 0.8635058051786383,
      "r2": 0.7456119209005196,
      "n": 115488,
      "aami_pass": true,
      "aami_margin": 1.6267751841017652,
      "bhs": {
        "grade": "A",
        "pct5": 66.6424217234691,
        "pct10": 90.83887503463563,
        "pct15": 97.28802992518703
      }
    },
    "sbp_sd": 11.624994934576646,
    "dbp_sd": 6.373224815898235,
    "sbp_me_abs": 0.0667788787867121,
    "dbp_me_abs": 0.03440473542397403,
    "sbp_mae": 8.629958204794653,
    "dbp_mae": 4.53036880698487,
    "aami_margin": -3.6249949345766463,
    "aami_pass_both": false,
    "error_signature": [
      0.01973735806966024,
      0.06186115008234792,
      0.07629164233990084,
      0.14004374460817204,
      0.11224587606856226,
      0.08009097484249326,
      0.0846484310325296,
      0.12041095532298683,
      0.14684071559904843,
      0.08182507385170404,
      0.06023161985761217,
      0.015772458324982353,
      0.0028173409502674305,
      0.014121379716878907,
      0.03255979264370606,
      0.1115320266650485,
      0.16502682975458793,
      0.15362743483273664,
      0.162278838735404,
      0.18624790866614077,
      0.1307072826096379,
      0.03200499319503801,
      0.008686078868209124,
      0.00039009336234472117
    ]
  },
  "final_val_metrics": {
    "sbp": {
      "mae": 9.050655610537001,
      "rmse": 12.133067764551894,
      "me": -0.07293650768922204,
      "sd": 12.132901066911518,
      "pearson_r": 0.799797546629777,
      "r2": 0.6383100612435736,
      "n": 115488,
      "aami_pass": false,
      "aami_margin": -4.1329010669115185,
      "bhs": {
        "grade": "D",
        "pct5": 37.61862704350236,
        "pct10": 65.4596148517595,
        "pct15": 82.2345178719867
      }
    },
    "dbp": {
      "mae": 4.83505011049467,
      "rmse": 6.691947909850379,
      "me": -0.04218753285431937,
      "sd": 6.691843900812717,
      "pearson_r": 0.8491719791840916,
      "r2": 0.7195377028367937,
      "n": 115488,
      "aami_pass": true,
      "aami_margin": 1.3081560991872827,
      "bhs": {
        "grade": "A",
        "pct5": 62.99355777223607,
        "pct10": 89.44046134663341,
        "pct15": 96.88885425325576
      }
    },
    "sbp_sd": 12.132901066911518,
    "dbp_sd": 6.691843900812717,
    "sbp_me_abs": 0.07293650768922204,
    "dbp_me_abs": 0.04218753285431937,
    "sbp_mae": 9.050655610537001,
    "dbp_mae": 4.83505011049467,
    "aami_margin": -4.1329010669115185,
    "aami_pass_both": false,
    "error_signature": [
      0.022303664921465967,
      0.06546247818499128,
      0.08150959860383944,
      0.13590750436300175,
      0.10990401396160558,
      0.07816753926701571,
      0.07917102966841187,
      0.1118586387434555,
      0.14465968586387434,
      0.0875392670157068,
      0.06521815008726004,
      0.01829842931937173,
      0.0031207739519400813,
      0.016028641769825585,
      0.03631367245743611,
      0.12372134956135789,
      0.1612920004161032,
      0.14318284267831755,
      0.14867887236034535,
      0.17750268733312527,
      0.1410503138111585,
      0.038255487360865495,
      0.010021151912340927,
      0.0008322063871840217
    ]
  },
  "history": [
    {
      "epoch": 0,
      "train_loss": 0.36213163288016414,
      "val_aami_margin": -4.423145769078767,
      "val_sbp_mae": 9.197573297511735,
      "val_dbp_mae": 4.75311014547408
    },
    {
      "epoch": 1,
      "train_loss": 0.32626567746786217,
      "val_aami_margin": -3.6249949345766463,
      "val_sbp_mae": 8.629958204794653,
      "val_dbp_mae": 4.53036880698487
    },
    {
      "epoch": 2,
      "train_loss": 0.2979534118921704,
      "val_aami_margin": -3.8479055533262283,
      "val_sbp_mae": 8.780347485939815,
      "val_dbp_mae": 4.661754837252067
    },
    {
      "epoch": 3,
      "train_loss": 0.28864234957893975,
      "val_aami_margin": -3.7394515131489943,
      "val_sbp_mae": 8.716173446740475,
      "val_dbp_mae": 4.5709996133942905
    },
    {
      "epoch": 4,
      "train_loss": 0.2823644980902182,
      "val_aami_margin": -3.800221898926212,
      "val_sbp_mae": 8.755832540457472,
      "val_dbp_mae": 4.595086497277938
    },
    {
      "epoch": 5,
      "train_loss": 0.27679942763791066,
      "val_aami_margin": -3.7822199417692115,
      "val_sbp_mae": 8.763795870024378,
      "val_dbp_mae": 4.615796579392213
    },
    {
      "epoch": 6,
      "train_loss": 0.2724282442747219,
      "val_aami_margin": -3.9651481315577346,
      "val_sbp_mae": 8.91279080780171,
      "val_dbp_mae": 4.681155500879981
    },
    {
      "epoch": 7,
      "train_loss": 0.26848377772257725,
      "val_aami_margin": -3.9017162093219575,
      "val_sbp_mae": 8.851190114368913,
      "val_dbp_mae": 4.661693480283572
    },
    {
      "epoch": 8,
      "train_loss": 0.2656190224940637,
      "val_aami_margin": -3.7703945387898745,
      "val_sbp_mae": 8.761036995627068,
      "val_dbp_mae": 4.635183313794367
    },
    {
      "epoch": 9,
      "train_loss": 0.26302937939341947,
      "val_aami_margin": -3.9813598836908923,
      "val_sbp_mae": 8.934556984648532,
      "val_dbp_mae": 4.765373344938531
    },
    {
      "epoch": 10,
      "train_loss": 0.26092380568158874,
      "val_aami_margin": -4.0427337397266,
      "val_sbp_mae": 8.993051970033795,
      "val_dbp_mae": 4.681486533777283
    },
    {
      "epoch": 11,
      "train_loss": 0.2590748377125345,
      "val_aami_margin": -4.042590293017664,
      "val_sbp_mae": 8.985780064156495,
      "val_dbp_mae": 4.769995742461175
    },
    {
      "epoch": 12,
      "train_loss": 0.2572966858036143,
      "val_aami_margin": -4.076239771361237,
      "val_sbp_mae": 8.970277520286345,
      "val_dbp_mae": 4.743814274054314
    },
    {
      "epoch": 13,
      "train_loss": 0.25602001919690115,
      "val_aami_margin": -3.9607503495612146,
      "val_sbp_mae": 8.926344513049418,
      "val_dbp_mae": 4.77985336616538
    },
    {
      "epoch": 14,
      "train_loss": 0.2546966016015126,
      "val_aami_margin": -4.0007591409385554,
      "val_sbp_mae": 8.941012122856197,
      "val_dbp_mae": 4.7399821755616
    },
    {
      "epoch": 15,
      "train_loss": 0.25347836700092724,
      "val_aami_margin": -4.070111966641134,
      "val_sbp_mae": 9.005500718631714,
      "val_dbp_mae": 4.770119431765545
    },
    {
      "epoch": 16,
      "train_loss": 0.2524858144517882,
      "val_aami_margin": -4.022218197776914,
      "val_sbp_mae": 8.967651767516797,
      "val_dbp_mae": 4.746180898804089
    },
    {
      "epoch": 17,
      "train_loss": 0.25146344371629664,
      "val_aami_margin": -4.093053840435434,
      "val_sbp_mae": 9.012119269503827,
      "val_dbp_mae": 4.837029236297704
    },
    {
      "epoch": 18,
      "train_loss": 0.25094399247229743,
      "val_aami_margin": -3.9587884810930625,
      "val_sbp_mae": 8.928056249608522,
      "val_dbp_mae": 4.754251191219896
    },
    {
      "epoch": 19,
      "train_loss": 0.24988636689242644,
      "val_aami_margin": -4.043499789874888,
      "val_sbp_mae": 8.99816685876188,
      "val_dbp_mae": 4.782922056395869
    },
    {
      "epoch": 20,
      "train_loss": 0.24923487588437898,
      "val_aami_margin": -4.114724293486281,
      "val_sbp_mae": 9.036689786964903,