{
  "name": "lever_wavelet_net_equal_s1",
  "best_val_metrics": {
    "sbp": {
      "mae": 8.403679064818911,
      "rmse": 11.44227935257385,
      "me": -0.03164336593055747,
      "sd": 11.442285136938198,
      "pearson_r": 0.8284696618091312,
      "r2": 0.6858101978161972,
      "n": 115488,
      "aami_pass": false,
      "aami_margin": -3.4422851369381977,
      "bhs": {
        "grade": "D",
        "pct5": 41.077860903297314,
        "pct10": 68.93010529232474,
        "pct15": 84.29014269880854
      }
    },
    "dbp": {
      "mae": 4.640478739308462,
      "rmse": 6.602722369873101,
      "me": 0.007363067496874498,
      "sd": 6.602746850737831,
      "pearson_r": 0.8411070386445579,
      "r2": 0.7074366580736179,
      "n": 115488,
      "aami_pass": true,
      "aami_margin": 1.397253149262169,
      "bhs": {
        "grade": "A",
        "pct5": 65.36090329731228,
        "pct10": 90.21283596564145,
        "pct15": 97.16334164588528
      }
    },
    "sbp_sd": 11.442285136938198,
    "dbp_sd": 6.602746850737831,
    "sbp_me_abs": 0.03164336593055747,
    "dbp_me_abs": 0.007363067496874498,
    "sbp_mae": 8.403679064818911,
    "dbp_mae": 4.640478739308462,
    "aami_margin": -3.4422851369381977,
    "aami_pass_both": false,
    "error_signature": [
      0.018157106015194813,
      0.05816547013312888,
      0.07566912943472504,
      0.13576008921725796,
      0.11465811667944519,
      0.08890360354080992,
      0.08884261518087405,
      0.12092249250714435,
      0.14449013731093607,
      0.07888408726563044,
      0.06083153272461142,
      0.014715619990241862,
      0.003962061312248578,
      0.013810861423220975,
      0.03486960743515051,
      0.11245491746428075,
      0.1547544735746983,
      0.15062768761270634,
      0.16160355111665972,
      0.1874393119711472,
      0.13637467055070052,
      0.034722222222222224,
      0.009033846580663061,
      0.0003467887363018449
    ]
  },
  "final_val_metrics": {
    "sbp": {
      "mae": 8.83465213997726,
      "rmse": 11.904432448633667,
      "me": -0.07759372611991083,
      "sd": 11.904231104857669,
      "pearson_r": 0.8131484823529128,
      "r2": 0.659917423797467,
      "n": 115488,
      "aami_pass": false,
      "aami_margin": -3.9042311048576686,
      "bhs": {
        "grade": "D",
        "pct5": 38.70358825159324,
        "pct10": 66.4432668329177,
        "pct15": 82.74799113327792
      }
    },
    "dbp": {
      "mae": 4.990813088803473,
      "rmse": 6.9515141143186785,
      "me": -0.003272712166050388,
      "sd": 6.9515434403901715,
      "pearson_r": 0.8238423929676696,
      "r2": 0.6757106748014352,
      "n": 115488,
      "aami_pass": true,
      "aami_margin": 1.0484565596098285,
      "bhs": {
        "grade": "A",
        "pct5": 61.55444721529509,
        "pct10": 88.45334580216127,
        "pct15": 96.66112496536437
      }
    },
    "sbp_sd": 11.904231104857669,
    "dbp_sd": 6.9515434403901715,
    "sbp_me_abs": 0.07759372611991083,
    "dbp_me_abs": 0.003272712166050388,
    "sbp_mae": 8.83465213997726,
    "dbp_mae": 4.990813088803473,
    "aami_margin": -3.9042311048576686,
    "aami_pass_both": false,
    "error_signature": [
      0.02041100904638232,
      0.06436178557110736,
      0.07994457129908838,
      0.13647138798347597,
      0.11069181293684963,
      0.08095553502640707,
      0.08328249464014921,
      0.11462237018702828,
      0.14272890484739678,
      0.08416273029928012,
      0.06526816684387582,
      0.017099231318959057,
      0.003979400749063671,
      0.016611180468858372,
      0.03952524622000277,
      0.12291926758218893,
      0.15506658343736995,
      0.13971251213760577,
      0.1442467748647524,
      0.17728707171591065,
      0.14640553474823137,
      0.04265501456512692,
      0.01108856984325149,
      0.0005028436676376752
    ]
  },
  "history": [
    {
      "epoch": 0,
      "train_loss": 0.3631200922340746,
      "val_aami_margin": -4.271047209453496,
      "val_sbp_mae": 9.040336657286476,
      "val_dbp_mae": 4.912211220601857
    },
    {
      "epoch": 1,
      "train_loss": 0.3115405424311303,
      "val_aami_margin": -3.539708781388626,
      "val_sbp_mae": 8.494916415283402,
      "val_dbp_mae": 4.66935681458384
    },
    {
      "epoch": 2,
      "train_loss": 0.29796835958171575,
      "val_aami_margin": -3.4422851369381977,
      "val_sbp_mae": 8.403679064818911,
      "val_dbp_mae": 4.640478739308462
    },
    {
      "epoch": 3,
      "train_loss": 0.28948664778182315,
      "val_aami_margin": -3.5073535728423675,
      "val_sbp_mae": 8.462080647643312,
      "val_dbp_mae": 4.6862512150910085
    },
    {
      "epoch": 4,
      "train_loss": 0.2833542746139659,
      "val_aami_margin": -3.6429937113333146,
      "val_sbp_mae": 8.566497853537625,
      "val_dbp_mae": 4.712777294019658
    },
    {
      "epoch": 5,
      "train_loss": 0.27839663494628114,
      "val_aami_margin": -3.596467016756085,
      "val_sbp_mae": 8.53103865402827,
      "val_dbp_mae": 4.705703521685132
    },
    {
      "epoch": 6,
      "train_loss": 0.2742717676636756,
      "val_aami_margin": -3.4771488129728176,
      "val_sbp_mae": 8.42381463117597,
      "val_dbp_mae": 4.665491679365259
    },
    {
      "epoch": 7,
      "train_loss": 0.27050410123723817,
      "val_aami_margin": -3.593456734640201,
      "val_sbp_mae": 8.530162182759048,
      "val_dbp_mae": 4.712620602924276
    },
    {
      "epoch": 8,
      "train_loss": 0.2674209024865731,
      "val_aami_margin": -3.694571969999158,
      "val_sbp_mae": 8.622200245812762,
      "val_dbp_mae": 4.727161193469932
    },
    {
      "epoch": 9,
      "train_loss": 0.2653939042491817,
      "val_aami_margin": -3.7629862782437904,
      "val_sbp_mae": 8.684774810958015,
      "val_dbp_mae": 4.793594073810532
    },
    {
      "epoch": 10,
      "train_loss": 0.2631872442999846,
      "val_aami_margin": -3.692393231172309,
      "val_sbp_mae": 8.625374439523656,
      "val_dbp_mae": 4.753352837290388
    },
    {
      "epoch": 11,
      "train_loss": 0.2611588485985681,
      "val_aami_margin": -3.811379475499388,
      "val_sbp_mae": 8.70915061800905,
      "val_dbp_mae": 4.763229446664746
    },
    {
      "epoch": 12,
      "train_loss": 0.25949307592635434,
      "val_aami_margin": -3.7657516728802793,
      "val_sbp_mae": 8.681493813407874,
      "val_dbp_mae": 4.749013691762477
    },
    {
      "epoch": 13,
      "train_loss": 0.2581094715054358,
      "val_aami_margin": -3.741989472832735,
      "val_sbp_mae": 8.65560936659218,
      "val_dbp_mae": 4.7886815892963694
    },
    {
      "epoch": 14,
      "train_loss": 0.2567006251466627,
      "val_aami_margin": -3.7404899319210934,
      "val_sbp_mae": 8.671823494119616,
      "val_dbp_mae": 4.7958604351140375
    },
    {
      "epoch": 15,
      "train_loss": 0.2555823577810494,
      "val_aami_margin": -3.821175349936542,
      "val_sbp_mae": 8.75742734656305,
      "val_dbp_mae": 4.893149127161562
    },
    {
      "epoch": 16,
      "train_loss": 0.2545805546214281,
      "val_aami_margin": -3.8604918536957467,
      "val_sbp_mae": 8.771344310687345,
      "val_dbp_mae": 4.900898066257264
    },
    {
      "epoch": 17,
      "train_loss": 0.253748533774754,
      "val_aami_margin": -3.896442393261756,
      "val_sbp_mae": 8.803822488116472,
      "val_dbp_mae": 4.904818558132064
    },
    {
      "epoch": 18,
      "train_loss": 0.2531903577157403,
      "val_aami_margin": -3.8048338817346146,
      "val_sbp_mae": 8.755307248440824,
      "val_dbp_mae": 4.915907092724092
    },
    {
      "epoch": 19,
      "train_loss": 0.25236379134143705,
      "val_aami_margin": -3.847180170246796,
      "val_sbp_mae": 8.770909563032623,
      "val_dbp_mae": 4.827454158179009
    },
    {
      "epoch": 20,
      "train_loss": 0.25152454478743597,
      "val_aami_margin": -3.7296403597015004,
      "val_sbp_mae": 8.665806134084166,