{
  "name": "lever_resunet_sa_sbp2x_s2",
  "best_val_metrics": {
    "sbp": {
      "mae": 9.082662832514751,
      "rmse": 12.325906214637872,
      "me": -0.1161944206860983,
      "sd": 12.325411891431509,
      "pearson_r": 0.7919256998996279,
      "r2": 0.6267215659452245,
      "n": 115488,
      "aami_pass": false,
      "aami_margin": -4.325411891431509,
      "bhs": {
        "grade": "D",
        "pct5": 38.13296619562205,
        "pct10": 65.9124757550568,
        "pct15": 82.05527847049045
      }
    },
    "dbp": {
      "mae": 4.765885327516545,
      "rmse": 6.7188184675325076,
      "me": -0.052539191646511295,
      "sd": 6.718642131966399,
      "pearson_r": 0.8472537531883129,
      "r2": 0.7172808686063766,
      "n": 115488,
      "aami_pass": true,
      "aami_margin": 1.2813578680336013,
      "bhs": {
        "grade": "A",
        "pct5": 64.41015516763646,
        "pct10": 89.61190773067331,
        "pct15": 96.67238154613467
      }
    },
    "sbp_sd": 12.325411891431509,
    "dbp_sd": 6.718642131966399,
    "sbp_me_abs": 0.1161944206860983,
    "dbp_me_abs": 0.052539191646511295,
    "sbp_mae": 9.082662832514751,
    "dbp_mae": 4.765885327516545,
    "aami_margin": -4.325411891431509,
    "aami_pass_both": false,
    "error_signature": [
      0.02453199559525266,
      0.06379018021009945,
      0.07970495184492493,
      0.1367219590638164,
      0.10981279823810107,
      0.07966999353271224,
      0.08181119015573927,
      0.11358829595707119,
      0.14366118403803466,
      0.08322700180035308,
      0.06554683539878695,
      0.017933614165108108,
      0.0030000867077083155,
      0.01664787999653169,
      0.03619179745079337,
      0.11703806468395041,
      0.16171854677880865,
      0.14896384288563252,
      0.15583109338420187,
      0.17847047602531865,
      0.13532472036764068,
      0.034509667909477154,
      0.01129801439347958,
      0.001005809416457123
    ]
  },
  "final_val_metrics": {
    "sbp": {
      "mae": 10.239027763645309,
      "rmse": 13.636987801509056,
      "me": -0.14080090891374306,
      "sd": 13.636319940504867,
      "pearson_r": 0.7579664423542194,
      "r2": 0.5430885034358603,
      "n": 115488,
      "aami_pass": false,
      "aami_margin": -5.636319940504867,
      "bhs": {
        "grade": "D",
        "pct5": 33.36363951233029,
        "pct10": 59.706636187309506,
        "pct15": 77.22100997506234
      }
    },
    "dbp": {
      "mae": 5.601361019440959,
      "rmse": 7.579124232773863,
      "me": -0.038747154515869714,
      "sd": 7.579058000826173,
      "pearson_r": 0.8120513486690782,
      "r2": 0.6402445059617823,
      "n": 115488,
      "aami_pass": true,
      "aami_margin": 0.42094199917382724,
      "bhs": {
        "grade": "B",
        "pct5": 55.85342200055416,
        "pct10": 84.89886395123303,
        "pct15": 95.12503463563314
      }
    },
    "sbp_sd": 13.636319940504867,
    "dbp_sd": 7.579058000826173,
    "sbp_me_abs": 0.14080090891374306,
    "dbp_me_abs": 0.038747154515869714,
    "sbp_mae": 10.239027763645309,
    "dbp_mae": 5.601361019440959,
    "aami_margin": -5.636319940504867,
    "aami_pass_both": false,
    "error_signature": [
      0.029516476963819076,
      0.08205159683614234,
      0.08536628141496694,
      0.13164909942299935,
      0.09867763377119908,
      0.07057296690576825,
      0.07002051947596415,
      0.09860748171662077,
      0.13513039513144742,
      0.09200441957943843,
      0.08050825163541978,
      0.02589487714621442,
      0.0035542455897013565,
      0.02241775389016514,
      0.04956005374712843,
      0.1408868276190889,
      0.15180963113865892,
      0.12267348619479,
      0.12525681591608512,
      0.15943825581899354,
      0.14990247496857526,
      0.05281955701963504,
      0.019756404143730224,
      0.0019244939534480516
    ]
  },
  "history": [
    {
      "epoch": 0,
      "train_loss": 0.3225113675023055,
      "val_aami_margin": -4.325411891431509,
      "val_sbp_mae": 9.082662832514751,
      "val_dbp_mae": 4.765885327516545
    },
    {
      "epoch": 1,
      "train_loss": 0.2569728547230959,
      "val_aami_margin": -4.506699426623335,
      "val_sbp_mae": 9.287465340959784,
      "val_dbp_mae": 4.879637369499546
    },
    {
      "epoch": 2,
      "train_loss": 0.22553909078668125,
      "val_aami_margin": -4.784291449461236,
      "val_sbp_mae": 9.503809502689569,
      "val_dbp_mae": 4.96779992459218
    },
    {
      "epoch": 3,
      "train_loss": 0.2049631638237514,
      "val_aami_margin": -4.845283679127959,
      "val_sbp_mae": 9.615344074166215,
      "val_dbp_mae": 5.096470990794982
    },
    {
      "epoch": 4,
      "train_loss": 0.19081077713547823,
      "val_aami_margin": -5.059463311100616,
      "val_sbp_mae": 9.77061056295085,
      "val_dbp_mae": 5.2483429471593865
    },
    {
      "epoch": 5,
      "train_loss": 0.1797270899617684,
      "val_aami_margin": -5.140933217137988,
      "val_sbp_mae": 9.851197219567583,
      "val_dbp_mae": 5.281240515812892
    },
    {
      "epoch": 6,
      "train_loss": 0.17112144015322342,
      "val_aami_margin": -5.0113174847918,
      "val_sbp_mae": 9.76721628786935,
      "val_dbp_mae": 5.224890204813131
    },
    {
      "epoch": 7,
      "train_loss": 0.16461684971231982,
      "val_aami_margin": -5.1113057067481975,
      "val_sbp_mae": 9.83148313294275,
      "val_dbp_mae": 5.2955272299084575
    },
    {
      "epoch": 8,
      "train_loss": 0.15886899709262248,
      "val_aami_margin": -5.562832086804891,
      "val_sbp_mae": 10.13390531730289,
      "val_dbp_mae": 5.348308896660028
    },
    {
      "epoch": 9,
      "train_loss": 0.15431222651877557,
      "val_aami_margin": -5.101275573775924,
      "val_sbp_mae": 9.886526687935017,
      "val_dbp_mae": 5.403254812685929
    },
    {
      "epoch": 10,
      "train_loss": 0.15015830923993584,
      "val_aami_margin": -5.46048912810952,
      "val_sbp_mae": 10.139074678397602,
      "val_dbp_mae": 5.4553363503057595
    },
    {
      "epoch": 11,
      "train_loss": 0.14657436251709682,
      "val_aami_margin": -5.455914971836108,
      "val_sbp_mae": 10.114503853423395,
      "val_dbp_mae": 5.552916093791483
    },
    {
      "epoch": 12,
      "train_loss": 0.14362291816242595,
      "val_aami_margin": -5.430559911939962,
      "val_sbp_mae": 10.078788822850386,
      "val_dbp_mae": 5.439699413904099
    },
    {
      "epoch": 13,
      "train_loss": 0.1408967839870414,
      "val_aami_margin": -5.340660319123192,
      "val_sbp_mae": 10.031625213227155,
      "val_dbp_mae": 5.539721850814582
    },
    {
      "epoch": 14,
      "train_loss": 0.13823252710811343,
      "val_aami_margin": -5.670120221625737,
      "val_sbp_mae": 10.276888704769403,
      "val_dbp_mae": 5.531301606823662
    },
    {
      "epoch": 15,
      "train_loss": 0.13618020581047036,
      "val_aami_margin": -5.4310841085600945,
      "val_sbp_mae": 10.066045040696999,
      "val_dbp_mae": 5.42887366006537
    },
    {
      "epoch": 16,
      "train_loss": 0.13423733019964545,
      "val_aami_margin": -5.4975330771088196,
      "val_sbp_mae": 10.13166104926426,
      "val_dbp_mae": 5.591931224171083
    },
    {
      "epoch": 17,
      "train_loss": 0.13264060978667574,
      "val_aami_margin": -5.527058627944395,
      "val_sbp_mae": 10.153585559315676,
      "val_dbp_mae": 5.509769582602196
    },
    {
      "epoch": 18,
      "train_loss": 0.13068978077189417,
      "val_aami_margin": -5.831999429287217,
      "val_sbp_mae": 10.384428179093353,
      "val_dbp_mae": 5.575969269497733
    },
    {
      "epoch": 19,
      "train_loss": 0.12955050983478697,
      "val_aami_margin": -5.6066845885255585,
      "val_sbp_mae": 10.225754730040528,
      "val_dbp_mae": 5.706579784042472
    },
    {
      "epoch": 20,
      "train_loss": 0.12776160715258295,
      "val_aami_margin": -5.760723818180585,
      "val_sbp_mae": 10.368714693673272,