{
  "name": "lever_resunet_sa_vpg_apg_s1",
  "best_val_metrics": {
    "sbp": {
      "mae": 8.634427590840115,
      "rmse": 11.75148542289905,
      "me": -0.03884201457330079,
      "sd": 11.751472108319348,
      "pearson_r": 0.8179919937215643,
      "r2": 0.6685999845663029,
      "n": 115488,
      "aami_pass": false,
      "aami_margin": -3.751472108319348,
      "bhs": {
        "grade": "D",
        "pct5": 39.93488500969798,
        "pct10": 67.78886118038237,
        "pct15": 83.52642698808535
      }
    },
    "dbp": {
      "mae": 4.891189728280559,
      "rmse": 6.919024223087338,
      "me": -0.01859115069582059,
      "sd": 6.919029201875017,
      "pearson_r": 0.8243321240971411,
      "r2": 0.6787349089272273,
      "n": 115488,
      "aami_pass": true,
      "aami_margin": 1.0809707981249828,
      "bhs": {
        "grade": "A",
        "pct5": 63.16413826544749,
        "pct10": 89.02396785813245,
        "pct15": 96.56154752008867
      }
    },
    "sbp_sd": 11.751472108319348,
    "dbp_sd": 6.919029201875017,
    "sbp_me_abs": 0.03884201457330079,
    "dbp_me_abs": 0.01859115069582059,
    "sbp_mae": 8.634427590840115,
    "dbp_mae": 4.891189728280559,
    "aami_margin": -3.751472108319348,
    "aami_pass_both": false,
    "error_signature": [
      0.01895296630486901,
      0.06113072664661523,
      0.07730264591778911,
      0.1363497667930779,
      0.11315984481931912,
      0.0852273222614533,
      0.08657861470729263,
      0.11710910596748181,
      0.1440913648053703,
      0.08114729087659649,
      0.06323176844950089,
      0.015718582450634237,
      0.004691009043849228,
      0.016128053274601786,
      0.038057003130229694,
      0.1157057757506915,
      0.1566328786840896,
      0.14464089068474859,
      0.15101407302713155,
      0.18023533084186705,
      0.14325353126327747,
      0.037424020394183494,
      0.011723187111430975,
      0.0004942467938990869
    ]
  },
  "final_val_metrics": {
    "sbp": {
      "mae": 10.400005346711222,
      "rmse": 13.863141078432255,
      "me": -0.044975304712632835,
      "sd": 13.863128142891016,
      "pearson_r": 0.7541940787537883,
      "r2": 0.5387989603294319,
      "n": 115488,
      "aami_pass": false,
      "aami_margin": -5.863128142891016,
      "bhs": {
        "grade": "D",
        "pct5": 32.8761429758936,
        "pct10": 59.118696314768634,
        "pct15": 76.62700886672208
      }
    },
    "dbp": {
      "mae": 5.812180057779415,
      "rmse": 7.922678627528729,
      "me": -0.005467906589068195,
      "sd": 7.922711041754898,
      "pearson_r": 0.7757376780748985,
      "r2": 0.5787713378776772,
      "n": 115488,
      "aami_pass": true,
      "aami_margin": 0.07728895824510218,
      "bhs": {
        "grade": "B",
        "pct5": 54.545926849542816,
        "pct10": 83.41472707121086,
        "pct15": 94.57519395954557
      }
    },
    "sbp_sd": 13.863128142891016,
    "dbp_sd": 7.922711041754898,
    "sbp_me_abs": 0.044975304712632835,
    "dbp_me_abs": 0.005467906589068195,
    "sbp_mae": 10.400005346711222,
    "dbp_mae": 5.812180057779415,
    "aami_margin": -5.863128142891016,
    "aami_pass_both": false,
    "error_signature": [
      0.031214653350752748,
      0.08106164894036774,
      0.08561232452717692,
      0.13161886557532287,
      0.09461722592920586,
      0.07004883865706846,
      0.06892651404220992,
      0.09931696025392595,
      0.13411779147559383,
      0.09167989197625583,
      0.0821664372331191,
      0.02961884803900078,
      0.005402452349156246,
      0.024072564560606323,
      0.052663070812882636,
      0.13566832584678887,
      0.14794741497424513,
      0.11996392583985153,
      0.12401359718344057,
      0.15433843805823896,
      0.1534452557276401,
      0.059106123935552125,
      0.02176589951265197,
      0.0016129311989455245
    ]
  },
  "history": [
    {
      "epoch": 0,
      "train_loss": 0.2932959097056382,
      "val_aami_margin": -3.751472108319348,
      "val_sbp_mae": 8.634427590840115,
      "val_dbp_mae": 4.891189728280559
    },
    {
      "epoch": 1,
      "train_loss": 0.2345095852978885,
      "val_aami_margin": -4.296633646302423,
      "val_sbp_mae": 9.135599783147814,
      "val_dbp_mae": 5.148887846507693
    },
    {
      "epoch": 2,
      "train_loss": 0.20644298802091424,
      "val_aami_margin": -4.2832833504214545,
      "val_sbp_mae": 9.1135110563298,
      "val_dbp_mae": 5.1779378625319925
    },
    {
      "epoch": 3,
      "train_loss": 0.18793060557317484,
      "val_aami_margin": -4.804868507603782,
      "val_sbp_mae": 9.541266500733801,
      "val_dbp_mae": 5.356866161942237
    },
    {
      "epoch": 4,
      "train_loss": 0.17487005971163216,
      "val_aami_margin": -5.063248082352256,
      "val_sbp_mae": 9.731394739795093,
      "val_dbp_mae": 5.510519717210079
    },
    {
      "epoch": 5,
      "train_loss": 0.16554903786389563,
      "val_aami_margin": -5.247671530234152,
      "val_sbp_mae": 9.868770498859547,
      "val_dbp_mae": 5.495015276096638
    },
    {
      "epoch": 6,
      "train_loss": 0.15784013352831544,
      "val_aami_margin": -5.188353373136218,
      "val_sbp_mae": 9.835260169010736,
      "val_dbp_mae": 5.637366065111157
    },
    {
      "epoch": 7,
      "train_loss": 0.15188674592072085,
      "val_aami_margin": -5.190495511364052,
      "val_sbp_mae": 9.848376493276636,
      "val_dbp_mae": 5.530605454255872
    },
    {
      "epoch": 8,
      "train_loss": 0.14728658473519413,
      "val_aami_margin": -4.907433565869914,
      "val_sbp_mae": 9.667594859902575,
      "val_dbp_mae": 5.604540097576987
    },
    {
      "epoch": 9,
      "train_loss": 0.14349719857404597,
      "val_aami_margin": -5.4578672260930485,
      "val_sbp_mae": 10.097736781693458,
      "val_dbp_mae": 5.740225917867953
    },
    {
      "epoch": 10,
      "train_loss": 0.14013432769411804,
      "val_aami_margin": -5.359662190908876,
      "val_sbp_mae": 9.951529725587116,
      "val_dbp_mae": 5.641567148704389
    },
    {
      "epoch": 11,
      "train_loss": 0.13703635536199477,
      "val_aami_margin": -5.371470872419504,
      "val_sbp_mae": 9.998022322858652,
      "val_dbp_mae": 5.6532162996540105
    },
    {
      "epoch": 12,
      "train_loss": 0.13448504809875203,
      "val_aami_margin": -5.426087009046441,
      "val_sbp_mae": 10.07523943115335,
      "val_dbp_mae": 5.752892596012057
    },
    {
      "epoch": 13,
      "train_loss": 0.1323410446555245,
      "val_aami_margin": -5.2818438289955925,
      "val_sbp_mae": 9.940088102904241,
      "val_dbp_mae": 5.771041177959405
    },
    {
      "epoch": 14,
      "train_loss": 0.12988444998163443,
      "val_aami_margin": -5.464018999553433,
      "val_sbp_mae": 10.037328129130088,
      "val_dbp_mae": 5.851236407796306
    },
    {
      "epoch": 15,
      "train_loss": 0.12815575333644305,
      "val_aami_margin": -5.415808869709979,
      "val_sbp_mae": 10.050438255169338,
      "val_dbp_mae": 5.743812721804857
    },
    {
      "epoch": 16,
      "train_loss": 0.126641744453178,
      "val_aami_margin": -5.647471525034652,
      "val_sbp_mae": 10.249290390459342,
      "val_dbp_mae": 5.777580525670788
    },
    {
      "epoch": 17,
      "train_loss": 0.12528164392711053,
      "val_aami_margin": -5.395929215473409,
      "val_sbp_mae": 10.005947179301247,
      "val_dbp_mae": 5.88986481636137
    },
    {
      "epoch": 18,
      "train_loss": 0.12382575895735949,
      "val_aami_margin": -5.627728287109997,
      "val_sbp_mae": 10.205924324588517,
      "val_dbp_mae": 5.745794631187333
    },
    {
      "epoch": 19,
      "train_loss": 0.12268626931685243,
      "val_aami_margin": -5.6129508552530964,
      "val_sbp_mae": 10.181340270251882,
      "val_dbp_mae": 5.8767196839283
    },
    {
      "epoch": 20,
      "train_loss": 0.1211587298699867,
      "val_aami_margin": -5.585619237043284,
      "val_sbp_mae": 10.154331148424752,