{
  "name": "iter1_minirocket_free_sharp",
  "best_val_metrics": {
    "sbp": {
      "mae": 14.591514750641235,
      "rmse": 18.75430907485729,
      "me": 0.41759671136522913,
      "sd": 18.749724187524468,
      "pearson_r": 0.460341614955258,
      "r2": 0.2033458163143248,
      "n": 144360,
      "aami_pass": false,
      "aami_margin": -10.749724187524468,
      "bhs": {
        "grade": "D",
        "pct5": 22.48060404544195,
        "pct10": 42.83111665281241,
        "pct15": 59.82959268495428
      }
    },
    "dbp": {
      "mae": 8.85651694333843,
      "rmse": 11.4794158397909,
      "me": 0.18459776765170388,
      "sd": 11.477971262081706,
      "pearson_r": 0.3919658433473247,
      "r2": 0.12879300654404247,
      "n": 144360,
      "aami_pass": false,
      "aami_margin": -3.477971262081706,
      "bhs": {
        "grade": "D",
        "pct5": 35.49113327791632,
        "pct10": 64.82128013300084,
        "pct15": 83.49127182044887
      }
    },
    "sbp_sd": 18.749724187524468,
    "dbp_sd": 11.477971262081706,
    "sbp_me_abs": 0.41759671136522913,
    "dbp_me_abs": 0.18459776765170388,
    "sbp_mae": 14.591514750641235,
    "dbp_mae": 8.85651694333843,
    "aami_margin": -10.749724187524468,
    "aami_pass_both": false,
    "error_signature": [
      0.06597960356219477,
      0.10862539500143636,
      0.0796394714162597,
      0.10012209135305947,
      0.06777506463659867,
      0.04707698937087044,
      0.04717753519103706,
      0.07104280379201379,
      0.11086613042229244,
      0.09659580580293019,
      0.13380494110887675,
      0.07129416834243034,
      0.018649056761326867,
      0.06532040888752809,
      0.08033011613908857,
      0.12963182030102918,
      0.0961678971796781,
      0.07084553988323464,
      0.07416479364262005,
      0.1153458077894605,
      0.16500240071812786,
      0.10721815917109118,
      0.06708789411789266,
      0.010236105408922322
    ]
  },
  "final_val_metrics": {
    "sbp": {
      "mae": 14.591514750641235,
      "rmse": 18.75430907485729,
      "me": 0.41759671136522913,
      "sd": 18.749724187524468,
      "pearson_r": 0.460341614955258,
      "r2": 0.2033458163143248,
      "n": 144360,
      "aami_pass": false,
      "aami_margin": -10.749724187524468,
      "bhs": {
        "grade": "D",
        "pct5": 22.48060404544195,
        "pct10": 42.83111665281241,
        "pct15": 59.82959268495428
      }
    },
    "dbp": {
      "mae": 8.85651694333843,
      "rmse": 11.4794158397909,
      "me": 0.18459776765170388,
      "sd": 11.477971262081706,
      "pearson_r": 0.3919658433473247,
      "r2": 0.12879300654404247,
      "n": 144360,
      "aami_pass": false,
      "aami_margin": -3.477971262081706,
      "bhs": {
        "grade": "D",
        "pct5": 35.49113327791632,
        "pct10": 64.82128013300084,
        "pct15": 83.49127182044887
      }
    },
    "sbp_sd": 18.749724187524468,
    "dbp_sd": 11.477971262081706,
    "sbp_me_abs": 0.41759671136522913,
    "dbp_me_abs": 0.18459776765170388,
    "sbp_mae": 14.591514750641235,
    "dbp_mae": 8.85651694333843,
    "aami_margin": -10.749724187524468,
    "aami_pass_both": false,
    "error_signature": [
      0.06597960356219477,
      0.10862539500143636,
      0.0796394714162597,
      0.10012209135305947,
      0.06777506463659867,
      0.04707698937087044,
      0.04717753519103706,
      0.07104280379201379,
      0.11086613042229244,
      0.09659580580293019,
      0.13380494110887675,
      0.07129416834243034,
      0.018649056761326867,
      0.06532040888752809,
      0.08033011613908857,
      0.12963182030102918,
      0.0961678971796781,
      0.07084553988323464,
      0.07416479364262005,
      0.1153458077894605,
      0.16500240071812786,
      0.10721815917109118,
      0.06708789411789266,
      0.010236105408922322
    ]
  },
  "history": [
    {
      "epoch": 0,
      "val_aami_margin": -10.749724187524468,
      "val_sbp_mae": 14.591514750641235,
      "val_dbp_mae": 8.85651694333843
    }
  ],
  "param_count": 2000,
  "train_seconds": 0.0,
  "inference_seconds": 0.0,
  "generalization_gap": 0.0,
  "device": "cpu",
  "spec": {
    "calibration": {
      "mode": "free"
    },
    "data": {
      "signals": [
        "ppg"
      ],
      "val_fraction": 0.2
    },
    "decode": {
      "strategy": "identity"
    },
    "feature_extraction": {
      "family": "minirocket",
      "kernel_length": 7,
      "num_kernels": 1000,
      "random_state": 42
    },
    "model": {
      "alphas": [
        0.001,
        0.01,
        0.1,
        1.0,
        10.0,
        100.0,
        1000.0
      ],
      "family": "ridge_regressor_cv"
    },
    "name": "iter1_minirocket_free_sharp",
    "preprocessing": {
      "normalize": "per_channel_zscore"
    },
    "training": {
      "loss": "ridge_regression_cv",
      "seed": 42
    }
  }
}