{
  "name": "lever_resunet_sa_raw_s2",
  "best_val_metrics": {
    "sbp": {
      "mae": 8.828848943707415,
      "rmse": 11.93356364711134,
      "me": -0.09476611057740358,
      "sd": 11.93323903018282,
      "pearson_r": 0.8064722439403123,
      "r2": 0.6501068105841368,
      "n": 115488,
      "aami_pass": false,
      "aami_margin": -3.93323903018282,
      "bhs": {
        "grade": "D",
        "pct5": 38.88022998060405,
        "pct10": 66.85456497644778,
        "pct15": 83.0856885563868
      }
    },
    "dbp": {
      "mae": 4.643119134952685,
      "rmse": 6.512130585063923,
      "me": -0.047147599865660944,
      "sd": 6.511988102747256,
      "pearson_r": 0.8572398929732034,
      "r2": 0.7344076358808265,
      "n": 115488,
      "aami_pass": true,
      "aami_margin": 1.4880118972527443,
      "bhs": {
        "grade": "A",
        "pct5": 65.33492657245775,
        "pct10": 90.14876004433361,
        "pct15": 96.94340537545027
      }
    },
    "sbp_sd": 11.93323903018282,
    "dbp_sd": 6.511988102747256,
    "sbp_me_abs": 0.09476611057740358,
    "dbp_me_abs": 0.047147599865660944,
    "sbp_mae": 8.828848943707415,
    "dbp_mae": 4.643119134952685,
    "aami_margin": -3.93323903018282,
    "aami_pass_both": false,
    "error_signature": [
      0.021494584900555908,
      0.061900564636477085,
      0.08087304842608672,
      0.137144702278618,
      0.10977685077713877,
      0.08215591646521857,
      0.08350860045205827,
      0.1164180928028485,
      0.14479827554609162,
      0.08271444404688141,
      0.062258371368479844,
      0.016956548299545324,
      0.0027911169668706553,
      0.015723870117712323,
      0.0344035504394709,
      0.11572733734375813,
      0.16226617894353623,
      0.1505989632994123,
      0.15913700743719986,
      0.18203803546972244,
      0.13267340464261568,
      0.033614756514050936,
      0.010306329421146612,
      0.0007194494045039266
    ]
  },
  "final_val_metrics": {
    "sbp": {
      "mae": 10.426489020276065,
      "rmse": 13.885275853039738,
      "me": -0.09177232733480761,
      "sd": 13.885032687813782,
      "pearson_r": 0.7511613691133319,
      "r2": 0.526299104332702,
      "n": 115488,
      "aami_pass": false,
      "aami_margin": -5.885032687813782,
      "bhs": {
        "grade": "D",
        "pct5": 32.88826544749238,
        "pct10": 58.984483236353555,
        "pct15": 76.36377805486283
      }
    },
    "dbp": {
      "mae": 5.633420321146284,
      "rmse": 7.626624242325071,
      "me": -0.05901533558129943,
      "sd": 7.626428924918336,
      "pearson_r": 0.8109619420219579,
      "r2": 0.6357210446247754,
      "n": 115488,
      "aami_pass": true,
      "aami_margin": 0.37357107508166365,
      "bhs": {
        "grade": "B",
        "pct5": 55.83437240232752,
        "pct10": 84.44080770296482,
        "pct15": 94.89297589359933
      }
    },
    "sbp_sd": 13.885032687813782,
    "dbp_sd": 7.626428924918336,
    "sbp_me_abs": 0.09177232733480761,
    "dbp_me_abs": 0.05901533558129943,
    "sbp_mae": 10.426489020276065,
    "dbp_mae": 5.633420321146284,
    "aami_margin": -5.885032687813782,
    "aami_pass_both": false,
    "error_signature": [
      0.029444020389720913,
      0.08538414971178901,
      0.0877442335868888,
      0.13109432439308996,
      0.09700032462120216,
      0.06923205151826213,
      0.06914431605822124,
      0.09786013212960282,
      0.13332280507812844,
      0.08834960826117091,
      0.08164661911404733,
      0.029777415137876274,
      0.003986929804033733,
      0.02205812250275185,
      0.05134472208499094,
      0.14139733222392678,
      0.15330611820380144,
      0.12416686167953751,
      0.1259609800913527,
      0.15544692616379346,
      0.14494223285403504,
      0.05327751631607686,
      0.02214479488979606,
      0.001967463185903603
    ]
  },
  "history": [
    {
      "epoch": 0,
      "train_loss": 0.31734167762570537,
      "val_aami_margin": -3.93323903018282,
      "val_sbp_mae": 8.828848943707415,
      "val_dbp_mae": 4.643119134952685
    },
    {
      "epoch": 1,
      "train_loss": 0.25386716818467325,
      "val_aami_margin": -4.559291010500623,
      "val_sbp_mae": 9.353012460140027,
      "val_dbp_mae": 4.93912321731603
    },
    {
      "epoch": 2,
      "train_loss": 0.22223932481331954,
      "val_aami_margin": -4.882765211159558,
      "val_sbp_mae": 9.615035837140926,
      "val_dbp_mae": 5.085451849938326
    },
    {
      "epoch": 3,
      "train_loss": 0.2014933122154959,
      "val_aami_margin": -4.891064334906385,
      "val_sbp_mae": 9.65195925478476,
      "val_dbp_mae": 5.179392676176349
    },
    {
      "epoch": 4,
      "train_loss": 0.18749115956284765,
      "val_aami_margin": -5.15492977045462,
      "val_sbp_mae": 9.812422309765028,
      "val_dbp_mae": 5.149208996455828
    },
    {
      "epoch": 5,
      "train_loss": 0.17667369595701463,
      "val_aami_margin": -5.246217910867122,
      "val_sbp_mae": 9.894068967710425,
      "val_dbp_mae": 5.350407384604863
    },
    {
      "epoch": 6,
      "train_loss": 0.16834123564505674,
      "val_aami_margin": -5.2101794097993555,
      "val_sbp_mae": 9.894879292937683,
      "val_dbp_mae": 5.212809045816362
    },
    {
      "epoch": 7,
      "train_loss": 0.16167578287525874,
      "val_aami_margin": -5.095128884001356,
      "val_sbp_mae": 9.822798809468171,
      "val_dbp_mae": 5.407291720286069
    },
    {
      "epoch": 8,
      "train_loss": 0.155939840685333,
      "val_aami_margin": -5.962000324618442,
      "val_sbp_mae": 10.388233175689072,
      "val_dbp_mae": 5.481735483756449
    },
    {
      "epoch": 9,
      "train_loss": 0.15101672480095255,
      "val_aami_margin": -5.237699286722004,
      "val_sbp_mae": 9.92078057068769,
      "val_dbp_mae": 5.491400493034623
    },
    {
      "epoch": 10,
      "train_loss": 0.14720709210691701,
      "val_aami_margin": -5.5818557298128315,
      "val_sbp_mae": 10.16853872130948,
      "val_dbp_mae": 5.670303114115954
    },
    {
      "epoch": 11,
      "train_loss": 0.14358281324275196,
      "val_aami_margin": -5.312656891578106,
      "val_sbp_mae": 10.032719540184395,
      "val_dbp_mae": 5.572102583896692
    },
    {
      "epoch": 12,
      "train_loss": 0.14067134428259462,
      "val_aami_margin": -5.502803207039953,
      "val_sbp_mae": 10.154607048390996,
      "val_dbp_mae": 5.538820327490258
    },
    {
      "epoch": 13,
      "train_loss": 0.1379150133553133,
      "val_aami_margin": -5.390293610647204,
      "val_sbp_mae": 10.073337417287874,
      "val_dbp_mae": 5.616658794338741
    },
    {
      "epoch": 14,
      "train_loss": 0.13568229996023826,
      "val_aami_margin": -5.441521349308571,
      "val_sbp_mae": 10.080249431050195,
      "val_dbp_mae": 5.503028291000297
    },
    {
      "epoch": 15,
      "train_loss": 0.13353555532554018,
      "val_aami_margin": -5.758355207188366,
      "val_sbp_mae": 10.308947012417596,
      "val_dbp_mae": 5.624799830835124
    },
    {
      "epoch": 16,
      "train_loss": 0.13165274852248712,
      "val_aami_margin": -5.447079664230332,
      "val_sbp_mae": 10.08603955586774,
      "val_dbp_mae": 5.598783181073739
    },
    {
      "epoch": 17,
      "train_loss": 0.1299061003337939,
      "val_aami_margin": -5.44714179430877,
      "val_sbp_mae": 10.122347484820818,
      "val_dbp_mae": 5.695686172447279
    },
    {
      "epoch": 18,
      "train_loss": 0.12813352875161313,
      "val_aami_margin": -5.737228334168476,
      "val_sbp_mae": 10.377006397262079,
      "val_dbp_mae": 5.781945128955162
    },
    {
      "epoch": 19,
      "train_loss": 0.12696865635001184,
      "val_aami_margin": -5.626748955090921,
      "val_sbp_mae": 10.303022222656312,
      "val_dbp_mae": 5.736785018384846
    },
    {
      "epoch": 20,
      "train_loss": 0.12552891268700306,
      "val_aami_margin": -5.59549995089302,
      "val_sbp_mae": 10.245291092033394,