{
  "name": "lever_wavelet_net_apg_s1",
  "best_val_metrics": {
    "sbp": {
      "mae": 8.39809161021517,
      "rmse": 11.453287655843233,
      "me": -0.01141906457466203,
      "sd": 11.453331550151006,
      "pearson_r": 0.8279280100771054,
      "r2": 0.6852053602172254,
      "n": 115488,
      "aami_pass": false,
      "aami_margin": -3.453331550151006,
      "bhs": {
        "grade": "D",
        "pct5": 41.17484067608756,
        "pct10": 68.99851066777501,
        "pct15": 84.24944582986977
      }
    },
    "dbp": {
      "mae": 4.572296958381886,
      "rmse": 6.53308776085276,
      "me": 0.018544661789028236,
      "sd": 6.533089725363555,
      "pearson_r": 0.8447378810796229,
      "r2": 0.7135750673161984,
      "n": 115488,
      "aami_pass": true,
      "aami_margin": 1.4669102746364446,
      "bhs": {
        "grade": "A",
        "pct5": 66.23805070656692,
        "pct10": 90.49338459407038,
        "pct15": 97.25945552784705
      }
    },
    "sbp_sd": 11.453331550151006,
    "dbp_sd": 6.533089725363555,
    "sbp_me_abs": 0.01141906457466203,
    "dbp_me_abs": 0.018544661789028236,
    "sbp_mae": 8.39809161021517,
    "dbp_mae": 4.572296958381886,
    "aami_margin": -3.453331550151006,
    "aami_pass_both": false,
    "error_signature": [
      0.01754737529949902,
      0.05940318013504683,
      0.0753038553692006,
      0.13363537355695926,
      0.11390982356785014,
      0.08817251143541711,
      0.08983663689827924,
      0.12238727945981268,
      0.14632977564800698,
      0.07815290786321064,
      0.060875626225223266,
      0.014445654541494228,
      0.004048969116856543,
      0.013499453779326848,
      0.033935043090741995,
      0.10777887599923702,
      0.15656591929806307,
      0.15334061627564202,
      0.164256359569266,
      0.189079054604727,
      0.1350899096568347,
      0.033813660718930445,
      0.008306022299675735,
      0.00028611559069864227
    ]
  },
  "final_val_metrics": {
    "sbp": {
      "mae": 8.938019709165602,
      "rmse": 12.050111519189484,
      "me": -0.09140105190516319,
      "sd": 12.049817041331561,
      "pearson_r": 0.8078151960207258,
      "r2": 0.6515430554144045,
      "n": 115488,
      "aami_pass": false,
      "aami_margin": -4.049817041331561,
      "bhs": {
        "grade": "D",
        "pct5": 38.60141313383208,
        "pct10": 66.12115544472152,
        "pct15": 82.31158215572181
      }
    },
    "dbp": {
      "mae": 4.965730851371415,
      "rmse": 6.93592671629023,
      "me": -0.036228319608401345,
      "sd": 6.9358621287939055,
      "pearson_r": 0.8250644794566078,
      "r2": 0.6771633538810257,
      "n": 115488,
      "aami_pass": true,
      "aami_margin": 1.0641378712060945,
      "bhs": {
        "grade": "A",
        "pct5": 61.96747714048213,
        "pct10": 88.633451094486,
        "pct15": 96.60570795234136
      }
    },
    "sbp_sd": 12.049817041331561,
    "dbp_sd": 6.9358621287939055,
    "sbp_me_abs": 0.09140105190516319,
    "dbp_me_abs": 0.036228319608401345,
    "sbp_mae": 8.938019709165602,
    "dbp_mae": 4.965730851371415,
    "aami_margin": -4.049817041331561,
    "aami_pass_both": false,
    "error_signature": [
      0.021630528600946827,
      0.0650136444084081,
      0.08051508731549534,
      0.13583379105310422,
      0.108283420082128,
      0.0815700224064726,
      0.08324396899711418,
      0.11557206252887994,
      0.14125668052903687,
      0.08250289889188223,
      0.06561521896441992,
      0.01896267622211179,
      0.004222043052701847,
      0.015960536468221972,
      0.039628252143532126,
      0.12321083339835454,
      0.15763738978907124,
      0.13854716637623865,
      0.14840437982782387,
      0.1758433249239252,
      0.14377487060781816,
      0.04019176918342046,
      0.011937891752711384,
      0.0006415424761805682
    ]
  },
  "history": [
    {
      "epoch": 0,
      "train_loss": 0.31993877696155987,
      "val_aami_margin": -3.547789243367692,
      "val_sbp_mae": 8.468602768780082,
      "val_dbp_mae": 4.619042628827383
    },
    {
      "epoch": 1,
      "train_loss": 0.28978845292800787,
      "val_aami_margin": -3.453331550151006,
      "val_sbp_mae": 8.39809161021517,
      "val_dbp_mae": 4.572296958381886
    },
    {
      "epoch": 2,
      "train_loss": 0.27855777419929323,
      "val_aami_margin": -3.667326609417067,
      "val_sbp_mae": 8.588785676554359,
      "val_dbp_mae": 4.693663260640274
    },
    {
      "epoch": 3,
      "train_loss": 0.2703897338606203,
      "val_aami_margin": -3.741561823259694,
      "val_sbp_mae": 8.636658735002493,
      "val_dbp_mae": 4.666425667308577
    },
    {
      "epoch": 4,
      "train_loss": 0.2638075713270138,
      "val_aami_margin": -3.7027756915982373,
      "val_sbp_mae": 8.6253307219573,
      "val_dbp_mae": 4.708732458534239
    },
    {
      "epoch": 5,
      "train_loss": 0.25897219760427453,
      "val_aami_margin": -3.905636948184359,
      "val_sbp_mae": 8.776030326039248,
      "val_dbp_mae": 4.755887115033983
    },
    {
      "epoch": 6,
      "train_loss": 0.2554221716953542,
      "val_aami_margin": -3.6770391555527517,
      "val_sbp_mae": 8.60907145778631,
      "val_dbp_mae": 4.746721737204941
    },
    {
      "epoch": 7,
      "train_loss": 0.2518769524240922,
      "val_aami_margin": -3.983972155893893,
      "val_sbp_mae": 8.831029253748962,
      "val_dbp_mae": 4.852968634275217
    },
    {
      "epoch": 8,
      "train_loss": 0.24875406243148987,
      "val_aami_margin": -3.9692732721295148,
      "val_sbp_mae": 8.824709114461136,
      "val_dbp_mae": 4.79514483656316
    },
    {
      "epoch": 9,
      "train_loss": 0.2467149783598403,
      "val_aami_margin": -3.8512506406419966,
      "val_sbp_mae": 8.75355647799659,
      "val_dbp_mae": 4.834456775251168
    },
    {
      "epoch": 10,
      "train_loss": 0.24462141948086874,
      "val_aami_margin": -4.137619946697503,
      "val_sbp_mae": 8.955463822866214,
      "val_dbp_mae": 4.828416802205149
    },
    {
      "epoch": 11,
      "train_loss": 0.24266605338949354,
      "val_aami_margin": -4.092447147765656,
      "val_sbp_mae": 8.942144198485545,
      "val_dbp_mae": 4.939490039700652
    },
    {
      "epoch": 12,
      "train_loss": 0.2409991554607907,
      "val_aami_margin": -4.148966671796856,
      "val_sbp_mae": 8.977637990211479,
      "val_dbp_mae": 4.865421890360259
    },
    {
      "epoch": 13,
      "train_loss": 0.23970734969212504,
      "val_aami_margin": -3.9195743270626515,
      "val_sbp_mae": 8.836630426209096,
      "val_dbp_mae": 4.87697399249646
    },
    {
      "epoch": 14,
      "train_loss": 0.2385977953721953,
      "val_aami_margin": -4.030759685816969,
      "val_sbp_mae": 8.897584484114223,
      "val_dbp_mae": 4.946572503155585
    },
    {
      "epoch": 15,
      "train_loss": 0.23765732536892742,
      "val_aami_margin": -3.989042510598633,
      "val_sbp_mae": 8.864405532538266,
      "val_dbp_mae": 4.890692496732458
    },
    {
      "epoch": 16,
      "train_loss": 0.23666975012470823,
      "val_aami_margin": -4.195673543721917,
      "val_sbp_mae": 9.03542813718814,
      "val_dbp_mae": 4.977941598896076
    },
    {
      "epoch": 17,
      "train_loss": 0.23570094656834617,
      "val_aami_margin": -4.154824033137322,
      "val_sbp_mae": 9.026717186667161,
      "val_dbp_mae": 4.986096914880658
    },
    {
      "epoch": 18,
      "train_loss": 0.2347381893922336,
      "val_aami_margin": -4.103526913778364,
      "val_sbp_mae": 8.935076204923082,
      "val_dbp_mae": 4.93155117654097
    },
    {
      "epoch": 19,
      "train_loss": 0.23402076720477974,
      "val_aami_margin": -4.002361869799014,
      "val_sbp_mae": 8.88387373989109,
      "val_dbp_mae": 4.935928919953172
    },
    {
      "epoch": 20,
      "train_loss": 0.2331938166619272,
      "val_aami_margin": -4.146783306041813,
      "val_sbp_mae": 9.01269063808914,