{
  "name": "iter1_runet_attn_free_stable",
  "best_val_metrics": {
    "sbp": {
      "mae": 14.56701381915891,
      "rmse": 18.874080115448862,
      "me": -0.5084048383740607,
      "sd": 18.867296854818484,
      "pearson_r": 0.4677927839467474,
      "r2": 0.19313794577962362,
      "n": 144360,
      "aami_pass": false,
      "aami_margin": -10.867296854818484,
      "bhs": {
        "grade": "D",
        "pct5": 23.070795234136877,
        "pct10": 43.9159046827376,
        "pct15": 60.752978664449984
      }
    },
    "dbp": {
      "mae": 8.69676507652599,
      "rmse": 11.32463777211364,
      "me": -0.0450657573411572,
      "sd": 11.324587326931889,
      "pearson_r": 0.4301688866246289,
      "r2": 0.15212776178598397,
      "n": 144360,
      "aami_pass": false,
      "aami_margin": -3.324587326931889,
      "bhs": {
        "grade": "D",
        "pct5": 36.796203934607924,
        "pct10": 65.85411471321696,
        "pct15": 83.59102244389027
      }
    },
    "sbp_sd": 18.867296854818484,
    "dbp_sd": 11.324587326931889,
    "sbp_me_abs": 0.5084048383740607,
    "dbp_me_abs": 0.0450657573411572,
    "sbp_mae": 14.56701381915891,
    "dbp_mae": 8.69676507652599,
    "aami_margin": -10.867296854818484,
    "aami_pass_both": false,
    "error_signature": [
      0.07112096995621324,
      0.11453200190754202,
      0.08580326305293429,
      0.10543504963944565,
      0.0697192155956011,
      0.04894579401436437,
      0.04950216043584445,
      0.07247937108917758,
      0.11199583809014581,
      0.08982066214829694,
      0.11634561193080825,
      0.0643000621396263,
      0.018569817781922963,
      0.06439578490193076,
      0.08078009939167838,
      0.13282152651140777,
      0.10182078873004162,
      0.07594971950387683,
      0.07736960062363406,
      0.11457883820315436,
      0.15914500883945598,
      0.09743586174255607,
      0.06958113506967162,
      0.007551818700669571
    ]
  },
  "final_val_metrics": {
    "sbp": {
      "mae": 14.610347256978347,
      "rmse": 19.323343248070625,
      "me": -3.9888662759987072,
      "sd": 18.907221277730873,
      "pearson_r": 0.4682212596665559,
      "r2": 0.15426901872141352,
      "n": 144360,
      "aami_pass": false,
      "aami_margin": -10.907221277730873,
      "bhs": {
        "grade": "D",
        "pct5": 24.082155721806593,
        "pct10": 45.3816846771959,
        "pct15": 61.74147963424771
      }
    },
    "dbp": {
      "mae": 8.829589936471992,
      "rmse": 11.717057525031038,
      "me": -1.609094440928757,
      "sd": 11.606083974244955,
      "pearson_r": 0.422398142070896,
      "r2": 0.09234897931948671,
      "n": 144360,
      "aami_pass": false,
      "aami_margin": -3.606083974244955,
      "bhs": {
        "grade": "D",
        "pct5": 37.66902188972014,
        "pct10": 66.02105846494874,
        "pct15": 82.84635633139374
      }
    },
    "sbp_sd": 18.907221277730873,
    "dbp_sd": 11.606083974244955,
    "sbp_me_abs": 3.9888662759987072,
    "dbp_me_abs": 1.609094440928757,
    "sbp_mae": 14.610347256978347,
    "dbp_mae": 8.829589936471992,
    "aami_margin": -10.907221277730873,
    "aami_pass_both": false,
    "error_signature": [
      0.09333935162603106,
      0.12576533026594544,
      0.08862906689769146,
      0.11149615241811603,
      0.07418516442315393,
      0.05139088083052439,
      0.05164568757780706,
      0.07587416914799903,
      0.1123552151660976,
      0.08330724597587344,
      0.09262589273363958,
      0.039385842937120975,
      0.02364888411837685,
      0.08390370380696154,
      0.09137544084642514,
      0.14397730599272343,
      0.11032660969931835,
      0.07843232920250359,
      0.0794429652759385,
      0.11081450297614899,
      0.14129389297015488,
      0.07791655630985406,
      0.0510057571406666,
      0.007862051660928113
    ]
  },
  "history": [
    {
      "epoch": 0,
      "train_loss": 0.6683435636851947,
      "val_aami_margin": -12.854439400004711,
      "val_sbp_mae": 17.307697776858888,
      "val_dbp_mae": 9.06340976130654
    },
    {
      "epoch": 1,
      "train_loss": 0.63404227302897,
      "val_aami_margin": -18.656292410342054,
      "val_sbp_mae": 25.621585430405876,
      "val_dbp_mae": 13.155391071859249
    },
    {
      "epoch": 2,
      "train_loss": 0.6156899653516349,
      "val_aami_margin": -14.56881422484781,
      "val_sbp_mae": 19.102083795593863,
      "val_dbp_mae": 8.943841913514317
    },
    {
      "epoch": 3,
      "train_loss": 0.6014343235506711,
      "val_aami_margin": -14.45607043478359,
      "val_sbp_mae": 16.848190514443736,
      "val_dbp_mae": 11.49092600376633
    },
    {
      "epoch": 4,
      "train_loss": 0.5889234287794554,
      "val_aami_margin": -15.70848478664762,
      "val_sbp_mae": 22.86455855177855,
      "val_dbp_mae": 11.71613528337286
    },
    {
      "epoch": 5,
      "train_loss": 0.5778328841823598,
      "val_aami_margin": -23.810758236775666,
      "val_sbp_mae": 26.55871163864109,
      "val_dbp_mae": 11.791439516598805
    },
    {
      "epoch": 6,
      "train_loss": 0.5687189840278247,
      "val_aami_margin": -12.193282165954738,
      "val_sbp_mae": 16.097544865200728,
      "val_dbp_mae": 10.832579432017384
    },
    {
      "epoch": 7,
      "train_loss": 0.5603020180392051,
      "val_aami_margin": -11.946175945033747,
      "val_sbp_mae": 15.713695634494654,
      "val_dbp_mae": 9.905404659214552
    },
    {
      "epoch": 8,
      "train_loss": 0.5522592532308406,
      "val_aami_margin": -11.240472566061275,
      "val_sbp_mae": 14.855421738638587,
      "val_dbp_mae": 9.890393288799403
    },
    {
      "epoch": 9,
      "train_loss": 0.5461217927573381,
      "val_aami_margin": -20.415216129143772,
      "val_sbp_mae": 22.830505017590184,
      "val_dbp_mae": 10.502521972032277
    },
    {
      "epoch": 10,
      "train_loss": 0.5392841484063641,
      "val_aami_margin": -10.867296854818484,
      "val_sbp_mae": 14.56701381915891,
      "val_dbp_mae": 8.69676507652599
    },
    {
      "epoch": 11,
      "train_loss": 0.5343634608704038,
      "val_aami_margin": -10.88350554779398,
      "val_sbp_mae": 14.531075435446022,
      "val_dbp_mae": 9.58863188605433
    },
    {
      "epoch": 12,
      "train_loss": 0.5288769604261891,
      "val_aami_margin": -12.201402792180655,
      "val_sbp_mae": 15.499451453996425,
      "val_dbp_mae": 9.861735825794472
    },
    {
      "epoch": 13,
      "train_loss": 0.5243045610353924,
      "val_aami_margin": -13.931026514183454,
      "val_sbp_mae": 16.82120023924734,
      "val_dbp_mae": 8.915584949154987
    },
    {
      "epoch": 14,
      "train_loss": 0.5204882545731726,
      "val_aami_margin": -13.68870126366567,
      "val_sbp_mae": 16.48444470364779,
      "val_dbp_mae": 9.196835098828023
    },
    {
      "epoch": 15,
      "train_loss": 0.516109507915306,
      "val_aami_margin": -14.708912528199594,
      "val_sbp_mae": 17.8005137073872,
      "val_dbp_mae": 10.266996278261402
    },
    {
      "epoch": 16,
      "train_loss": 0.5123708288467183,
      "val_aami_margin": -18.9049102851724,
      "val_sbp_mae": 20.216510004572797,
      "val_dbp_mae": 9.199228833583492
    },
    {
      "epoch": 17,
      "train_loss": 0.5082930039272173,
      "val_aami_margin": -11.323390154569108,
      "val_sbp_mae": 14.726401855242578,
      "val_dbp_mae": 9.429062450210228
    },
    {
      "epoch": 18,
      "train_loss": 0.5050251333138558,
      "val_aami_margin": -11.91205616797319,
      "val_sbp_mae": 15.216327760619894,
      "val_dbp_mae": 9.281971724035412
    },
    {
      "epoch": 19,
      "train_loss": 0.5020400101747717,
      "val_aami_margin": -11.688225841735001,
      "val_sbp_mae": 15.84873900479998,
      "val_dbp_mae": 9.135761799844722
    },
    {
      "epoch": 20,
      "train_loss": 0.4991761276492863,
      "val_aami_margin": -17.43920174878769,
      "val_sbp_mae": 18.7582381110608,