{
  "name": "lever_wavelet_net_ext_s2",
  "best_val_metrics": {
    "sbp": {
      "mae": 8.782151696539456,
      "rmse": 11.812826333185143,
      "me": -0.1000997376558895,
      "sd": 11.812453353689563,
      "pearson_r": 0.8107241561582511,
      "r2": 0.6571510529052468,
      "n": 115488,
      "aami_pass": false,
      "aami_margin": -3.8124533536895626,
      "bhs": {
        "grade": "D",
        "pct5": 38.83520365752286,
        "pct10": 67.09874619008035,
        "pct15": 83.01555139927957
      }
    },
    "dbp": {
      "mae": 4.599406243071761,
      "rmse": 6.425926113529689,
      "me": -0.04659984064386025,
      "sd": 6.425784964024744,
      "pearson_r": 0.861282091738359,
      "r2": 0.7413926651004312,
      "n": 115488,
      "aami_pass": true,
      "aami_margin": 1.5742150359752562,
      "bhs": {
        "grade": "A",
        "pct5": 65.4371016902189,
        "pct10": 90.57824189526184,
        "pct15": 97.2785051260737
      }
    },
    "sbp_sd": 11.812453353689563,
    "dbp_sd": 6.425784964024744,
    "sbp_me_abs": 0.1000997376558895,
    "dbp_me_abs": 0.04659984064386025,
    "sbp_mae": 8.782151696539456,
    "dbp_mae": 4.599406243071761,
    "aami_margin": -3.8124533536895626,
    "aami_pass_both": false,
    "error_signature": [
      0.020052135552436335,
      0.06431504520448819,
      0.07866539960418828,
      0.13873462306344322,
      0.11045239361470258,
      0.08073164139806976,
      0.08207426264810246,
      0.11775834561163373,
      0.14584005370485,
      0.08159475505880506,
      0.06253650796418514,
      0.01724483657509525,
      0.002903902498222985,
      0.013340614760493056,
      0.03415336072536884,
      0.11788110469652052,
      0.16372809070577835,
      0.15333472027183995,
      0.15558849534508765,
      0.18243442381373415,
      0.13380489242558208,
      0.032922452800748944,
      0.009353166553977913,
      0.0005547754026455852
    ]
  },
  "final_val_metrics": {
    "sbp": {
      "mae": 9.229377544329306,
      "rmse": 12.355615235408544,
      "me": -0.1323663723930899,
      "sd": 12.354959681367768,
      "pearson_r": 0.791333168097366,
      "r2": 0.6249199780857108,
      "n": 115488,
      "aami_pass": false,
      "aami_margin": -4.3549596813677685,
      "bhs": {
        "grade": "D",
        "pct5": 36.766590468273755,
        "pct10": 64.6569340537545,
        "pct15": 81.46647270712108
      }
    },
    "dbp": {
      "mae": 4.877748987309939,
      "rmse": 6.754935798919779,
      "me": -0.06853230881222105,
      "sd": 6.754617386027187,
      "pearson_r": 0.8461071947650446,
      "r2": 0.7142331584678211,
      "n": 115488,
      "aami_pass": true,
      "aami_margin": 1.2453826139728132,
      "bhs": {
        "grade": "A",
        "pct5": 62.850685785536164,
        "pct10": 89.13480188417844,
        "pct15": 96.76589775561098
      }
    },
    "sbp_sd": 12.354959681367768,
    "dbp_sd": 6.754617386027187,
    "sbp_me_abs": 0.1323663723930899,
    "dbp_me_abs": 0.06853230881222105,
    "sbp_mae": 9.229377544329306,
    "dbp_mae": 4.877748987309939,
    "aami_margin": -4.3549596813677685,
    "aami_pass_both": false,
    "error_signature": [
      0.023880180148727437,
      0.06756450092518242,
      0.08232377893377091,
      0.13794818978458961,
      0.10696330691617498,
      0.07624899626435779,
      0.07754948853122927,
      0.10984359180253465,
      0.14318507139615264,
      0.08711552560835108,
      0.06819292671856998,
      0.01918444297035925,
      0.0029301361906495715,
      0.01651452497984448,
      0.03790105155479268,
      0.12444409768276508,
      0.16158227354295077,
      0.1412100248801505,
      0.14782450391407245,
      0.17862561008382963,
      0.13870467174672527,
      0.03849921545170043,
      0.010940330984022955,
      0.0008235589884961812
    ]
  },
  "history": [
    {
      "epoch": 0,
      "train_loss": 0.338884823862391,
      "val_aami_margin": -3.9720251485959306,
      "val_sbp_mae": 8.876492834856629,
      "val_dbp_mae": 4.634085300220692
    },
    {
      "epoch": 1,
      "train_loss": 0.2932701150326352,
      "val_aami_margin": -3.8124533536895626,
      "val_sbp_mae": 8.782151696539456,
      "val_dbp_mae": 4.599406243071761
    },
    {
      "epoch": 2,
      "train_loss": 0.2813961406273574,
      "val_aami_margin": -3.9380623373960315,
      "val_sbp_mae": 8.888414691147604,
      "val_dbp_mae": 4.663938381375561
    },
    {
      "epoch": 3,
      "train_loss": 0.2731610073042354,
      "val_aami_margin": -4.0824977769003326,
      "val_sbp_mae": 9.00017733656793,
      "val_dbp_mae": 4.754414756739836
    },
    {
      "epoch": 4,
      "train_loss": 0.2673355444900796,
      "val_aami_margin": -4.071343992583053,
      "val_sbp_mae": 9.000494152185889,
      "val_dbp_mae": 4.789555609362735
    },
    {
      "epoch": 5,
      "train_loss": 0.26329160545850744,
      "val_aami_margin": -4.225853541298568,
      "val_sbp_mae": 9.116344639417447,
      "val_dbp_mae": 4.8213570698960275
    },
    {
      "epoch": 6,
      "train_loss": 0.2597429564380202,
      "val_aami_margin": -4.150509975730918,
      "val_sbp_mae": 9.07304366889808,
      "val_dbp_mae": 4.765339140949602
    },
    {
      "epoch": 7,
      "train_loss": 0.2567087480432771,
      "val_aami_margin": -4.190370139165713,
      "val_sbp_mae": 9.087043303639595,
      "val_dbp_mae": 4.8973400543514725
    },
    {
      "epoch": 8,
      "train_loss": 0.2542794593306929,
      "val_aami_margin": -4.477462979434865,
      "val_sbp_mae": 9.327690506788848,
      "val_dbp_mae": 4.8969210541584545
    },
    {
      "epoch": 9,
      "train_loss": 0.2520747765259588,
      "val_aami_margin": -4.0993887008285395,
      "val_sbp_mae": 9.009119897016285,
      "val_dbp_mae": 4.746040980351615
    },
    {
      "epoch": 10,
      "train_loss": 0.25032413317129854,
      "val_aami_margin": -4.307616513229805,
      "val_sbp_mae": 9.189974393616179,
      "val_dbp_mae": 4.93090716120129
    },
    {
      "epoch": 11,
      "train_loss": 0.24874806601711458,
      "val_aami_margin": -4.324089715404101,
      "val_sbp_mae": 9.194938908366396,
      "val_dbp_mae": 4.92610190668373
    },
    {
      "epoch": 12,
      "train_loss": 0.2474762127852078,
      "val_aami_margin": -4.325970884535771,
      "val_sbp_mae": 9.187904077832771,
      "val_dbp_mae": 4.888637512739502
    },
    {
      "epoch": 13,
      "train_loss": 0.24595894019546655,
      "val_aami_margin": -4.311334221292283,
      "val_sbp_mae": 9.179862306919977,
      "val_dbp_mae": 4.913268372479086
    },
    {
      "epoch": 14,
      "train_loss": 0.24494974558261998,
      "val_aami_margin": -4.361036921571182,
      "val_sbp_mae": 9.225599482227539,
      "val_dbp_mae": 4.909227183601233
    },
    {
      "epoch": 15,
      "train_loss": 0.24369025397701036,
      "val_aami_margin": -4.373245296286742,
      "val_sbp_mae": 9.249321518457212,
      "val_dbp_mae": 4.941749666056907
    },
    {
      "epoch": 16,
      "train_loss": 0.24268529873709185,
      "val_aami_margin": -4.280555993971518,
      "val_sbp_mae": 9.169695815062715,
      "val_dbp_mae": 4.8550517671486775
    },
    {
      "epoch": 17,
      "train_loss": 0.24179958770528254,
      "val_aami_margin": -4.448140069982319,
      "val_sbp_mae": 9.312252021530085,
      "val_dbp_mae": 4.962051522620401
    },
    {
      "epoch": 18,
      "train_loss": 0.2409261037805822,
      "val_aami_margin": -4.328800525586555,
      "val_sbp_mae": 9.203999539635497,
      "val_dbp_mae": 4.947412331643852
    },
    {
      "epoch": 19,
      "train_loss": 0.2402864581899422,
      "val_aami_margin": -4.423151402635353,
      "val_sbp_mae": 9.294689281027331,
      "val_dbp_mae": 4.902783952991171
    },
    {
      "epoch": 20,
      "train_loss": 0.2398193351041712,
      "val_aami_margin": -4.326880825128347,
      "val_sbp_mae": 9.207582247455829,