{
  "name": "lever_wavelet_net_vpg_s0",
  "best_val_metrics": {
    "sbp": {
      "mae": 8.7178378215552,
      "rmse": 11.697773808509602,
      "me": -0.05527333008288193,
      "sd": 11.697693866090471,
      "pearson_r": 0.83026352757848,
      "r2": 0.6889552723177546,
      "n": 115488,
      "aami_pass": false,
      "aami_margin": -3.6976938660904715,
      "bhs": {
        "grade": "D",
        "pct5": 39.238708783596564,
        "pct10": 66.91864089775561,
        "pct15": 83.18180243834857
      }
    },
    "dbp": {
      "mae": 4.617710515368628,
      "rmse": 6.4596124648285524,
      "me": -0.06557372972778748,
      "sd": 6.459307590940161,
      "pearson_r": 0.8515374981106999,
      "r2": 0.7248468668127324,
      "n": 115488,
      "aami_pass": true,
      "aami_margin": 1.5406924090598393,
      "bhs": {
        "grade": "A",
        "pct5": 65.59642560266002,
        "pct10": 90.04745081740094,
        "pct15": 97.0689595455805
      }
    },
    "sbp_sd": 11.697693866090471,
    "dbp_sd": 6.459307590940161,
    "sbp_me_abs": 0.05527333008288193,
    "dbp_me_abs": 0.06557372972778748,
    "sbp_mae": 8.7178378215552,
    "dbp_mae": 4.617710515368628,
    "aami_margin": -3.6976938660904715,
    "aami_pass_both": false,
    "error_signature": [
      0.020944687222522067,
      0.06153698835245573,
      0.07953061615335062,
      0.1374636558316068,
      0.11116527673799119,
      0.08348277242892212,
      0.08441422776259205,
      0.11542211466476313,
      0.1408151539948117,
      0.08397026307084283,
      0.06366105472082456,
      0.017593189059317164,
      0.003188908145580589,
      0.01613518197573657,
      0.036819757365684574,
      0.11304159445407279,
      0.1563951473136915,
      0.15268630849220105,
      0.16194107452339687,
      0.1854419410745234,
      0.13165511265164645,
      0.03344887348353553,
      0.008570190641247834,
      0.0006759098786828422
    ]
  },
  "final_val_metrics": {
    "sbp": {
      "mae": 9.176333013168692,
      "rmse": 12.203052550318612,
      "me": -0.10671297331448965,
      "sd": 12.202638781699973,
      "pearson_r": 0.8154513179843211,
      "r2": 0.6615041345748548,
      "n": 115488,
      "aami_pass": false,
      "aami_margin": -4.202638781699973,
      "bhs": {
        "grade": "D",
        "pct5": 36.92071903574397,
        "pct10": 64.33049321141591,
        "pct15": 81.33832086450539
      }
    },
    "dbp": {
      "mae": 5.001643937977036,
      "rmse": 6.872492074396381,
      "me": -0.09595810046919107,
      "sd": 6.871851879193694,
      "pearson_r": 0.8320736029169306,
      "r2": 0.6885487845573619,
      "n": 115488,
      "aami_pass": true,
      "aami_margin": 1.1281481208063058,
      "bhs": {
        "grade": "A",
        "pct5": 61.53279994458298,
        "pct10": 88.14162510390689,
        "pct15": 96.39876004433361
      }
    },
    "sbp_sd": 12.202638781699973,
    "dbp_sd": 6.871851879193694,
    "sbp_me_abs": 0.10671297331448965,
    "dbp_me_abs": 0.09595810046919107,
    "sbp_mae": 9.176333013168692,
    "dbp_mae": 5.001643937977036,
    "aami_margin": -4.202638781699973,
    "aami_pass_both": false,
    "error_signature": [
      0.02243559025206277,
      0.06894478666585346,
      0.08454078921000584,
      0.13758462356129056,
      0.10912845355614996,
      0.07881644637676108,
      0.07683862929434623,
      0.10672370679515217,
      0.1382206616538733,
      0.08659702194767062,
      0.06946755770085299,
      0.020701732985981023,
      0.003215434083601286,
      0.018451911493226787,
      0.04207798511020012,
      0.12589594473960183,
      0.15840563004307467,
      0.1387316802593148,
      0.1442611868505213,
      0.17450013433754258,
      0.14043906709076884,
      0.040569937858052886,
      0.012697064508021251,
      0.0007540236260736169
    ]
  },
  "history": [
    {
      "epoch": 0,
      "train_loss": 0.3131341680588749,
      "val_aami_margin": -3.6976938660904715,
      "val_sbp_mae": 8.7178378215552,
      "val_dbp_mae": 4.617710515368628
    },
    {
      "epoch": 1,
      "train_loss": 0.28682625111410043,
      "val_aami_margin": -3.7580962112567455,
      "val_sbp_mae": 8.76825611944042,
      "val_dbp_mae": 4.662812183279918
    },
    {
      "epoch": 2,
      "train_loss": 0.27599388060410696,
      "val_aami_margin": -3.881661749924991,
      "val_sbp_mae": 8.881797959709727,
      "val_dbp_mae": 4.683600325256826
    },
    {
      "epoch": 3,
      "train_loss": 0.26848642366378755,
      "val_aami_margin": -3.959262877699892,
      "val_sbp_mae": 8.939815977710937,
      "val_dbp_mae": 4.7482790912761
    },
    {
      "epoch": 4,
      "train_loss": 0.2623147969448446,
      "val_aami_margin": -3.9651856183875385,
      "val_sbp_mae": 8.94792398341734,
      "val_dbp_mae": 4.753098786457628
    },
    {
      "epoch": 5,
      "train_loss": 0.2573040356333367,
      "val_aami_margin": -4.088456881001523,
      "val_sbp_mae": 9.067146848069424,
      "val_dbp_mae": 4.83915136937324
    },
    {
      "epoch": 6,
      "train_loss": 0.25319133752117423,
      "val_aami_margin": -4.1038396244629425,
      "val_sbp_mae": 9.077071276453228,
      "val_dbp_mae": 4.819384256489248
    },
    {
      "epoch": 7,
      "train_loss": 0.2501877971347758,
      "val_aami_margin": -4.057392843982717,
      "val_sbp_mae": 9.039265419812242,
      "val_dbp_mae": 4.91208920386493
    },
    {
      "epoch": 8,
      "train_loss": 0.24759964865214226,
      "val_aami_margin": -4.039499998760691,
      "val_sbp_mae": 9.012807889495486,
      "val_dbp_mae": 4.8280100291168395
    },
    {
      "epoch": 9,
      "train_loss": 0.24527774239232478,
      "val_aami_margin": -4.156475559486829,
      "val_sbp_mae": 9.145898326667753,
      "val_dbp_mae": 4.881396954540195
    },
    {
      "epoch": 10,
      "train_loss": 0.24326848640838114,
      "val_aami_margin": -4.180323015797239,
      "val_sbp_mae": 9.150427111747774,
      "val_dbp_mae": 4.928858581843277
    },
    {
      "epoch": 11,
      "train_loss": 0.24157640143401551,
      "val_aami_margin": -4.253237708719649,
      "val_sbp_mae": 9.186711753106717,
      "val_dbp_mae": 4.963688774803503
    },
    {
      "epoch": 12,
      "train_loss": 0.24042543769460764,
      "val_aami_margin": -4.215427971867285,
      "val_sbp_mae": 9.186555196029468,
      "val_dbp_mae": 4.971324727160096
    },
    {
      "epoch": 13,
      "train_loss": 0.23942799756377126,
      "val_aami_margin": -4.239828311002773,
      "val_sbp_mae": 9.222848697356838,
      "val_dbp_mae": 5.000328403807383
    },
    {
      "epoch": 14,
      "train_loss": 0.23792550332904536,
      "val_aami_margin": -4.203880810270993,
      "val_sbp_mae": 9.181325751851062,
      "val_dbp_mae": 4.9321687734779
    },
    {
      "epoch": 15,
      "train_loss": 0.2369135441668319,
      "val_aami_margin": -4.075654170947288,
      "val_sbp_mae": 9.078211047979815,
      "val_dbp_mae": 4.896363613267493
    },
    {
      "epoch": 16,
      "train_loss": 0.23588431061096973,
      "val_aami_margin": -4.14953981054863,
      "val_sbp_mae": 9.153796836460156,
      "val_dbp_mae": 4.981968411571405
    },
    {
      "epoch": 17,
      "train_loss": 0.2349562987141872,
      "val_aami_margin": -4.371434174993947,
      "val_sbp_mae": 9.297007430068273,
      "val_dbp_mae": 5.009556130028021
    },
    {
      "epoch": 18,
      "train_loss": 0.23444979597482954,
      "val_aami_margin": -4.259520769852871,
      "val_sbp_mae": 9.238790504373643,
      "val_dbp_mae": 4.983982929445225
    },
    {
      "epoch": 19,
      "train_loss": 0.2338063056451392,
      "val_aami_margin": -4.163723307600261,
      "val_sbp_mae": 9.15905433286317,
      "val_dbp_mae": 4.940244427332966
    },
    {
      "epoch": 20,
      "train_loss": 0.23320541467679046,
      "val_aami_margin": -4.145522216318147,
      "val_sbp_mae": 9.167594815546181,