{
  "name": "lever_wavelet_net_raw_s0",
  "best_val_metrics": {
    "sbp": {
      "mae": 8.73926433099472,
      "rmse": 11.758585841129245,
      "me": -0.046760842663567725,
      "sd": 11.758543771083191,
      "pearson_r": 0.8282020426916049,
      "r2": 0.6857128727183597,
      "n": 115488,
      "aami_pass": false,
      "aami_margin": -3.7585437710831915,
      "bhs": {
        "grade": "D",
        "pct5": 39.212732058742034,
        "pct10": 67.07536713771127,
        "pct15": 83.16708229426433
      }
    },
    "dbp": {
      "mae": 4.606656553758222,
      "rmse": 6.444873135141296,
      "me": -0.052359093425706674,
      "sd": 6.44468834720242,
      "pearson_r": 0.8522479692748032,
      "r2": 0.7261011048435217,
      "n": 115488,
      "aami_pass": true,
      "aami_margin": 1.55531165279758,
      "bhs": {
        "grade": "A",
        "pct5": 65.5029093931837,
        "pct10": 90.18512745912996,
        "pct15": 97.15035328345803
      }
    },
    "sbp_sd": 11.758543771083191,
    "dbp_sd": 6.44468834720242,
    "sbp_me_abs": 0.046760842663567725,
    "dbp_me_abs": 0.052359093425706674,
    "sbp_mae": 8.73926433099472,
    "dbp_mae": 4.606656553758222,
    "aami_margin": -3.7585437710831915,
    "aami_pass_both": false,
    "error_signature": [
      0.020777252175731124,
      0.06131249509970468,
      0.07878803718126301,
      0.13803587451759314,
      0.11332096281002535,
      0.08367526505152932,
      0.0816106072881548,
      0.11590831874134282,
      0.1422871529501956,
      0.0831090087029245,
      0.0636733484915802,
      0.017501676989955483,
      0.003240901213171577,
      0.015502599653379549,
      0.03614384748700173,
      0.11415077989601387,
      0.1555632582322357,
      0.15290294627383016,
      0.16260831889081456,
      0.18445407279029463,
      0.13285961871750435,
      0.03356152512998267,
      0.00850953206239168,
      0.0005025996533795494
    ]
  },
  "final_val_metrics": {
    "sbp": {
      "mae": 9.125183171929184,
      "rmse": 12.088682466038323,
      "me": -0.052161869023614915,
      "sd": 12.088622265248064,
      "pearson_r": 0.8174803410010033,
      "r2": 0.6678193385370653,
      "n": 115488,
      "aami_pass": false,
      "aami_margin": -4.088622265248064,
      "bhs": {
        "grade": "D",
        "pct5": 36.981331393737875,
        "pct10": 64.43093654752009,
        "pct15": 81.4153851482405
      }
    },
    "dbp": {
      "mae": 4.957379378778406,
      "rmse": 6.816895604758915,
      "me": -0.06457947405837917,
      "sd": 6.816619215206345,
      "pearson_r": 0.8334150321233614,
      "r2": 0.6935675023124667,
      "n": 115488,
      "aami_pass": true,
      "aami_margin": 1.1833807847936546,
      "bhs": {
        "grade": "A",
        "pct5": 61.72762538099197,
        "pct10": 88.49057910778609,
        "pct15": 96.53730257689111
      }
    },
    "sbp_sd": 12.088622265248064,
    "dbp_sd": 6.816619215206345,
    "sbp_me_abs": 0.052161869023614915,
    "dbp_me_abs": 0.06457947405837917,
    "sbp_mae": 9.125183171929184,
    "dbp_mae": 4.957379378778406,
    "aami_margin": -4.088622265248064,
    "aami_pass_both": false,
    "error_signature": [
      0.022001845821651836,
      0.0704198373587337,
      0.0833492956274923,
      0.13283821199087537,
      0.10654396015811378,
      0.07820363243770352,
      0.07876086161561635,
      0.10834624828042558,
      0.14317307189997736,
      0.08743274069688474,
      0.06974071429815244,
      0.01918957981437303,
      0.0032844279982321284,
      0.017739377605227355,
      0.041544981064709295,
      0.1253542242597038,
      0.15560735919856492,
      0.14040713041518982,
      0.1463260336415554,
      0.17544391774197743,
      0.14249564531644035,
      0.03898850016898772,
      0.011959130969816193,
      0.0008492716195956427
    ]
  },
  "history": [
    {
      "epoch": 0,
      "train_loss": 0.341570814257911,
      "val_aami_margin": -3.9752600885979756,
      "val_sbp_mae": 8.940395506118115,
      "val_dbp_mae": 4.703824227788249
    },
    {
      "epoch": 1,
      "train_loss": 0.3030127623908789,
      "val_aami_margin": -3.7585437710831915,
      "val_sbp_mae": 8.73926433099472,
      "val_dbp_mae": 4.606656553758222
    },
    {
      "epoch": 2,
      "train_loss": 0.29380122204319964,
      "val_aami_margin": -3.9159256058027854,
      "val_sbp_mae": 8.851319472629426,
      "val_dbp_mae": 4.6336043603767445
    },
    {
      "epoch": 3,
      "train_loss": 0.28672939003551007,
      "val_aami_margin": -3.865432010864641,
      "val_sbp_mae": 8.839277324906588,
      "val_dbp_mae": 4.673098792246779
    },
    {
      "epoch": 4,
      "train_loss": 0.2808137401570162,
      "val_aami_margin": -3.9313401290753944,
      "val_sbp_mae": 8.889654466845569,
      "val_dbp_mae": 4.676476028107729
    },
    {
      "epoch": 5,
      "train_loss": 0.2764003312777326,
      "val_aami_margin": -3.758783809011925,
      "val_sbp_mae": 8.77071674907178,
      "val_dbp_mae": 4.636909924553392
    },
    {
      "epoch": 6,
      "train_loss": 0.27294734332582105,
      "val_aami_margin": -3.8738785264106568,
      "val_sbp_mae": 8.850765831553932,
      "val_dbp_mae": 4.668541477742429
    },
    {
      "epoch": 7,
      "train_loss": 0.2701092848446289,
      "val_aami_margin": -3.9013520571941527,
      "val_sbp_mae": 8.887889918324703,
      "val_dbp_mae": 4.7048278841044535
    },
    {
      "epoch": 8,
      "train_loss": 0.26679618028253166,
      "val_aami_margin": -4.0242159117064205,
      "val_sbp_mae": 8.994061414014585,
      "val_dbp_mae": 4.7625184548616115
    },
    {
      "epoch": 9,
      "train_loss": 0.26477587805194097,
      "val_aami_margin": -3.9938182976833225,
      "val_sbp_mae": 8.958825389053501,
      "val_dbp_mae": 4.765222192404612
    },
    {
      "epoch": 10,
      "train_loss": 0.26274622464991193,
      "val_aami_margin": -4.035670947451356,
      "val_sbp_mae": 9.037381079623431,
      "val_dbp_mae": 4.775615284030601
    },
    {
      "epoch": 11,
      "train_loss": 0.26090331998696337,
      "val_aami_margin": -3.9274001335464135,
      "val_sbp_mae": 8.942295738540839,
      "val_dbp_mae": 4.787631007243146
    },
    {
      "epoch": 12,
      "train_loss": 0.25910683217029357,
      "val_aami_margin": -3.9496109600603226,
      "val_sbp_mae": 8.982009704905778,
      "val_dbp_mae": 4.793420100481217
    },
    {
      "epoch": 13,
      "train_loss": 0.2579442925629827,
      "val_aami_margin": -3.9983259220815732,
      "val_sbp_mae": 9.010061823465811,
      "val_dbp_mae": 4.847594728444201
    },
    {
      "epoch": 14,
      "train_loss": 0.2566718995128544,
      "val_aami_margin": -3.972031753683824,
      "val_sbp_mae": 8.994535564495067,
      "val_dbp_mae": 4.804629041650509
    },
    {
      "epoch": 15,
      "train_loss": 0.2552408037048069,
      "val_aami_margin": -4.082055717485318,
      "val_sbp_mae": 9.094394867209772,
      "val_dbp_mae": 4.85943559446377
    },
    {
      "epoch": 16,
      "train_loss": 0.2540061799878492,
      "val_aami_margin": -3.9383580978643256,
      "val_sbp_mae": 8.968740315633598,
      "val_dbp_mae": 4.867273274415135
    },
    {
      "epoch": 17,
      "train_loss": 0.25336470246433906,
      "val_aami_margin": -4.120858041127942,
      "val_sbp_mae": 9.123979689570115,
      "val_dbp_mae": 4.849710275784396
    },
    {
      "epoch": 18,
      "train_loss": 0.2522723895492356,
      "val_aami_margin": -4.04664833196836,
      "val_sbp_mae": 9.05636743066942,
      "val_dbp_mae": 4.864670160648536
    },
    {
      "epoch": 19,
      "train_loss": 0.25147307580674444,
      "val_aami_margin": -4.086025553513025,
      "val_sbp_mae": 9.092484405237883,
      "val_dbp_mae": 4.9029927049780575
    },
    {
      "epoch": 20,
      "train_loss": 0.2507835171343045,
      "val_aami_margin": -4.022226079362161,
      "val_sbp_mae": 9.056064256885557,