{
  "name": "lever_resunet_sa_equal_s1",
  "best_val_metrics": {
    "sbp": {
      "mae": 8.454565176780946,
      "rmse": 11.495928750983433,
      "me": -0.025023438740989005,
      "sd": 11.49595128772051,
      "pearson_r": 0.8265261193997122,
      "r2": 0.6828570081720219,
      "n": 115488,
      "aami_pass": false,
      "aami_margin": -3.4959512877205103,
      "bhs": {
        "grade": "D",
        "pct5": 40.78172623995567,
        "pct10": 68.78203796065392,
        "pct15": 84.35768218343031
      }
    },
    "dbp": {
      "mae": 4.7117944604422455,
      "rmse": 6.686028027599828,
      "me": -0.0005455544641412895,
      "sd": 6.686056952381874,
      "pearson_r": 0.8366673496123933,
      "r2": 0.7000076218317677,
      "n": 115488,
      "aami_pass": true,
      "aami_margin": 1.3139430476181264,
      "bhs": {
        "grade": "A",
        "pct5": 64.53657522859518,
        "pct10": 89.98510667775007,
        "pct15": 97.10272928789139
      }
    },
    "sbp_sd": 11.49595128772051,
    "dbp_sd": 6.686056952381874,
    "sbp_me_abs": 0.025023438740989005,
    "dbp_me_abs": 0.0005455544641412895,
    "sbp_mae": 8.454565176780946,
    "dbp_mae": 4.7117944604422455,
    "aami_margin": -3.4959512877205103,
    "aami_pass_both": false,
    "error_signature": [
      0.018849845821501367,
      0.057655789968815874,
      0.07681921917736625,
      0.13467535408790787,
      0.11518963084266824,
      0.08690615146077595,
      0.08631382728523894,
      0.12184456716781937,
      0.14700092332886186,
      0.07986794655145381,
      0.05984216302851867,
      0.015034581279071793,
      0.004014288439196102,
      0.013932962250082366,
      0.03572976815966984,
      0.11543463559277949,
      0.15287242712722607,
      0.14848532140318021,
      0.15939239452738907,
      0.18545492378921083,
      0.13938164351731433,
      0.03553902443253741,
      0.009233730427092546,
      0.0005288803343217326
    ]
  },
  "final_val_metrics": {
    "sbp": {
      "mae": 9.968480372827807,
      "rmse": 13.237771181226805,
      "me": -0.008369291310765855,
      "sd": 13.237825848259867,
      "pearson_r": 0.7726668953170218,
      "r2": 0.5794702434783667,
      "n": 115488,
      "aami_pass": false,
      "aami_margin": -5.237825848259867,
      "bhs": {
        "grade": "D",
        "pct5": 33.904821280133,
        "pct10": 60.63746882793018,
        "pct15": 78.28692158492657
      }
    },
    "dbp": {
      "mae": 5.849977990070556,
      "rmse": 7.93330235906298,
      "me": 0.025743809525067034,
      "sd": 7.933294936138168,
      "pearson_r": 0.7760119405789354,
      "r2": 0.577640906929116,
      "n": 115488,
      "aami_pass": true,
      "aami_margin": 0.06670506386183206,
      "bhs": {
        "grade": "B",
        "pct5": 54.024660570795234,
        "pct10": 83.33679689664727,
        "pct15": 94.46176226101413
      }
    },
    "sbp_sd": 13.237825848259867,
    "dbp_sd": 7.933294936138168,
    "sbp_me_abs": 0.008369291310765855,
    "dbp_me_abs": 0.025743809525067034,
    "sbp_mae": 9.968480372827807,
    "dbp_mae": 5.849977990070556,
    "aami_margin": -5.237825848259867,
    "aami_pass_both": false,
    "error_signature": [
      0.027026082092161386,
      0.0785784210894343,
      0.0876774351443955,
      0.1316603734004615,
      0.09876931683099084,
      0.06879763652891406,
      0.07204041675407315,
      0.10264142367666597,
      0.1381896370883155,
      0.0904831829941962,
      0.07839486749178379,
      0.02574120690860779,
      0.004743199535218474,
      0.02558032656105027,
      0.05175030132757559,
      0.1381424347268108,
      0.14690911613468258,
      0.11616936777572558,
      0.12044431726541974,
      0.1574967699418156,
      0.15539831603409554,
      0.059658524318652824,
      0.02209446511103596,
      0.0016128612679170678
    ]
  },
  "history": [
    {
      "epoch": 0,
      "train_loss": 0.3343449011667993,
      "val_aami_margin": -3.4959512877205103,
      "val_sbp_mae": 8.454565176780946,
      "val_dbp_mae": 4.7117944604422455
    },
    {
      "epoch": 1,
      "train_loss": 0.29570774488282364,
      "val_aami_margin": -3.7775257325517835,
      "val_sbp_mae": 8.729796044078839,
      "val_dbp_mae": 4.806726742718267
    },
    {
      "epoch": 2,
      "train_loss": 0.262668845213716,
      "val_aami_margin": -4.144702525481431,
      "val_sbp_mae": 8.99996165099254,
      "val_dbp_mae": 4.985235394693958
    },
    {
      "epoch": 3,
      "train_loss": 0.23385313058472865,
      "val_aami_margin": -4.3859906147144905,
      "val_sbp_mae": 9.179427185159863,
      "val_dbp_mae": 5.155641304055602
    },
    {
      "epoch": 4,
      "train_loss": 0.21272845775017807,
      "val_aami_margin": -4.612901939809607,
      "val_sbp_mae": 9.380055305905511,
      "val_dbp_mae": 5.242615446883392
    },
    {
      "epoch": 5,
      "train_loss": 0.19839899485267531,
      "val_aami_margin": -4.611602237712077,
      "val_sbp_mae": 9.347411486769047,
      "val_dbp_mae": 5.156302740871847
    },
    {
      "epoch": 6,
      "train_loss": 0.18670336060472859,
      "val_aami_margin": -4.790291728781241,
      "val_sbp_mae": 9.514324833061986,
      "val_dbp_mae": 5.406222945407632
    },
    {
      "epoch": 7,
      "train_loss": 0.1777889540832468,
      "val_aami_margin": -4.8019419341591725,
      "val_sbp_mae": 9.537782891678813,
      "val_dbp_mae": 5.407259613241703
    },
    {
      "epoch": 8,
      "train_loss": 0.17055705518676556,
      "val_aami_margin": -4.999520145721501,
      "val_sbp_mae": 9.699924349956142,
      "val_dbp_mae": 5.486986761689238
    },
    {
      "epoch": 9,
      "train_loss": 0.16465648467896402,
      "val_aami_margin": -4.856623204463531,
      "val_sbp_mae": 9.590773634570569,
      "val_dbp_mae": 5.444119578687759
    },
    {
      "epoch": 10,
      "train_loss": 0.1593705484492676,
      "val_aami_margin": -5.022812915468268,
      "val_sbp_mae": 9.73226187566894,
      "val_dbp_mae": 5.509907520057347
    },
    {
      "epoch": 11,
      "train_loss": 0.1551643044440191,
      "val_aami_margin": -5.152171592863967,
      "val_sbp_mae": 9.858694925317964,
      "val_dbp_mae": 5.609507378021898
    },
    {
      "epoch": 12,
      "train_loss": 0.15118510544772398,
      "val_aami_margin": -5.154179534971632,
      "val_sbp_mae": 9.864419659010116,
      "val_dbp_mae": 5.579453639598599
    },
    {
      "epoch": 13,
      "train_loss": 0.14825185016912354,
      "val_aami_margin": -5.199167424190117,
      "val_sbp_mae": 9.86334326816194,
      "val_dbp_mae": 5.644973300833053
    },
    {
      "epoch": 14,
      "train_loss": 0.14503524463430129,
      "val_aami_margin": -5.0629055085300685,
      "val_sbp_mae": 9.787955539231836,
      "val_dbp_mae": 5.726204110059955
    },
    {
      "epoch": 15,
      "train_loss": 0.14277760237438852,
      "val_aami_margin": -5.256452875257311,
      "val_sbp_mae": 9.950871200086377,
      "val_dbp_mae": 5.688401761479086
    },
    {
      "epoch": 16,
      "train_loss": 0.14058504543375258,
      "val_aami_margin": -5.232063301259526,
      "val_sbp_mae": 9.889757314012424,
      "val_dbp_mae": 5.647841827533327
    },
    {
      "epoch": 17,
      "train_loss": 0.13873639427828152,
      "val_aami_margin": -5.086748660954603,
      "val_sbp_mae": 9.80997634249744,
      "val_dbp_mae": 5.5890638168858136
    },
    {
      "epoch": 18,
      "train_loss": 0.13688031008241447,
      "val_aami_margin": -5.113488729106447,
      "val_sbp_mae": 9.843181562915085,
      "val_dbp_mae": 5.656316319699752
    },
    {
      "epoch": 19,
      "train_loss": 0.13502003387761172,
      "val_aami_margin": -5.57411032426984,
      "val_sbp_mae": 10.181968344286,
      "val_dbp_mae": 5.793974811678332
    },
    {
      "epoch": 20,
      "train_loss": 0.1338022558011753,
      "val_aami_margin": -5.4621019461676745,
      "val_sbp_mae": 10.03637934066969,