{
  "name": "lever_wavelet_net_ext_s1",
  "best_val_metrics": {
    "sbp": {
      "mae": 8.591394209743598,
      "rmse": 11.671814135801844,
      "me": -0.06144614977776098,
      "sd": 11.671702925570042,
      "pearson_r": 0.8204204171346818,
      "r2": 0.6730783228673292,
      "n": 115488,
      "aami_pass": false,
      "aami_margin": -3.6717029255700417,
      "bhs": {
        "grade": "D",
        "pct5": 40.155687170961485,
        "pct10": 67.94472152950955,
        "pct15": 83.59829592684954
      }
    },
    "dbp": {
      "mae": 4.740505842816599,
      "rmse": 6.71817148769375,
      "me": -0.0021935924318173773,
      "sd": 6.718200215774626,
      "pearson_r": 0.8349574726644045,
      "r2": 0.6971162273792562,
      "n": 115488,
      "aami_pass": true,
      "aami_margin": 1.2817997842253739,
      "bhs": {
        "grade": "A",
        "pct5": 64.2863327791632,
        "pct10": 89.61537129398725,
        "pct15": 97.08541147132169
      }
    },
    "sbp_sd": 11.671702925570042,
    "dbp_sd": 6.718200215774626,
    "sbp_me_abs": 0.06144614977776098,
    "dbp_me_abs": 0.0021935924318173773,
    "sbp_mae": 8.591394209743598,
    "dbp_mae": 4.740505842816599,
    "aami_margin": -3.6717029255700417,
    "aami_pass_both": false,
    "error_signature": [
      0.019465865028536575,
      0.061717422559142594,
      0.0761817627325404,
      0.13394327538883807,
      0.11428571428571428,
      0.08533960702304709,
      0.08637650851740514,
      0.11808478194571516,
      0.14569773014420773,
      0.08134012983052324,
      0.06231865115671154,
      0.015248551387618176,
      0.004031803560125897,
      0.01434108191064136,
      0.037760224740533935,
      0.11293385240997807,
      0.1536767447304761,
      0.14776343284229146,
      0.15957271552807956,
      0.18271440090867314,
      0.14069693843045789,
      0.03704056948141469,
      0.009104072555122992,
      0.0003641629022049197
    ]
  },
  "final_val_metrics": {
    "sbp": {
      "mae": 9.30163101662233,
      "rmse": 12.486213591477167,
      "me": -0.014725434387848894,
      "sd": 12.486258967163346,
      "pearson_r": 0.7939222809413587,
      "r2": 0.6258648505275209,
      "n": 115488,
      "aami_pass": false,
      "aami_margin": -4.486258967163346,
      "bhs": {
        "grade": "D",
        "pct5": 36.732820725962874,
        "pct10": 64.17636464394569,
        "pct15": 80.86467858132447
      }
    },
    "dbp": {
      "mae": 5.188023124468875,
      "rmse": 7.226714285791248,
      "me": 0.01892903267534851,
      "sd": 7.226720783034148,
      "pearson_r": 0.8095200126044769,
      "r2": 0.6495261616418376,
      "n": 115488,
      "aami_pass": true,
      "aami_margin": 0.773279216965852,
      "bhs": {
        "grade": "A",
        "pct5": 60.092823496813516,
        "pct10": 87.25755056802439,
        "pct15": 96.10349127182045
      }
    },
    "sbp_sd": 12.486258967163346,
    "dbp_sd": 7.226720783034148,
    "sbp_me_abs": 0.014725434387848894,
    "dbp_me_abs": 0.01892903267534851,
    "sbp_mae": 9.30163101662233,
    "dbp_mae": 5.188023124468875,
    "aami_margin": -4.486258967163346,
    "aami_pass_both": false,
    "error_signature": [
      0.023439886203977623,
      0.06856559415660916,
      0.0819348814479322,
      0.13345725231475422,
      0.1060030892478467,
      0.07854019949210671,
      0.07799041809566196,
      0.10766988681484585,
      0.1431264235411158,
      0.08625459241999808,
      0.07275440479618818,
      0.02026337146896353,
      0.0045178241603870935,
      0.018045282298974168,
      0.04380815289496275,
      0.12255356786708405,
      0.151646274312571,
      0.13426869347300144,
      0.14041674976803878,
      0.17546674066301887,
      0.1494870838789119,
      0.04477935501773311,
      0.014039073542546457,
      0.0009712021227703541
    ]
  },
  "history": [
    {
      "epoch": 0,
      "train_loss": 0.33856747044198965,
      "val_aami_margin": -3.734937104920615,
      "val_sbp_mae": 8.605158046262341,
      "val_dbp_mae": 4.751165517651963
    },
    {
      "epoch": 1,
      "train_loss": 0.29535260974079336,
      "val_aami_margin": -3.7694598602809197,
      "val_sbp_mae": 8.648086686964863,
      "val_dbp_mae": 4.741728227641988
    },
    {
      "epoch": 2,
      "train_loss": 0.2835288981941234,
      "val_aami_margin": -3.6717029255700417,
      "val_sbp_mae": 8.591394209743598,
      "val_dbp_mae": 4.740505842816599
    },
    {
      "epoch": 3,
      "train_loss": 0.274191666530305,
      "val_aami_margin": -3.897487978060127,
      "val_sbp_mae": 8.787482146371687,
      "val_dbp_mae": 4.832715838216215
    },
    {
      "epoch": 4,
      "train_loss": 0.26754783774002233,
      "val_aami_margin": -3.7807669174152903,
      "val_sbp_mae": 8.69413706899174,
      "val_dbp_mae": 4.78654211829954
    },
    {
      "epoch": 5,
      "train_loss": 0.26226894820223995,
      "val_aami_margin": -3.970632992307779,
      "val_sbp_mae": 8.848581564538474,
      "val_dbp_mae": 4.852555466230027
    },
    {
      "epoch": 6,
      "train_loss": 0.2583250385568423,
      "val_aami_margin": -4.038905306479773,
      "val_sbp_mae": 8.908006965959583,
      "val_dbp_mae": 4.900347999132659
    },
    {
      "epoch": 7,
      "train_loss": 0.2553784109484419,
      "val_aami_margin": -4.072079220180681,
      "val_sbp_mae": 8.945195552887764,
      "val_dbp_mae": 4.92835909801645
    },
    {
      "epoch": 8,
      "train_loss": 0.2525745866283284,
      "val_aami_margin": -4.120421875770484,
      "val_sbp_mae": 8.985349527374087,
      "val_dbp_mae": 4.940258475652408
    },
    {
      "epoch": 9,
      "train_loss": 0.250382784947672,
      "val_aami_margin": -4.272546658498628,
      "val_sbp_mae": 9.096693851573054,
      "val_dbp_mae": 5.0178888518409615
    },
    {
      "epoch": 10,
      "train_loss": 0.24835220537811376,
      "val_aami_margin": -4.066133456121177,
      "val_sbp_mae": 8.945334444634469,
      "val_dbp_mae": 4.92530848048813
    },
    {
      "epoch": 11,
      "train_loss": 0.24660172402548258,
      "val_aami_margin": -4.10809637714191,
      "val_sbp_mae": 8.982022405727157,
      "val_dbp_mae": 4.931934257293403
    },
    {
      "epoch": 12,
      "train_loss": 0.24503843166585587,
      "val_aami_margin": -4.248756260040082,
      "val_sbp_mae": 9.07331167193515,
      "val_dbp_mae": 5.078163148362145
    },
    {
      "epoch": 13,
      "train_loss": 0.24378401657027018,
      "val_aami_margin": -4.206733258978524,
      "val_sbp_mae": 9.086300285963556,
      "val_dbp_mae": 5.005269418708007
    },
    {
      "epoch": 14,
      "train_loss": 0.2427804556846698,
      "val_aami_margin": -4.194528280511646,
      "val_sbp_mae": 9.057014540464278,
      "val_dbp_mae": 4.99527679131574
    },
    {
      "epoch": 15,
      "train_loss": 0.2415060412423991,
      "val_aami_margin": -4.3425500492987865,
      "val_sbp_mae": 9.180083667198202,
      "val_dbp_mae": 5.030205675073119
    },
    {
      "epoch": 16,
      "train_loss": 0.24080809735147332,
      "val_aami_margin": -4.412576866131724,
      "val_sbp_mae": 9.241577421038874,
      "val_dbp_mae": 5.11106019732675
    },
    {
      "epoch": 17,
      "train_loss": 0.24013690246349823,
      "val_aami_margin": -4.282186897793913,
      "val_sbp_mae": 9.109533847179245,
      "val_dbp_mae": 5.1059289858395775
    },
    {
      "epoch": 18,
      "train_loss": 0.23930961301790352,
      "val_aami_margin": -4.108315341845977,
      "val_sbp_mae": 9.008069640059409,
      "val_dbp_mae": 4.969552956884002
    },
    {
      "epoch": 19,
      "train_loss": 0.23849753344830554,
      "val_aami_margin": -4.371769476444978,
      "val_sbp_mae": 9.202388171090288,
      "val_dbp_mae": 5.148126469394553
    },
    {
      "epoch": 20,
      "train_loss": 0.2379746646131603,
      "val_aami_margin": -4.3205963228728645,
      "val_sbp_mae": 9.17166030216452,