{
  "name": "screen_resunet_sa",
  "best_val_metrics": {
    "sbp": {
      "mae": 8.697162396960604,
      "rmse": 11.65090173893526,
      "me": -0.031204958109515138,
      "sd": 11.650910392466116,
      "pearson_r": 0.8316347381464911,
      "r2": 0.6914429424119362,
      "n": 115488,
      "aami_pass": false,
      "aami_margin": -3.650910392466116,
      "bhs": {
        "grade": "D",
        "pct5": 39.18502355223053,
        "pct10": 67.21650734275423,
        "pct15": 83.23981712385702
      }
    },
    "dbp": {
      "mae": 4.675553272534394,
      "rmse": 6.555572957783966,
      "me": -0.057475918845978864,
      "sd": 6.555349374322494,
      "pearson_r": 0.8465475740824342,
      "r2": 0.716611093870648,
      "n": 115488,
      "aami_pass": true,
      "aami_margin": 1.4446506256775056,
      "bhs": {
        "grade": "A",
        "pct5": 65.15828484344694,
        "pct10": 89.85435716264894,
        "pct15": 96.86460931005819
      }
    },
    "sbp_sd": 11.650910392466116,
    "dbp_sd": 6.555349374322494,
    "sbp_me_abs": 0.031204958109515138,
    "dbp_me_abs": 0.057475918845978864,
    "sbp_mae": 8.697162396960604,
    "dbp_mae": 4.675553272534394,
    "aami_margin": -3.650910392466116,
    "aami_pass_both": false,
    "error_signature": [
      0.02030814763231198,
      0.061420612813370475,
      0.07862116991643454,
      0.13873607242339833,
      0.11426706128133705,
      0.08166782729805014,
      0.08323467966573816,
      0.11475452646239555,
      0.14306232590529247,
      0.0824599582172702,
      0.06408426183844011,
      0.017383356545961,
      0.0034925642181162686,
      0.0165961798453912,
      0.03536762921620966,
      0.11621659097999792,
      0.1553107775505252,
      0.14977293999376018,
      0.16026796547301278,
      0.18679585398828302,
      0.13095815856068221,
      0.034795645994384165,
      0.009732381183485284,
      0.0006933129961521129
    ]
  },
  "final_val_metrics": {
    "sbp": {
      "mae": 10.515071017776625,
      "rmse": 13.825324601508422,
      "me": -0.05250213514655252,
      "sd": 13.825284767903003,
      "pearson_r": 0.769825954204548,
      "r2": 0.5655227119840189,
      "n": 115488,
      "aami_pass": false,
      "aami_margin": -5.825284767903003,
      "bhs": {
        "grade": "D",
        "pct5": 32.002459129952896,
        "pct10": 58.045857578276525,
        "pct15": 75.71089637018564
      }
    },
    "dbp": {
      "mae": 5.840285045541212,
      "rmse": 7.861426702401121,
      "me": -0.034183879898319426,
      "sd": 7.861386416670006,
      "pearson_r": 0.786241691620893,
      "r2": 0.5924655996654924,
      "n": 115488,
      "aami_pass": true,
      "aami_margin": 0.1386135833299944,
      "bhs": {
        "grade": "B",
        "pct5": 53.99695206428373,
        "pct10": 83.37229842061514,
        "pct15": 94.24961900803547
      }
    },
    "sbp_sd": 13.825284767903003,
    "dbp_sd": 7.861386416670006,
    "sbp_me_abs": 0.05250213514655252,
    "dbp_me_abs": 0.034183879898319426,
    "sbp_mae": 10.515071017776625,
    "dbp_mae": 5.840285045541212,
    "aami_margin": -5.825284767903003,
    "aami_pass_both": false,
    "error_signature": [
      0.03054397702196224,
      0.0860975866054853,
      0.08914497880836457,
      0.13207117587306036,
      0.09466180952047357,
      0.06783950401064835,
      0.06659602788188729,
      0.09454797015657292,
      0.13130932782234053,
      0.08950401064835896,
      0.08756874146204771,
      0.030114890188798208,
      0.004723194786286269,
      0.025643914445176275,
      0.05298644573092522,
      0.14331646271709364,
      0.14732901168232398,
      0.11785454293340729,
      0.12048046590633342,
      0.1547734599785073,
      0.15069157971366173,
      0.0558810274898603,
      0.02413595867854543,
      0.0021839359378791555
    ]
  },
  "history": [
    {
      "epoch": 0,
      "train_loss": 0.3297640508556662,
      "val_aami_margin": -3.650910392466116,
      "val_sbp_mae": 8.697162396960604,
      "val_dbp_mae": 4.675553272534394
    },
    {
      "epoch": 1,
      "train_loss": 0.27347565878557945,
      "val_aami_margin": -4.260598857299641,
      "val_sbp_mae": 9.227096790761097,
      "val_dbp_mae": 4.935438170905831
    },
    {
      "epoch": 2,
      "train_loss": 0.23745203206620538,
      "val_aami_margin": -4.338045012897966,
      "val_sbp_mae": 9.31801238878651,
      "val_dbp_mae": 5.106055834453946
    },
    {
      "epoch": 3,
      "train_loss": 0.21424157809576358,
      "val_aami_margin": -4.706825592434605,
      "val_sbp_mae": 9.582251768819637,
      "val_dbp_mae": 5.138463666868601
    },
    {
      "epoch": 4,
      "train_loss": 0.19721864427862126,
      "val_aami_margin": -4.994087491720659,
      "val_sbp_mae": 9.814898057755894,
      "val_dbp_mae": 5.4883902313561475
    },
    {
      "epoch": 5,
      "train_loss": 0.1852136505291875,
      "val_aami_margin": -5.68154702735878,
      "val_sbp_mae": 10.331746243127036,
      "val_dbp_mae": 5.608054156898061
    },
    {
      "epoch": 6,
      "train_loss": 0.17570474957707688,
      "val_aami_margin": -4.733896605949928,
      "val_sbp_mae": 9.670948409245725,
      "val_dbp_mae": 5.376013216997652
    },
    {
      "epoch": 7,
      "train_loss": 0.16841594360592915,
      "val_aami_margin": -5.054354511164441,
      "val_sbp_mae": 9.882746244008919,
      "val_dbp_mae": 5.316437280602085
    },
    {
      "epoch": 8,
      "train_loss": 0.162051812640866,
      "val_aami_margin": -5.14147856877632,
      "val_sbp_mae": 9.943134566995383,
      "val_dbp_mae": 5.45018240693289
    },
    {
      "epoch": 9,
      "train_loss": 0.15707506424625922,
      "val_aami_margin": -4.9731403856366185,
      "val_sbp_mae": 9.847401810297264,
      "val_dbp_mae": 5.481823283646054
    },
    {
      "epoch": 10,
      "train_loss": 0.15284981435819409,
      "val_aami_margin": -5.51988655479048,
      "val_sbp_mae": 10.247641881426379,
      "val_dbp_mae": 5.611511670420255
    },
    {
      "epoch": 11,
      "train_loss": 0.1489415248205891,
      "val_aami_margin": -5.188200482663143,
      "val_sbp_mae": 10.032272456610036,
      "val_dbp_mae": 5.491548931201866
    },
    {
      "epoch": 12,
      "train_loss": 0.14603095253859102,
      "val_aami_margin": -5.259256735912983,
      "val_sbp_mae": 10.095198889541729,
      "val_dbp_mae": 5.597749648443919
    },
    {
      "epoch": 13,
      "train_loss": 0.14248468650080315,
      "val_aami_margin": -5.320177199791415,
      "val_sbp_mae": 10.147567645018883,
      "val_dbp_mae": 5.682244165801177
    },
    {
      "epoch": 14,
      "train_loss": 0.1403237654792751,
      "val_aami_margin": -5.60558126938146,
      "val_sbp_mae": 10.344427241113808,
      "val_dbp_mae": 5.631269079721197
    },
    {
      "epoch": 15,
      "train_loss": 0.13792646795661528,
      "val_aami_margin": -5.440726278991878,
      "val_sbp_mae": 10.218988509208554,
      "val_dbp_mae": 5.629572978935972
    },
    {
      "epoch": 16,
      "train_loss": 0.1360919350993735,
      "val_aami_margin": -5.397619792609191,
      "val_sbp_mae": 10.20354125102856,
      "val_dbp_mae": 5.601303793736371
    },
    {
      "epoch": 17,
      "train_loss": 0.13423267266855832,
      "val_aami_margin": -5.338323783197268,
      "val_sbp_mae": 10.112135851774235,
      "val_dbp_mae": 5.548095177663783
    },
    {
      "epoch": 18,
      "train_loss": 0.1326802772561991,
      "val_aami_margin": -5.228809456301676,
      "val_sbp_mae": 10.065845211818633,
      "val_dbp_mae": 5.605351502594676
    },
    {
      "epoch": 19,
      "train_loss": 0.13114791601288547,
      "val_aami_margin": -5.318350066865106,
      "val_sbp_mae": 10.058931248453192,
      "val_dbp_mae": 5.607427128429376
    },
    {
      "epoch": 20,
      "train_loss": 0.129557869192219,
      "val_aami_margin": -5.5267751856587,
      "val_sbp_mae": 10.21344776165973,