{
  "name": "lever_resunet_sa_apg_s0",
  "best_val_metrics": {
    "sbp": {
      "mae": 8.826090341022804,
      "rmse": 11.796643817975797,
      "me": -0.03143082448301324,
      "sd": 11.79665301914018,
      "pearson_r": 0.8268523270874154,
      "r2": 0.6836751295500012,
      "n": 115488,
      "aami_pass": false,
      "aami_margin": -3.79665301914018,
      "bhs": {
        "grade": "D",
        "pct5": 38.439491548905515,
        "pct10": 66.23025768911056,
        "pct15": 82.87787475755056
      }
    },
    "dbp": {
      "mae": 4.7122704739353996,
      "rmse": 6.556620217935331,
      "me": -0.0523696093175784,
      "sd": 6.556439454907543,
      "pearson_r": 0.846488732426585,
      "r2": 0.7165205432456268,
      "n": 115488,
      "aami_pass": true,
      "aami_margin": 1.4435605450924571,
      "bhs": {
        "grade": "A",
        "pct5": 64.4525838182322,
        "pct10": 89.72793710169022,
        "pct15": 96.99189526184539
      }
    },
    "sbp_sd": 11.79665301914018,
    "dbp_sd": 6.556439454907543,
    "sbp_me_abs": 0.03143082448301324,
    "dbp_me_abs": 0.0523696093175784,
    "sbp_mae": 8.826090341022804,
    "dbp_mae": 4.7122704739353996,
    "aami_margin": -3.79665301914018,
    "aami_pass_both": false,
    "error_signature": [
      0.02073590246026562,
      0.06239059438275637,
      0.08170694535162204,
      0.13672980622686698,
      0.10894839973873285,
      0.08214239059438276,
      0.08122795558458523,
      0.11429566731983454,
      0.14278249510124102,
      0.08573045939473112,
      0.06594382756368386,
      0.01736555628129763,
      0.0034317506261211687,
      0.015936841922820275,
      0.03711663619110345,
      0.11784077023736275,
      0.15538204223826402,
      0.14766926936642605,
      0.1573752307332334,
      0.1846299168927058,
      0.13512084788505369,
      0.0355827476536705,
      0.009411316111029265,
      0.0005026301422096661
    ]
  },
  "final_val_metrics": {
    "sbp": {
      "mae": 10.415020942756472,
      "rmse": 13.762800249429407,
      "me": -0.09766420368023616,
      "sd": 13.762513304803194,
      "pearson_r": 0.7696453189820563,
      "r2": 0.5694436302392559,
      "n": 115488,
      "aami_pass": false,
      "aami_margin": -5.7625133048031945,
      "bhs": {
        "grade": "D",
        "pct5": 32.631961762261014,
        "pct10": 58.8216957605985,
        "pct15": 76.26506650041563
      }
    },
    "dbp": {
      "mae": 5.849174235117315,
      "rmse": 7.894046870523827,
      "me": -0.11293179561738638,
      "sd": 7.893273204832431,
      "pearson_r": 0.7849790740799952,
      "r2": 0.5890765401830613,
      "n": 115488,
      "aami_pass": true,
      "aami_margin": 0.10672679516756922,
      "bhs": {
        "grade": "B",
        "pct5": 54.20649764477695,
        "pct10": 83.08309088390135,
        "pct15": 94.21325159323912
      }
    },
    "sbp_sd": 13.762513304803194,
    "dbp_sd": 7.893273204832431,
    "sbp_me_abs": 0.09766420368023616,
    "dbp_me_abs": 0.11293179561738638,
    "sbp_mae": 10.415020942756472,
    "dbp_mae": 5.849174235117315,
    "aami_margin": -5.7625133048031945,
    "aami_pass_both": false,
    "error_signature": [
      0.031633984638424956,
      0.08299979856543559,
      0.08863120834464579,
      0.13366497052924742,
      0.09818621311776915,
      0.06853154202538075,
      0.06786593216034191,
      0.09547122551037387,
      0.13123023970713166,
      0.08779919601334724,
      0.08343769979243482,
      0.030547989595466847,
      0.0044641696211090215,
      0.027929232076142264,
      0.05649124936071357,
      0.13985419935334553,
      0.1429661156523322,
      0.11754201953832685,
      0.12245694026680998,
      0.15968724807780657,
      0.14922462141241125,
      0.05493095706595702,
      0.022355521267650807,
      0.002097726307394919
    ]
  },
  "history": [
    {
      "epoch": 0,
      "train_loss": 0.32085410855230756,
      "val_aami_margin": -3.79665301914018,
      "val_sbp_mae": 8.826090341022804,
      "val_dbp_mae": 4.7122704739353996
    },
    {
      "epoch": 1,
      "train_loss": 0.2589080398364539,
      "val_aami_margin": -4.303778211477141,
      "val_sbp_mae": 9.167186813883234,
      "val_dbp_mae": 5.0333840168942166
    },
    {
      "epoch": 2,
      "train_loss": 0.2260707285414973,
      "val_aami_margin": -4.548781186784682,
      "val_sbp_mae": 9.41558258917705,
      "val_dbp_mae": 5.113732223930793
    },
    {
      "epoch": 3,
      "train_loss": 0.20480143953130023,
      "val_aami_margin": -4.4825264804010025,
      "val_sbp_mae": 9.442525496460686,
      "val_dbp_mae": 5.278870885155517
    },
    {
      "epoch": 4,
      "train_loss": 0.18952814344521915,
      "val_aami_margin": -4.88757006453884,
      "val_sbp_mae": 9.750832505256527,
      "val_dbp_mae": 5.2867376746341606
    },
    {
      "epoch": 5,
      "train_loss": 0.1783834624010378,
      "val_aami_margin": -4.967327925957257,
      "val_sbp_mae": 9.82468131252732,
      "val_dbp_mae": 5.295126479478953
    },
    {
      "epoch": 6,
      "train_loss": 0.1692929525024529,
      "val_aami_margin": -4.989601983587537,
      "val_sbp_mae": 9.791542615953198,
      "val_dbp_mae": 5.3543344813808265
    },
    {
      "epoch": 7,
      "train_loss": 0.16219878044203592,
      "val_aami_margin": -4.775242680542663,
      "val_sbp_mae": 9.630849740043912,
      "val_dbp_mae": 5.332687946250918
    },
    {
      "epoch": 8,
      "train_loss": 0.1562474611884446,
      "val_aami_margin": -4.9530178332918915,
      "val_sbp_mae": 9.778265113140396,
      "val_dbp_mae": 5.3622233907313035
    },
    {
      "epoch": 9,
      "train_loss": 0.15195096357806379,
      "val_aami_margin": -5.214743110962026,
      "val_sbp_mae": 10.016209470161971,
      "val_dbp_mae": 5.55347379301015
    },
    {
      "epoch": 10,
      "train_loss": 0.14757759042045407,
      "val_aami_margin": -5.089713034677127,
      "val_sbp_mae": 9.880222711861762,
      "val_dbp_mae": 5.402865134621894
    },
    {
      "epoch": 11,
      "train_loss": 0.14429398887185582,
      "val_aami_margin": -5.4129947443591035,
      "val_sbp_mae": 10.113181044597123,
      "val_dbp_mae": 5.494624483140032
    },
    {
      "epoch": 12,
      "train_loss": 0.14110710001572807,
      "val_aami_margin": -5.468744621140742,
      "val_sbp_mae": 10.215356433736131,
      "val_dbp_mae": 5.576462281240129
    },
    {
      "epoch": 13,
      "train_loss": 0.13815321094621433,
      "val_aami_margin": -5.26252656317344,
      "val_sbp_mae": 10.123669464447872,
      "val_dbp_mae": 5.615530495605124
    },
    {
      "epoch": 14,
      "train_loss": 0.13580211033485395,
      "val_aami_margin": -5.174626885942567,
      "val_sbp_mae": 9.997043785089797,
      "val_dbp_mae": 5.6412167386539585
    },
    {
      "epoch": 15,
      "train_loss": 0.13399850694782833,
      "val_aami_margin": -5.466308779559586,
      "val_sbp_mae": 10.207426866742352,
      "val_dbp_mae": 5.657118012666618
    },
    {
      "epoch": 16,
      "train_loss": 0.13173095875333077,
      "val_aami_margin": -5.522128544261996,
      "val_sbp_mae": 10.266356887912062,
      "val_dbp_mae": 5.7129038455325505
    },
    {
      "epoch": 17,
      "train_loss": 0.13000146440965935,
      "val_aami_margin": -5.333808651870887,
      "val_sbp_mae": 10.118609201390631,
      "val_dbp_mae": 5.605961294283388
    },
    {
      "epoch": 18,
      "train_loss": 0.12823077329811916,
      "val_aami_margin": -5.495456104333206,
      "val_sbp_mae": 10.218339060799709,
      "val_dbp_mae": 5.504729954811713
    },
    {
      "epoch": 19,
      "train_loss": 0.12703374278856847,
      "val_aami_margin": -5.368383271001047,
      "val_sbp_mae": 10.092119248928375,
      "val_dbp_mae": 5.5191493267033005
    },
    {
      "epoch": 20,
      "train_loss": 0.12558635660849415,
      "val_aami_margin": -5.491067800929679,
      "val_sbp_mae": 10.215168840410051,