{
  "name": "lever_wavelet_net_std_s0",
  "best_val_metrics": {
    "sbp": {
      "mae": 8.707527775217198,
      "rmse": 11.699805244735838,
      "me": -0.050825381999068664,
      "sd": 11.699745502004843,
      "pearson_r": 0.830136929495908,
      "r2": 0.6888472308385436,
      "n": 115488,
      "aami_pass": false,
      "aami_margin": -3.699745502004843,
      "bhs": {
        "grade": "D",
        "pct5": 39.37378775284012,
        "pct10": 67.18360349127181,
        "pct15": 83.17141174840677
      }
    },
    "dbp": {
      "mae": 4.618587994532974,
      "rmse": 6.462795263778784,
      "me": -0.05867955041020876,
      "sd": 6.4625568444757855,
      "pearson_r": 0.8513303372681658,
      "r2": 0.7245756515158339,
      "n": 115488,
      "aami_pass": true,
      "aami_margin": 1.5374431555242145,
      "bhs": {
        "grade": "A",
        "pct5": 65.5254225547243,
        "pct10": 90.1002701579385,
        "pct15": 97.05164172901081
      }
    },
    "sbp_sd": 11.699745502004843,
    "dbp_sd": 6.4625568444757855,
    "sbp_me_abs": 0.050825381999068664,
    "dbp_me_abs": 0.05867955041020876,
    "sbp_mae": 8.707527775217198,
    "dbp_mae": 4.618587994532974,
    "aami_margin": -3.699745502004843,
    "aami_pass_both": false,
    "error_signature": [
      0.020542696413954054,
      0.061593256352648174,
      0.07867008028980964,
      0.13885260462929097,
      0.11302401727711305,
      0.0832418969991466,
      0.08299806677464862,
      0.11671630353379661,
      0.14082937109218524,
      0.08211853632199523,
      0.06390964348537889,
      0.017503526830032916,
      0.003059164059588703,
      0.015798459151926927,
      0.036562643533724466,
      0.113726373807316,
      0.15671066201003545,
      0.1533395152134915,
      0.16120841313447323,
      0.18454645509615134,
      0.13222868334618817,
      0.03300950680729,
      0.00922948930159198,
      0.0005806345382222183
    ]
  },
  "final_val_metrics": {
    "sbp": {
      "mae": 9.163100897485654,
      "rmse": 12.186364807742613,
      "me": -0.08712274865277393,
      "sd": 12.186106134125705,
      "pearson_r": 0.8143209685636892,
      "r2": 0.6624292915396024,
      "n": 115488,
      "aami_pass": false,
      "aami_margin": -4.186106134125705,
      "bhs": {
        "grade": "D",
        "pct5": 37.01510113604877,
        "pct10": 64.36686062621226,
        "pct15": 81.36083402604599
      }
    },
    "dbp": {
      "mae": 4.986891723461246,
      "rmse": 6.865719062973113,
      "me": -0.06140538170567133,
      "sd": 6.865474183632476,
      "pearson_r": 0.8308872757734507,
      "r2": 0.6891623678553211,
      "n": 115488,
      "aami_pass": true,
      "aami_margin": 1.1345258163675238,
      "bhs": {
        "grade": "A",
        "pct5": 61.73022305347742,
        "pct10": 88.30094901634801,
        "pct15": 96.5043987254087
      }
    },
    "sbp_sd": 12.186106134125705,
    "dbp_sd": 6.865474183632476,
    "sbp_me_abs": 0.08712274865277393,
    "dbp_me_abs": 0.06140538170567133,
    "sbp_mae": 9.163100897485654,
    "dbp_mae": 4.986891723461246,
    "aami_margin": -4.186106134125705,
    "aami_pass_both": false,
    "error_signature": [
      0.022675401153370384,
      0.06935031447636636,
      0.08437723225952576,
      0.1337526351551475,
      0.10710490095301148,
      0.07693781904977612,
      0.07840131017300556,
      0.10994477063261146,
      0.14141854103873025,
      0.0865898914577417,
      0.06949840584002648,
      0.01994877781068697,
      0.0036048839244707492,
      0.01765179940900701,
      0.042444041976100313,
      0.12355393027669218,
      0.15455939826168338,
      0.14094576209499216,
      0.14325080806592777,
      0.17902234854721444,
      0.142358252671167,
      0.03965372316917824,
      0.011932512413452456,
      0.0010225391901142991
    ]
  },
  "history": [
    {
      "epoch": 0,
      "train_loss": 0.36083488992229473,
      "val_aami_margin": -4.436166907199819,
      "val_sbp_mae": 9.263106619449465,
      "val_dbp_mae": 4.90177938187128
    },
    {
      "epoch": 1,
      "train_loss": 0.31849177174289145,
      "val_aami_margin": -3.699745502004843,
      "val_sbp_mae": 8.707527775217198,
      "val_dbp_mae": 4.618587994532974
    },
    {
      "epoch": 2,
      "train_loss": 0.2958140067907285,
      "val_aami_margin": -3.790416100431427,
      "val_sbp_mae": 8.766747828689875,
      "val_dbp_mae": 4.646456699052988
    },
    {
      "epoch": 3,
      "train_loss": 0.28762527576944036,
      "val_aami_margin": -3.801266658053537,
      "val_sbp_mae": 8.79128931145921,
      "val_dbp_mae": 4.704191158587631
    },
    {
      "epoch": 4,
      "train_loss": 0.2810904609662234,
      "val_aami_margin": -3.8375078072272775,
      "val_sbp_mae": 8.84482365223373,
      "val_dbp_mae": 4.697513474073823
    },
    {
      "epoch": 5,
      "train_loss": 0.27601579003259796,
      "val_aami_margin": -3.8372396420290737,
      "val_sbp_mae": 8.833008915142354,
      "val_dbp_mae": 4.711194752267718
    },
    {
      "epoch": 6,
      "train_loss": 0.2719363685980956,
      "val_aami_margin": -3.7819309280154094,
      "val_sbp_mae": 8.778448256125792,
      "val_dbp_mae": 4.696200214042217
    },
    {
      "epoch": 7,
      "train_loss": 0.26904866807670585,
      "val_aami_margin": -3.9675357447932385,
      "val_sbp_mae": 8.942423554002197,
      "val_dbp_mae": 4.7782386436163415
    },
    {
      "epoch": 8,
      "train_loss": 0.2655197991726867,
      "val_aami_margin": -3.9900030353359828,
      "val_sbp_mae": 8.976317737192891,
      "val_dbp_mae": 4.788076199419659
    },
    {
      "epoch": 9,
      "train_loss": 0.2635170402543899,
      "val_aami_margin": -3.94001965140656,
      "val_sbp_mae": 8.929805819579826,
      "val_dbp_mae": 4.796680676017092
    },
    {
      "epoch": 10,
      "train_loss": 0.2619219829723574,
      "val_aami_margin": -4.039458810684595,
      "val_sbp_mae": 9.013949774390886,
      "val_dbp_mae": 4.809515800308227
    },
    {
      "epoch": 11,
      "train_loss": 0.26010171275874483,
      "val_aami_margin": -3.9455130730785974,
      "val_sbp_mae": 8.950557358368759,
      "val_dbp_mae": 4.838716770185677
    },
    {
      "epoch": 12,
      "train_loss": 0.25821317893847334,
      "val_aami_margin": -3.9850088308512515,
      "val_sbp_mae": 8.989316139377259,
      "val_dbp_mae": 4.781211594543644
    },
    {
      "epoch": 13,
      "train_loss": 0.25696437685581874,
      "val_aami_margin": -4.033624658579765,
      "val_sbp_mae": 9.020134854237394,
      "val_dbp_mae": 4.850604676704384
    },
    {
      "epoch": 14,
      "train_loss": 0.25589109797026144,
      "val_aami_margin": -4.008936587897457,
      "val_sbp_mae": 9.006682000578909,
      "val_dbp_mae": 4.784695595032921
    },
    {
      "epoch": 15,
      "train_loss": 0.2546376298357903,
      "val_aami_margin": -4.07753203150255,
      "val_sbp_mae": 9.057117377794569,
      "val_dbp_mae": 4.8594425188159525
    },
    {
      "epoch": 16,
      "train_loss": 0.253895504223221,
      "val_aami_margin": -3.987898729371471,
      "val_sbp_mae": 9.00481735280241,
      "val_dbp_mae": 4.864485035462917
    },
    {
      "epoch": 17,
      "train_loss": 0.2529869971595185,
      "val_aami_margin": -4.057533836314436,
      "val_sbp_mae": 9.035981539566066,
      "val_dbp_mae": 4.8524856601633495
    },
    {
      "epoch": 18,
      "train_loss": 0.2520829856752438,
      "val_aami_margin": -4.127486498789082,
      "val_sbp_mae": 9.097185087758945,
      "val_dbp_mae": 4.905862191917708
    },
    {
      "epoch": 19,
      "train_loss": 0.2516656680618674,
      "val_aami_margin": -4.117034711597762,
      "val_sbp_mae": 9.11556483665632,
      "val_dbp_mae": 4.892535688634481
    },
    {
      "epoch": 20,
      "train_loss": 0.25099856826500183,
      "val_aami_margin": -4.093668536593453,
      "val_sbp_mae": 9.088296082310485,