{
  "name": "lever_resunet_sa_raw_s1",
  "best_val_metrics": {
    "sbp": {
      "mae": 8.619927411838086,
      "rmse": 11.703535149137203,
      "me": -0.0005373932807874305,
      "sd": 11.703585807047151,
      "pearson_r": 0.8197695848359432,
      "r2": 0.6712989287378035,
      "n": 115488,
      "aami_pass": false,
      "aami_margin": -3.7035858070471512,
      "bhs": {
        "grade": "D",
        "pct5": 40.027535328345806,
        "pct10": 67.71526045996121,
        "pct15": 83.47793710169022
      }
    },
    "dbp": {
      "mae": 4.731347279934847,
      "rmse": 6.716676327623352,
      "me": 0.017200290680763723,
      "sd": 6.716683383681406,
      "pearson_r": 0.835487085453297,
      "r2": 0.6972510287401958,
      "n": 115488,
      "aami_pass": true,
      "aami_margin": 1.2833166163185936,
      "bhs": {
        "grade": "A",
        "pct5": 64.8889927957883,
        "pct10": 89.65260459961209,
        "pct15": 96.88539068994181
      }
    },
    "sbp_sd": 11.703585807047151,
    "dbp_sd": 6.716683383681406,
    "sbp_me_abs": 0.0005373932807874305,
    "dbp_me_abs": 0.017200290680763723,
    "sbp_mae": 8.619927411838086,
    "dbp_mae": 4.731347279934847,
    "aami_margin": -3.7035858070471512,
    "aami_pass_both": false,
    "error_signature": [
      0.018522231035414505,
      0.06234800875120939,
      0.0765033514342744,
      0.13317702023063446,
      0.11298996748803682,
      0.08451367158559014,
      0.0868583681260732,
      0.11856842765870283,
      0.14553679604626635,
      0.08216897504510708,
      0.06378620551395922,
      0.01502697708473158,
      0.004282878024674233,
      0.014938054324926524,
      0.03627441630614775,
      0.11015839712856437,
      0.15723537622569206,
      0.14689231249403953,
      0.15930745688945147,
      0.18627051489904026,
      0.1377890292432137,
      0.036144369402564526,
      0.010317054350935904,
      0.000390140710749677
    ]
  },
  "final_val_metrics": {
    "sbp": {
      "mae": 10.091506072514035,
      "rmse": 13.428062777178722,
      "me": -0.044065130864329054,
      "sd": 13.428048611820111,
      "pearson_r": 0.7679462648036125,
      "r2": 0.5672932024040657,
      "n": 115488,
      "aami_pass": false,
      "aami_margin": -5.4280486118201114,
      "bhs": {
        "grade": "D",
        "pct5": 33.879710446106955,
        "pct10": 60.20538930451649,
        "pct15": 77.54658492657246
      }
    },
    "dbp": {
      "mae": 5.864546832277977,
      "rmse": 7.984132525744179,
      "me": 0.015897029692361314,
      "sd": 7.984151266707979,
      "pearson_r": 0.7747641999238516,
      "r2": 0.5722112992427288,
      "n": 115488,
      "aami_pass": true,
      "aami_margin": 0.015848733292020967,
      "bhs": {
        "grade": "B",
        "pct5": 53.82117622610141,
        "pct10": 83.33073566084788,
        "pct15": 94.47128706012747
      }
    },
    "sbp_sd": 13.428048611820111,
    "dbp_sd": 7.984151266707979,
    "sbp_me_abs": 0.044065130864329054,
    "dbp_me_abs": 0.015897029692361314,
    "sbp_mae": 10.091506072514035,
    "dbp_mae": 5.864546832277977,
    "aami_margin": -5.4280486118201114,
    "aami_pass_both": false,
    "error_signature": [
      0.028739906037567476,
      0.08059422052300505,
      0.08507362140313733,
      0.13247478149797465,
      0.09752320627116123,
      0.07099675418412787,
      0.07159167461352044,
      0.10220383023770571,
      0.13351589224941163,
      0.09013919388281817,
      0.08104041084504947,
      0.026106508254520957,
      0.005168496453162669,
      0.02389128813500529,
      0.052907712853599735,
      0.14059004110515635,
      0.14614877638448062,
      0.11806025287475935,
      0.120722548866573,
      0.15409230449034808,
      0.15495082990790363,
      0.05866590353296217,
      0.022573148099970516,
      0.002228697296078533
    ]
  },
  "history": [
    {
      "epoch": 0,
      "train_loss": 0.3241648915653468,
      "val_aami_margin": -3.7035858070471512,
      "val_sbp_mae": 8.619927411838086,
      "val_dbp_mae": 4.731347279934847
    },
    {
      "epoch": 1,
      "train_loss": 0.2538221470089296,
      "val_aami_margin": -4.2972581330382855,
      "val_sbp_mae": 9.170789495307247,
      "val_dbp_mae": 5.204762864280352
    },
    {
      "epoch": 2,
      "train_loss": 0.2243384611376384,
      "val_aami_margin": -4.31954463129806,
      "val_sbp_mae": 9.136728856653741,
      "val_dbp_mae": 5.086283301678748
    },
    {
      "epoch": 3,
      "train_loss": 0.20471984289060552,
      "val_aami_margin": -4.628608725196857,
      "val_sbp_mae": 9.401459589889985,
      "val_dbp_mae": 5.323109304908281
    },
    {
      "epoch": 4,
      "train_loss": 0.1908346663227,
      "val_aami_margin": -4.6653094164436055,
      "val_sbp_mae": 9.441577853751896,
      "val_dbp_mae": 5.39673330350812
    },
    {
      "epoch": 5,
      "train_loss": 0.18078927889715657,
      "val_aami_margin": -4.761964850240329,
      "val_sbp_mae": 9.487541093450055,
      "val_dbp_mae": 5.212094162447153
    },
    {
      "epoch": 6,
      "train_loss": 0.17218677793369053,
      "val_aami_margin": -4.90789534952804,
      "val_sbp_mae": 9.6206916273319,
      "val_dbp_mae": 5.440437526672657
    },
    {
      "epoch": 7,
      "train_loss": 0.16489855931816033,
      "val_aami_margin": -4.99395972183153,
      "val_sbp_mae": 9.696532353475943,
      "val_dbp_mae": 5.503349160657195
    },
    {
      "epoch": 8,
      "train_loss": 0.1593541056000313,
      "val_aami_margin": -5.055822794344246,
      "val_sbp_mae": 9.753038455461716,
      "val_dbp_mae": 5.4740861360393405
    },
    {
      "epoch": 9,
      "train_loss": 0.15463366023812183,
      "val_aami_margin": -4.978677352741615,
      "val_sbp_mae": 9.701753828238418,
      "val_dbp_mae": 5.586445197749348
    },
    {
      "epoch": 10,
      "train_loss": 0.15046438684448174,
      "val_aami_margin": -5.0999114476001015,
      "val_sbp_mae": 9.81985056710437,
      "val_dbp_mae": 5.574879860362865
    },
    {
      "epoch": 11,
      "train_loss": 0.14698756954862977,
      "val_aami_margin": -4.975545244376827,
      "val_sbp_mae": 9.684135409220973,
      "val_dbp_mae": 5.663137217537237
    },
    {
      "epoch": 12,
      "train_loss": 0.14378818091420842,
      "val_aami_margin": -4.992120115775217,
      "val_sbp_mae": 9.721884260928219,
      "val_dbp_mae": 5.614734709283107
    },
    {
      "epoch": 13,
      "train_loss": 0.14111633056670073,
      "val_aami_margin": -5.20477085605749,
      "val_sbp_mae": 9.874089384374908,
      "val_dbp_mae": 5.6390215000219195
    },
    {
      "epoch": 14,
      "train_loss": 0.1386897281633041,
      "val_aami_margin": -5.297238249332231,
      "val_sbp_mae": 9.98499889594133,
      "val_dbp_mae": 5.758238501246059
    },
    {
      "epoch": 15,
      "train_loss": 0.13655413054181653,
      "val_aami_margin": -5.230152007667478,
      "val_sbp_mae": 9.945637004033998,
      "val_dbp_mae": 5.653123958482907
    },
    {
      "epoch": 16,
      "train_loss": 0.13479012412083172,
      "val_aami_margin": -5.248751427429912,
      "val_sbp_mae": 9.948820932654693,
      "val_dbp_mae": 5.761022643721769
    },
    {
      "epoch": 17,
      "train_loss": 0.132958797120102,
      "val_aami_margin": -5.159924226542275,
      "val_sbp_mae": 9.891339998127263,
      "val_dbp_mae": 5.674734815320281
    },
    {
      "epoch": 18,
      "train_loss": 0.1314121885368648,
      "val_aami_margin": -5.273584258970791,
      "val_sbp_mae": 9.96229480492789,
      "val_dbp_mae": 5.846289142733211
    },
    {
      "epoch": 19,
      "train_loss": 0.12999475582530753,
      "val_aami_margin": -5.223480445814047,
      "val_sbp_mae": 9.92617351203767,
      "val_dbp_mae": 5.758739983712496
    },
    {
      "epoch": 20,
      "train_loss": 0.12852602355429066,
      "val_aami_margin": -5.265181862794442,
      "val_sbp_mae": 9.91752377765179,