{
  "name": "iter1_mamba_ssm_cal_wide",
  "best_val_metrics": {
    "sbp": {
      "mae": 9.227597444763088,
      "rmse": 12.369282316805009,
      "me": -0.04421149270070431,
      "sd": 12.369256856288859,
      "pearson_r": 0.8076057347393938,
      "r2": 0.6522193544121794,
      "n": 115488,
      "aami_pass": false,
      "aami_margin": -4.3692568562888585,
      "bhs": {
        "grade": "D",
        "pct5": 37.72513161540593,
        "pct10": 64.82664865613744,
        "pct15": 80.99109864228318
      }
    },
    "dbp": {
      "mae": 5.011184183237705,
      "rmse": 6.916846529010677,
      "me": -0.057738801097894206,
      "sd": 6.916635481039676,
      "pearson_r": 0.8273967818039618,
      "r2": 0.6845156546189157,
      "n": 115488,
      "aami_pass": true,
      "aami_margin": 1.083364518960324,
      "bhs": {
        "grade": "A",
        "pct5": 61.7865059573289,
        "pct10": 87.89917567193129,
        "pct15": 96.33035466888334
      }
    },
    "sbp_sd": 12.369256856288859,
    "dbp_sd": 6.916635481039676,
    "sbp_me_abs": 0.04421149270070431,
    "dbp_me_abs": 0.057738801097894206,
    "sbp_mae": 9.227597444763088,
    "dbp_mae": 5.011184183237705,
    "aami_margin": -4.3692568562888585,
    "aami_pass_both": false,
    "error_signature": [
      0.025705596849103788,
      0.06671255914465715,
      0.08048030254180427,
      0.13494131281532926,
      0.11337475274701336,
      0.07699479788429868,
      0.07925166215003354,
      0.11001995451416421,
      0.1377907128728401,
      0.08218819982398201,
      0.06964038305696187,
      0.022899765599811783,
      0.00348395819250169,
      0.01926576881077427,
      0.04296015114485293,
      0.12178253860953668,
      0.15414348361153,
      0.13773768048116755,
      0.14636957689841054,
      0.18016050474060977,
      0.13957499176676547,
      0.041426169552632036,
      0.012254519612431318,
      0.0008406565787877213
    ]
  },
  "final_val_metrics": {
    "sbp": {
      "mae": 9.476867126213865,
      "rmse": 12.606831706609684,
      "me": -0.05825736566001925,
      "sd": 12.606751679954932,
      "pearson_r": 0.7995415357356603,
      "r2": 0.6387329806071562,
      "n": 115488,
      "aami_pass": false,
      "aami_margin": -4.606751679954932,
      "bhs": {
        "grade": "D",
        "pct5": 36.32238847326129,
        "pct10": 63.31566916043225,
        "pct15": 79.89314907176504
      }
    },
    "dbp": {
      "mae": 5.111600642948416,
      "rmse": 7.02721162005918,
      "me": -0.05643728611816845,
      "sd": 7.027015408663278,
      "pearson_r": 0.8216199095661549,
      "r2": 0.6743676081833698,
      "n": 115488,
      "aami_pass": true,
      "aami_margin": 0.9729845913367221,
      "bhs": {
        "grade": "A",
        "pct5": 60.840087281795505,
        "pct10": 87.29045441950679,
        "pct15": 96.10435716264894
      }
    },
    "sbp_sd": 12.606751679954932,
    "dbp_sd": 7.027015408663278,
    "sbp_me_abs": 0.05825736566001925,
    "dbp_me_abs": 0.05643728611816845,
    "sbp_mae": 9.476867126213865,
    "dbp_mae": 5.111600642948416,
    "aami_margin": -4.606751679954932,
    "aami_pass_both": false,
    "error_signature": [
      0.026682468171876226,
      0.07136819540420192,
      0.08432601061373163,
      0.13322934548654983,
      0.1076709917477801,
      0.07368613679339822,
      0.07591693752886534,
      0.10826354819313855,
      0.1384229284488092,
      0.08250477095079167,
      0.073816847773992,
      0.02411181888686529,
      0.0034234109306477615,
      0.02008978870187724,
      0.04433100483610962,
      0.12489816435839213,
      0.15367214990206446,
      0.13431037770189458,
      0.14285590473384063,
      0.17812137075107035,
      0.13984850323273995,
      0.04388899481721586,
      0.013676309996359918,
      0.0008840200377875232
    ]
  },
  "history": [
    {
      "epoch": 0,
      "train_loss": 0.37328436067359855,
      "val_aami_margin": -4.8834813305608264,
      "val_sbp_mae": 9.640818348173722,
      "val_dbp_mae": 5.157722410076529
    },
    {
      "epoch": 1,
      "train_loss": 0.347079597927971,
      "val_aami_margin": -4.5946817881829105,
      "val_sbp_mae": 9.385828386048225,
      "val_dbp_mae": 5.093698554599775
    },
    {
      "epoch": 2,
      "train_loss": 0.33927335152403554,
      "val_aami_margin": -4.43643871528983,
      "val_sbp_mae": 9.257745361277394,
      "val_dbp_mae": 4.987831328397374
    },
    {
      "epoch": 3,
      "train_loss": 0.33432566457361257,
      "val_aami_margin": -4.394050231255182,
      "val_sbp_mae": 9.244493056326307,
      "val_dbp_mae": 4.9708182944257375
    },
    {
      "epoch": 4,
      "train_loss": 0.330468470335773,
      "val_aami_margin": -4.3692568562888585,
      "val_sbp_mae": 9.227597444763088,
      "val_dbp_mae": 5.011184183237705
    },
    {
      "epoch": 5,
      "train_loss": 0.32711635210106355,
      "val_aami_margin": -4.438385357913468,
      "val_sbp_mae": 9.29456535591148,
      "val_dbp_mae": 5.017923259595756
    },
    {
      "epoch": 6,
      "train_loss": 0.32465468086141264,
      "val_aami_margin": -4.556773116605433,
      "val_sbp_mae": 9.382176784260725,
      "val_dbp_mae": 5.047215599824436
    },
    {
      "epoch": 7,
      "train_loss": 0.3232325826108185,
      "val_aami_margin": -4.457375707550222,
      "val_sbp_mae": 9.311065916115622,
      "val_dbp_mae": 5.022798505886432
    },
    {
      "epoch": 8,
      "train_loss": 0.3211087912311182,
      "val_aami_margin": -4.504384953930275,
      "val_sbp_mae": 9.354694849822957,
      "val_dbp_mae": 5.074555177262104
    },
    {
      "epoch": 9,
      "train_loss": 0.3193857588710402,
      "val_aami_margin": -4.5137692248207095,
      "val_sbp_mae": 9.373715831828058,
      "val_dbp_mae": 5.058581174541554
    },
    {
      "epoch": 10,
      "train_loss": 0.3182463144715683,
      "val_aami_margin": -4.562432000854683,
      "val_sbp_mae": 9.418234142930805,
      "val_dbp_mae": 5.062357450344886
    },
    {
      "epoch": 11,
      "train_loss": 0.3170111943319131,
      "val_aami_margin": -4.529221830887009,
      "val_sbp_mae": 9.389658083675679,
      "val_dbp_mae": 5.04980572077409
    },
    {
      "epoch": 12,
      "train_loss": 0.3158092852555951,
      "val_aami_margin": -4.471014386968346,
      "val_sbp_mae": 9.337304871827657,
      "val_dbp_mae": 5.044635957373654
    },
    {
      "epoch": 13,
      "train_loss": 0.31445614944854045,
      "val_aami_margin": -4.587662941539936,
      "val_sbp_mae": 9.427127666539429,
      "val_dbp_mae": 5.102058665401554
    },
    {
      "epoch": 14,
      "train_loss": 0.3134979194030785,
      "val_aami_margin": -4.512640864129354,
      "val_sbp_mae": 9.375368332181496,
      "val_dbp_mae": 5.043873073662076
    },
    {
      "epoch": 15,
      "train_loss": 0.31249050727165895,
      "val_aami_margin": -4.509675539274751,
      "val_sbp_mae": 9.37834467127356,
      "val_dbp_mae": 5.087657235599376
    },
    {
      "epoch": 16,
      "train_loss": 0.3114398249904848,
      "val_aami_margin": -4.550796816295433,
      "val_sbp_mae": 9.421330843199582,
      "val_dbp_mae": 5.089088627430611
    },
    {
      "epoch": 17,
      "train_loss": 0.31085013943937684,
      "val_aami_margin": -4.6300295809281415,
      "val_sbp_mae": 9.471328304774955,
      "val_dbp_mae": 5.110504421831869
    },
    {
      "epoch": 18,
      "train_loss": 0.3100053798669486,
      "val_aami_margin": -4.563751966451573,
      "val_sbp_mae": 9.4414298611062,
      "val_dbp_mae": 5.1114428176362035
    },
    {
      "epoch": 19,
      "train_loss": 0.30913240839157985,
      "val_aami_margin": -4.476402253421568,
      "val_sbp_mae": 9.34491399395845,
      "val_dbp_mae": 5.098526045295219
    },
    {
      "epoch": 20,
      "train_loss": 0.3085825513009154,
      "val_aami_margin": -4.573036410352396,
      "val_sbp_mae": 9.422419830815457,