{
  "name": "lever_wavelet_net_sbp2x_s0",
  "best_val_metrics": {
    "sbp": {
      "mae": 8.762812404624217,
      "rmse": 11.79129703325009,
      "me": -0.07476849293990233,
      "sd": 11.791111026930663,
      "pearson_r": 0.8270912860135239,
      "r2": 0.6839618106975066,
      "n": 115488,
      "aami_pass": false,
      "aami_margin": -3.791111026930663,
      "bhs": {
        "grade": "D",
        "pct5": 39.14519257412025,
        "pct10": 66.96972845663619,
        "pct15": 83.24587835965642
      }
    },
    "dbp": {
      "mae": 4.652605378694266,
      "rmse": 6.512056230129608,
      "me": -0.06756393744472422,
      "sd": 6.511733918061456,
      "pearson_r": 0.8488768348712427,
      "r2": 0.7203609496683832,
      "n": 115488,
      "aami_pass": true,
      "aami_margin": 1.4882660819385443,
      "bhs": {
        "grade": "A",
        "pct5": 65.10979495705182,
        "pct10": 89.89245635910224,
        "pct15": 97.00834718758658
      }
    },
    "sbp_sd": 11.791111026930663,
    "dbp_sd": 6.511733918061456,
    "sbp_me_abs": 0.07476849293990233,
    "dbp_me_abs": 0.06756393744472422,
    "sbp_mae": 8.762812404624217,
    "dbp_mae": 4.652605378694266,
    "aami_margin": -3.791111026930663,
    "aami_pass_both": false,
    "error_signature": [
      0.020995774709239013,
      0.0621596898549462,
      0.07923509169316548,
      0.13647253561005357,
      0.11444875201463606,
      0.08238010192969465,
      0.08190965718517228,
      0.11511085943285272,
      0.14347693513960882,
      0.08452323909918544,
      0.06209870627695256,
      0.017188657054493184,
      0.0032410978135588814,
      0.016084164550709316,
      0.03733328711446968,
      0.11380239702581613,
      0.15555536297695702,
      0.15303354622897403,
      0.1590304437877514,
      0.18401462827034568,
      0.1342282460807848,
      0.033884204414479216,
      0.009116670855251184,
      0.0006759508809026545
    ]
  },
  "final_val_metrics": {
    "sbp": {
      "mae": 9.229838892099618,
      "rmse": 12.245805901885879,
      "me": -0.10981897890701041,
      "sd": 12.245366485866255,
      "pearson_r": 0.8124560009153089,
      "r2": 0.6591281415704345,
      "n": 115488,
      "aami_pass": false,
      "aami_margin": -4.2453664858662545,
      "bhs": {
        "grade": "D",
        "pct5": 36.76485868661679,
        "pct10": 64.11402050429483,
        "pct15": 80.97464671654197
      }
    },
    "dbp": {
      "mae": 4.877821899144624,
      "rmse": 6.704955244540752,
      "me": -0.07870349662585413,
      "sd": 6.704522340495832,
      "pearson_r": 0.8389868845567486,
      "r2": 0.7035487395006639,
      "n": 115488,
      "aami_pass": true,
      "aami_margin": 1.2954776595041677,
      "bhs": {
        "grade": "A",
        "pct5": 62.536367414796345,
        "pct10": 88.90967026877252,
        "pct15": 96.72520088667221
      }
    },
    "sbp_sd": 12.245366485866255,
    "dbp_sd": 6.704522340495832,
    "sbp_me_abs": 0.10981897890701041,
    "dbp_me_abs": 0.07870349662585413,
    "sbp_mae": 9.229838892099618,
    "dbp_mae": 4.877821899144624,
    "aami_margin": -4.2453664858662545,
    "aami_pass_both": false,
    "error_signature": [
      0.02399240603337165,
      0.07058382972794092,
      0.08358588497578988,
      0.13449681262409866,
      0.10689901417772668,
      0.07685407740272407,
      0.07752464555683283,
      0.10848399345107465,
      0.1405667607203818,
      0.08598947991779009,
      0.07054028634131049,
      0.020482809070958303,
      0.0032234863911683406,
      0.01724391913555107,
      0.040752840047485764,
      0.12302106531026057,
      0.15706697399547673,
      0.1405422735977401,
      0.1500914187672764,
      0.1781236189700441,
      0.1409062156096462,
      0.03746003136833531,
      0.01097891735916744,
      0.0005892394478479762
    ]
  },
  "history": [
    {
      "epoch": 0,
      "train_loss": 0.34613889055480374,
      "val_aami_margin": -4.061237498134636,
      "val_sbp_mae": 8.968870415947926,
      "val_dbp_mae": 4.760566341932262
    },
    {
      "epoch": 1,
      "train_loss": 0.30611160908327467,
      "val_aami_margin": -3.791111026930663,
      "val_sbp_mae": 8.762812404624217,
      "val_dbp_mae": 4.652605378694266
    },
    {
      "epoch": 2,
      "train_loss": 0.296787436464852,
      "val_aami_margin": -3.837652044385015,
      "val_sbp_mae": 8.802823157899505,
      "val_dbp_mae": 4.67447037919339
    },
    {
      "epoch": 3,
      "train_loss": 0.289562906451861,
      "val_aami_margin": -3.9507177618103295,
      "val_sbp_mae": 8.902042949355707,
      "val_dbp_mae": 4.710079951834976
    },
    {
      "epoch": 4,
      "train_loss": 0.28364761739021316,
      "val_aami_margin": -4.009312494236887,
      "val_sbp_mae": 8.981195121135228,
      "val_dbp_mae": 4.7069810639508685
    },
    {
      "epoch": 5,
      "train_loss": 0.27908756847750466,
      "val_aami_margin": -3.8156048569762753,
      "val_sbp_mae": 8.83745740672516,
      "val_dbp_mae": 4.68017552755949
    },
    {
      "epoch": 6,
      "train_loss": 0.27546423636967254,
      "val_aami_margin": -3.818937104801556,
      "val_sbp_mae": 8.834962146520217,
      "val_dbp_mae": 4.673516618945053
    },
    {
      "epoch": 7,
      "train_loss": 0.27245441200192033,
      "val_aami_margin": -3.9270251041305944,
      "val_sbp_mae": 8.920243657303939,
      "val_dbp_mae": 4.724676327852514
    },
    {
      "epoch": 8,
      "train_loss": 0.26971055957670687,
      "val_aami_margin": -4.029618810747722,
      "val_sbp_mae": 9.025096113793369,
      "val_dbp_mae": 4.707965157767854
    },
    {
      "epoch": 9,
      "train_loss": 0.2673655418982781,
      "val_aami_margin": -4.0791920319819255,
      "val_sbp_mae": 9.063703917610075,
      "val_dbp_mae": 4.743691874076505
    },
    {
      "epoch": 10,
      "train_loss": 0.2654711775556843,
      "val_aami_margin": -4.0717246760397,
      "val_sbp_mae": 9.0715957846864,
      "val_dbp_mae": 4.757898946280011
    },
    {
      "epoch": 11,
      "train_loss": 0.2636588352288426,
      "val_aami_margin": -4.058051290207887,
      "val_sbp_mae": 9.053149035946019,
      "val_dbp_mae": 4.770605937927143
    },
    {
      "epoch": 12,
      "train_loss": 0.26213994041740873,
      "val_aami_margin": -4.083077620303365,
      "val_sbp_mae": 9.084534649222844,
      "val_dbp_mae": 4.777536561756344
    },
    {
      "epoch": 13,
      "train_loss": 0.26058433571101475,
      "val_aami_margin": -4.2091624770150435,
      "val_sbp_mae": 9.167537663137288,
      "val_dbp_mae": 4.773452485209725
    },
    {
      "epoch": 14,
      "train_loss": 0.25954399003490275,
      "val_aami_margin": -4.1125716527271265,
      "val_sbp_mae": 9.10580342232155,
      "val_dbp_mae": 4.731347062582645
    },
    {
      "epoch": 15,
      "train_loss": 0.2580092806283603,
      "val_aami_margin": -4.236202490432753,
      "val_sbp_mae": 9.208566394962633,
      "val_dbp_mae": 4.8058293872358595
    },
    {
      "epoch": 16,
      "train_loss": 0.2573997037404527,
      "val_aami_margin": -4.115161277095567,
      "val_sbp_mae": 9.110053539219034,
      "val_dbp_mae": 4.805797645128903
    },
    {
      "epoch": 17,
      "train_loss": 0.2565533384989572,
      "val_aami_margin": -4.184762244866727,
      "val_sbp_mae": 9.181990954307459,
      "val_dbp_mae": 4.797471714361564
    },
    {
      "epoch": 18,
      "train_loss": 0.25573092880051373,
      "val_aami_margin": -4.156376459894135,
      "val_sbp_mae": 9.139087675909257,
      "val_dbp_mae": 4.827492658857413
    },
    {
      "epoch": 19,
      "train_loss": 0.2550208954569718,
      "val_aami_margin": -4.154249387059783,
      "val_sbp_mae": 9.161652598640135,
      "val_dbp_mae": 4.805103001173002
    },
    {
      "epoch": 20,
      "train_loss": 0.2539830033066769,
      "val_aami_margin": -4.159336111656936,
      "val_sbp_mae": 9.13555298984712,