{
  "name": "lever_wavelet_net_sbp3x_s2",
  "best_val_metrics": {
    "sbp": {
      "mae": 8.716074424012048,
      "rmse": 11.74531262884128,
      "me": -0.10669393092218864,
      "sd": 11.744878866255046,
      "pearson_r": 0.8131964198406987,
      "r2": 0.6610588148422007,
      "n": 115488,
      "aami_pass": false,
      "aami_margin": -3.7448788662550463,
      "bhs": {
        "grade": "D",
        "pct5": 39.203207259628705,
        "pct10": 67.42865059573289,
        "pct15": 83.33679689664727
      }
    },
    "dbp": {
      "mae": 4.582410240846919,
      "rmse": 6.443087443128584,
      "me": -0.0560131433013161,
      "sd": 6.4428718568692345,
      "pearson_r": 0.8602666935653183,
      "r2": 0.7400095269063052,
      "n": 115488,
      "aami_pass": true,
      "aami_margin": 1.5571281431307655,
      "bhs": {
        "grade": "A",
        "pct5": 66.10123995566639,
        "pct10": 90.59642560266002,
        "pct15": 97.14688972014407
      }
    },
    "sbp_sd": 11.744878866255046,
    "dbp_sd": 6.4428718568692345,
    "sbp_me_abs": 0.10669393092218864,
    "dbp_me_abs": 0.0560131433013161,
    "sbp_mae": 8.716074424012048,
    "dbp_mae": 4.582410240846919,
    "aami_margin": -3.7448788662550463,
    "aami_pass_both": false,
    "error_signature": [
      0.020680395473329963,
      0.06274738879492232,
      0.07817049992153306,
      0.138110516312403,
      0.11133585589984132,
      0.0798095869152034,
      0.08474428499189175,
      0.1188425255889379,
      0.1460879875847879,
      0.08200666097054875,
      0.061352421140734796,
      0.016111876405865838,
      0.0030080793370089115,
      0.014598287041853047,
      0.03276812649537085,
      0.11497451367939249,
      0.16397933354138494,
      0.15109747217309893,
      0.16067651444224834,
      0.18601546516869516,
      0.13025763722736572,
      0.03281147057803668,
      0.009440341204618745,
      0.00037275911092617635
    ]
  },
  "final_val_metrics": {
    "sbp": {
      "mae": 9.197733963458397,
      "rmse": 12.347038494155822,
      "me": -0.13315749044078312,
      "sd": 12.346373903370429,
      "pearson_r": 0.7927521162462503,
      "r2": 0.6254405264673222,
      "n": 115488,
      "aami_pass": false,
      "aami_margin": -4.346373903370429,
      "bhs": {
        "grade": "D",
        "pct5": 37.04887087835966,
        "pct10": 64.92882377389859,
        "pct15": 81.6154059296204
      }
    },
    "dbp": {
      "mae": 4.825303718852422,
      "rmse": 6.691504875356691,
      "me": -0.04892114066293769,
      "sd": 6.691355013365101,
      "pearson_r": 0.8491718368148685,
      "r2": 0.719574837124274,
      "n": 115488,
      "aami_pass": true,
      "aami_margin": 1.3086449866348993,
      "bhs": {
        "grade": "A",
        "pct5": 63.181456082017185,
        "pct10": 89.34781102798559,
        "pct15": 96.82910778609033
      }
    },
    "sbp_sd": 12.346373903370429,
    "dbp_sd": 6.691355013365101,
    "sbp_me_abs": 0.13315749044078312,
    "dbp_me_abs": 0.04892114066293769,
    "sbp_mae": 9.197733963458397,
    "dbp_mae": 4.825303718852422,
    "aami_margin": -4.346373903370429,
    "aami_pass_both": false,
    "error_signature": [
      0.02316362969624475,
      0.06763116307090533,
      0.08236927348449792,
      0.13710458994350974,
      0.10797761343892154,
      0.07744492853588049,
      0.07813468607300952,
      0.11002069272611387,
      0.14401962753092995,
      0.08588791003466249,
      0.06607702583534876,
      0.020168859629975642,
      0.003103194209682313,
      0.01603605946344212,
      0.03650153859489447,
      0.12367702509426602,
      0.16030858579291812,
      0.1445499068174923,
      0.1509990031638712,
      0.17663069388462704,
      0.1382655051358731,
      0.03839119316950548,
      0.010739825770380965,
      0.0007974689030468513
    ]
  },
  "history": [
    {
      "epoch": 0,
      "train_loss": 0.3620260159185611,
      "val_aami_margin": -4.322968329558696,
      "val_sbp_mae": 9.101565576020503,
      "val_dbp_mae": 4.746706225908784
    },
    {
      "epoch": 1,
      "train_loss": 0.33378300033439545,
      "val_aami_margin": -3.7448788662550463,
      "val_sbp_mae": 8.716074424012048,
      "val_dbp_mae": 4.582410240846919
    },
    {
      "epoch": 2,
      "train_loss": 0.30040809437657334,
      "val_aami_margin": -3.9014335732791174,
      "val_sbp_mae": 8.831524468303604,
      "val_dbp_mae": 4.631178792680877
    },
    {
      "epoch": 3,
      "train_loss": 0.29128287084071186,
      "val_aami_margin": -3.9314966877999282,
      "val_sbp_mae": 8.8509276370271,
      "val_dbp_mae": 4.629858701362019
    },
    {
      "epoch": 4,
      "train_loss": 0.2849581811874758,
      "val_aami_margin": -3.902673103792182,
      "val_sbp_mae": 8.840907374479142,
      "val_dbp_mae": 4.6452634538626345
    },
    {
      "epoch": 5,
      "train_loss": 0.27929473779397834,
      "val_aami_margin": -4.007515735408747,
      "val_sbp_mae": 8.946777963092098,
      "val_dbp_mae": 4.66814663195222
    },
    {
      "epoch": 6,
      "train_loss": 0.27473459023766356,
      "val_aami_margin": -3.9414475647030134,
      "val_sbp_mae": 8.867943782666591,
      "val_dbp_mae": 4.633450133858962
    },
    {
      "epoch": 7,
      "train_loss": 0.2708901620639159,
      "val_aami_margin": -4.003099517345683,
      "val_sbp_mae": 8.9368028113678,
      "val_dbp_mae": 4.702866244042505
    },
    {
      "epoch": 8,
      "train_loss": 0.2670911670021798,
      "val_aami_margin": -3.930772382149751,
      "val_sbp_mae": 8.891326810706678,
      "val_dbp_mae": 4.668992119965153
    },
    {
      "epoch": 9,
      "train_loss": 0.2643650261767619,
      "val_aami_margin": -4.10616621410521,
      "val_sbp_mae": 9.023217106742926,
      "val_dbp_mae": 4.716193565238507
    },
    {
      "epoch": 10,
      "train_loss": 0.2621320156419963,
      "val_aami_margin": -4.124642139778247,
      "val_sbp_mae": 9.038362343546584,
      "val_dbp_mae": 4.73118807876344
    },
    {
      "epoch": 11,
      "train_loss": 0.2602131624572837,
      "val_aami_margin": -4.090411900965986,
      "val_sbp_mae": 8.989633549692472,
      "val_dbp_mae": 4.7575522917997795
    },
    {
      "epoch": 12,
      "train_loss": 0.2584577928615438,
      "val_aami_margin": -4.359160606279726,
      "val_sbp_mae": 9.198849938880983,
      "val_dbp_mae": 4.843451103878718
    },
    {
      "epoch": 13,
      "train_loss": 0.2571476299060127,
      "val_aami_margin": -4.0956175079841,
      "val_sbp_mae": 8.982271888335928,
      "val_dbp_mae": 4.750392151173092
    },
    {
      "epoch": 14,
      "train_loss": 0.25580101528011034,
      "val_aami_margin": -4.118690084775256,
      "val_sbp_mae": 9.018913070497858,
      "val_dbp_mae": 4.728409678690563
    },
    {
      "epoch": 15,
      "train_loss": 0.25439292186513834,
      "val_aami_margin": -4.120146199504351,
      "val_sbp_mae": 9.023533785432017,
      "val_dbp_mae": 4.733451262663106
    },
    {
      "epoch": 16,
      "train_loss": 0.2534383691663186,
      "val_aami_margin": -4.134989892581126,
      "val_sbp_mae": 9.051885460935052,
      "val_dbp_mae": 4.773036673732935
    },
    {
      "epoch": 17,
      "train_loss": 0.25235080864075266,
      "val_aami_margin": -4.075695563128761,
      "val_sbp_mae": 8.987571767570524,
      "val_dbp_mae": 4.749910409740344
    },
    {
      "epoch": 18,
      "train_loss": 0.2516660618815733,
      "val_aami_margin": -4.211142399674737,
      "val_sbp_mae": 9.106088849466403,
      "val_dbp_mae": 4.770403524890764
    },
    {
      "epoch": 19,
      "train_loss": 0.2509511695076724,
      "val_aami_margin": -4.166622046585232,
      "val_sbp_mae": 9.088635144589388,
      "val_dbp_mae": 4.7744897263167925
    },
    {
      "epoch": 20,
      "train_loss": 0.2503824006346196,
      "val_aami_margin": -4.224981674721855,
      "val_sbp_mae": 9.109491252669388,