{
  "name": "lever_resunet_sa_sbp3x_s2",
  "best_val_metrics": {
    "sbp": {
      "mae": 8.751678284209884,
      "rmse": 11.836451037344196,
      "me": -0.09046446538347472,
      "sd": 11.836156572395568,
      "pearson_r": 0.810318460069863,
      "r2": 0.655778340889098,
      "n": 115488,
      "aami_pass": false,
      "aami_margin": -3.836156572395568,
      "bhs": {
        "grade": "D",
        "pct5": 39.14605846494874,
        "pct10": 67.19312829038515,
        "pct15": 83.40433638126905
      }
    },
    "dbp": {
      "mae": 4.573640415421669,
      "rmse": 6.440697539003588,
      "me": -0.04371126000115547,
      "sd": 6.44057709333091,
      "pearson_r": 0.8604791824020918,
      "r2": 0.7402023652223906,
      "n": 115488,
      "aami_pass": true,
      "aami_margin": 1.5594229066690897,
      "bhs": {
        "grade": "A",
        "pct5": 66.36273898586866,
        "pct10": 90.63365890828484,
        "pct15": 97.08541147132169
      }
    },
    "sbp_sd": 11.836156572395568,
    "dbp_sd": 6.44057709333091,
    "sbp_me_abs": 0.09046446538347472,
    "dbp_me_abs": 0.04371126000115547,
    "sbp_mae": 8.751678284209884,
    "dbp_mae": 4.573640415421669,
    "aami_margin": -3.836156572395568,
    "aami_pass_both": false,
    "error_signature": [
      0.02086059781186201,
      0.061665706957022455,
      0.0805458130485613,
      0.13749149348269904,
      0.11106457973442217,
      0.08158404439093336,
      0.08416653579716973,
      0.11761677921443403,
      0.14510809820447051,
      0.08279676839588895,
      0.06143886649566386,
      0.015660716466872567,
      0.0027739491500446433,
      0.015508109466968333,
      0.03281928588146569,
      0.11199819693305248,
      0.1646078762818679,
      0.1517176813252542,
      0.16150452067025547,
      0.18653941174940836,
      0.1309824114286705,
      0.031770386359105056,
      0.00904134051092676,
      0.0007368302429806083
    ]
  },
  "final_val_metrics": {
    "sbp": {
      "mae": 10.636220258008304,
      "rmse": 14.194017059238533,
      "me": -0.05914074513983682,
      "sd": 14.193955303097589,
      "pearson_r": 0.7397594080842481,
      "r2": 0.504999283738061,
      "n": 115488,
      "aami_pass": false,
      "aami_margin": -6.193955303097589,
      "bhs": {
        "grade": "D",
        "pct5": 32.520261845386536,
        "pct10": 58.22769465225824,
        "pct15": 75.67626073704628
      }
    },
    "dbp": {
      "mae": 5.664741811844786,
      "rmse": 7.6731330745759,
      "me": 0.007708470245945065,
      "sd": 7.673162423266599,
      "pearson_r": 0.8090324230324929,
      "r2": 0.6312645913145785,
      "n": 115488,
      "aami_pass": true,
      "aami_margin": 0.32683757673340086,
      "bhs": {
        "grade": "B",
        "pct5": 55.369389027431424,
        "pct10": 84.47804100858963,
        "pct15": 94.95532003325022
      }
    },
    "sbp_sd": 14.193955303097589,
    "dbp_sd": 7.673162423266599,
    "sbp_me_abs": 0.05914074513983682,
    "dbp_me_abs": 0.007708470245945065,
    "sbp_mae": 10.636220258008304,
    "dbp_mae": 5.664741811844786,
    "aami_margin": -6.193955303097589,
    "aami_pass_both": false,
    "error_signature": [
      0.031960701606383354,
      0.08507328904355162,
      0.0870944497170375,
      0.12908186579493128,
      0.0976659988048789,
      0.06797251221484059,
      0.06787584800871735,
      0.09652360364160427,
      0.13181482653168827,
      0.08998558824563253,
      0.08371999015782629,
      0.031231326232908013,
      0.00407469699859553,
      0.021344476618174884,
      0.05059559932724152,
      0.1421115600020807,
      0.14926395366982817,
      0.12205884902814142,
      0.12485911951866557,
      0.15819360879440986,
      0.14933331021448512,
      0.05430617446638809,
      0.02150919841173513,
      0.0023494529502540184
    ]
  },
  "history": [
    {
      "epoch": 0,
      "train_loss": 0.33165408235080857,
      "val_aami_margin": -3.836156572395568,
      "val_sbp_mae": 8.751678284209884,
      "val_dbp_mae": 4.573640415421669
    },
    {
      "epoch": 1,
      "train_loss": 0.27176726303039284,
      "val_aami_margin": -4.473599482879747,
      "val_sbp_mae": 9.288075324552153,
      "val_dbp_mae": 4.836116567975613
    },
    {
      "epoch": 2,
      "train_loss": 0.23338831008590405,
      "val_aami_margin": -4.469236051275333,
      "val_sbp_mae": 9.286567736484928,
      "val_dbp_mae": 4.937211723227684
    },
    {
      "epoch": 3,
      "train_loss": 0.20773381236240815,
      "val_aami_margin": -4.780833334107525,
      "val_sbp_mae": 9.577389634875974,
      "val_dbp_mae": 5.0307401940729415
    },
    {
      "epoch": 4,
      "train_loss": 0.1909103901627639,
      "val_aami_margin": -4.953659607539498,
      "val_sbp_mae": 9.704579641383637,
      "val_dbp_mae": 5.115391475087823
    },
    {
      "epoch": 5,
      "train_loss": 0.17940606570066797,
      "val_aami_margin": -5.155155882222266,
      "val_sbp_mae": 9.852338341551334,
      "val_dbp_mae": 5.227256659521604
    },
    {
      "epoch": 6,
      "train_loss": 0.17011818429718364,
      "val_aami_margin": -5.364841796945461,
      "val_sbp_mae": 10.002303726894331,
      "val_dbp_mae": 5.094194384474467
    },
    {
      "epoch": 7,
      "train_loss": 0.16302584728099523,
      "val_aami_margin": -5.229013096348991,
      "val_sbp_mae": 9.884084857143234,
      "val_dbp_mae": 5.230760614379648
    },
    {
      "epoch": 8,
      "train_loss": 0.1571760250243699,
      "val_aami_margin": -5.852746361463291,
      "val_sbp_mae": 10.340958471148822,
      "val_dbp_mae": 5.333634898718157
    },
    {
      "epoch": 9,
      "train_loss": 0.1524151226208993,
      "val_aami_margin": -5.650909780564742,
      "val_sbp_mae": 10.278479979282846,
      "val_dbp_mae": 5.442997227274327
    },
    {
      "epoch": 10,
      "train_loss": 0.14832465110917875,
      "val_aami_margin": -5.401267305977717,
      "val_sbp_mae": 10.032965205861299,
      "val_dbp_mae": 5.470476126176811
    },
    {
      "epoch": 11,
      "train_loss": 0.14460247730030978,
      "val_aami_margin": -5.51635281809067,
      "val_sbp_mae": 10.140448006528935,
      "val_dbp_mae": 5.434587014349717
    },
    {
      "epoch": 12,
      "train_loss": 0.14171108244449168,
      "val_aami_margin": -5.8346768090911585,
      "val_sbp_mae": 10.303252114179475,
      "val_dbp_mae": 5.541072300648739
    },
    {
      "epoch": 13,
      "train_loss": 0.13863986829993705,
      "val_aami_margin": -5.420284756168638,
      "val_sbp_mae": 10.038321922280762,
      "val_dbp_mae": 5.456018021884518
    },
    {
      "epoch": 14,
      "train_loss": 0.13644520841827087,
      "val_aami_margin": -5.847520652592376,
      "val_sbp_mae": 10.370045418861617,
      "val_dbp_mae": 5.5207535570734105
    },
    {
      "epoch": 15,
      "train_loss": 0.1342085841070862,
      "val_aami_margin": -5.703565227509982,
      "val_sbp_mae": 10.287354018618057,
      "val_dbp_mae": 5.4582645531197675
    },
    {
      "epoch": 16,
      "train_loss": 0.1321257196811031,
      "val_aami_margin": -5.385189316925107,
      "val_sbp_mae": 10.02658906146246,
      "val_dbp_mae": 5.476718599165247
    },
    {
      "epoch": 17,
      "train_loss": 0.130423312591209,
      "val_aami_margin": -5.756126598714724,
      "val_sbp_mae": 10.352605793220672,
      "val_dbp_mae": 5.591371207808
    },
    {
      "epoch": 18,
      "train_loss": 0.12885691923189754,
      "val_aami_margin": -5.811105192256743,
      "val_sbp_mae": 10.373196863533398,
      "val_dbp_mae": 5.528574638073009
    },
    {
      "epoch": 19,
      "train_loss": 0.12766275423686574,
      "val_aami_margin": -5.3855284580259895,
      "val_sbp_mae": 10.038011955510811,
      "val_dbp_mae": 5.5324057093484935
    },
    {
      "epoch": 20,
      "train_loss": 0.12629528662657824,
      "val_aami_margin": -6.071513162138109,
      "val_sbp_mae": 10.521869504518682,