{
  "name": "lever_wavelet_net_ext_s0",
  "best_val_metrics": {
    "sbp": {
      "mae": 8.925439771235238,
      "rmse": 11.997795235119032,
      "me": -0.0490083301338752,
      "sd": 11.997747084435163,
      "pearson_r": 0.8202619191545367,
      "r2": 0.6727954783330645,
      "n": 115488,
      "aami_pass": false,
      "aami_margin": -3.9977470844351632,
      "bhs": {
        "grade": "D",
        "pct5": 38.229080077583816,
        "pct10": 66.22592823496814,
        "pct15": 82.6492795788307
      }
    },
    "dbp": {
      "mae": 4.749077333243604,
      "rmse": 6.607053833085495,
      "me": -0.0583406485230909,
      "sd": 6.606824856505014,
      "pearson_r": 0.843908825073239,
      "r2": 0.7121427146381083,
      "n": 115488,
      "aami_pass": true,
      "aami_margin": 1.393175143494986,
      "bhs": {
        "grade": "A",
        "pct5": 64.21359794957053,
        "pct10": 89.57813798836243,
        "pct15": 96.8585480742588
      }
    },
    "sbp_sd": 11.997747084435163,
    "dbp_sd": 6.606824856505014,
    "sbp_me_abs": 0.0490083301338752,
    "dbp_me_abs": 0.0583406485230909,
    "sbp_mae": 8.925439771235238,
    "dbp_mae": 4.749077333243604,
    "aami_margin": -3.9977470844351632,
    "aami_pass_both": false,
    "error_signature": [
      0.021375083905049993,
      0.06397705578269246,
      0.07870947495052871,
      0.13790939126341392,
      0.11180075492751475,
      0.08041808687768605,
      0.08091497912180834,
      0.11173973307297343,
      0.14395055486300593,
      0.08663359863311046,
      0.0643170346865656,
      0.018254251915650364,
      0.0034058115450945046,
      0.016760405924205527,
      0.03710861332339611,
      0.11831078680313023,
      0.15714397136691768,
      0.14559194391243685,
      0.15480410083975354,
      0.1851357558215112,
      0.13554783301990622,
      0.035756688129923477,
      0.009654132471336585,
      0.0007799568423880545
    ]
  },
  "final_val_metrics": {
    "sbp": {
      "mae": 9.580361113973337,
      "rmse": 12.711572613589741,
      "me": -0.03863530788307368,
      "sd": 12.711568934024386,
      "pearson_r": 0.7977075705493079,
      "r2": 0.6327050385836819,
      "n": 115488,
      "aami_pass": false,
      "aami_margin": -4.7115689340243865,
      "bhs": {
        "grade": "D",
        "pct5": 35.5976378498199,
        "pct10": 62.418606262122466,
        "pct15": 79.5190842338598
      }
    },
    "dbp": {
      "mae": 5.167380775711125,
      "rmse": 7.046317498300692,
      "me": -0.05584263483498167,
      "sd": 7.046126722080811,
      "pearson_r": 0.8222930406736986,
      "r2": 0.672594515015142,
      "n": 115488,
      "aami_pass": true,
      "aami_margin": 0.9538732779191887,
      "bhs": {
        "grade": "B",
        "pct5": 59.73780825713494,
        "pct10": 87.32768772513163,
        "pct15": 96.15284704904406
      }
    },
    "sbp_sd": 12.711568934024386,
    "dbp_sd": 7.046126722080811,
    "sbp_me_abs": 0.03863530788307368,
    "dbp_me_abs": 0.05584263483498167,
    "sbp_mae": 9.580361113973337,
    "dbp_mae": 5.167380775711125,
    "aami_margin": -4.7115689340243865,
    "aami_pass_both": false,
    "error_signature": [
      0.02546165051507724,
      0.07418682344321066,
      0.08379054979370743,
      0.13325715481974476,
      0.1044808666905088,
      0.07420426890433782,
      0.0754603421054927,
      0.10445469849881807,
      0.1369294243870101,
      0.08847465610634753,
      0.076070933244943,
      0.02322863149080188,
      0.0033885085362683077,
      0.019975734465724933,
      0.04429326631423867,
      0.12886731952508884,
      0.15432013172718606,
      0.13371176011786118,
      0.1387295259554554,
      0.17112401421267007,
      0.1472657942629344,
      0.04403327844700581,
      0.01332871132680475,
      0.0009619551087615911
    ]
  },
  "history": [
    {
      "epoch": 0,
      "train_loss": 0.35189911440075944,
      "val_aami_margin": -4.150117755631223,
      "val_sbp_mae": 9.038836553900834,
      "val_dbp_mae": 4.79784978862406
    },
    {
      "epoch": 1,
      "train_loss": 0.2988176937742983,
      "val_aami_margin": -3.9977470844351632,
      "val_sbp_mae": 8.925439771235238,
      "val_dbp_mae": 4.749077333243604
    },
    {
      "epoch": 2,
      "train_loss": 0.2842964002761214,
      "val_aami_margin": -4.003003703280202,
      "val_sbp_mae": 8.980856445680962,
      "val_dbp_mae": 4.747554087242238
    },
    {
      "epoch": 3,
      "train_loss": 0.2757087711677918,
      "val_aami_margin": -4.036685017213749,
      "val_sbp_mae": 9.010152997701558,
      "val_dbp_mae": 4.760852613183539
    },
    {
      "epoch": 4,
      "train_loss": 0.26986015320260204,
      "val_aami_margin": -4.3501954774121145,
      "val_sbp_mae": 9.247929820711343,
      "val_dbp_mae": 4.866021317957847
    },
    {
      "epoch": 5,
      "train_loss": 0.26553934341548197,
      "val_aami_margin": -4.299638513549841,
      "val_sbp_mae": 9.201622498682262,
      "val_dbp_mae": 4.8289116460115284
    },
    {
      "epoch": 6,
      "train_loss": 0.2621601907916018,
      "val_aami_margin": -4.396877402444325,
      "val_sbp_mae": 9.3009331120778,
      "val_dbp_mae": 4.881968831810526
    },
    {
      "epoch": 7,
      "train_loss": 0.2592669862852939,
      "val_aami_margin": -4.35961791011494,
      "val_sbp_mae": 9.285544126583357,
      "val_dbp_mae": 4.982453995018768
    },
    {
      "epoch": 8,
      "train_loss": 0.2566845554523612,
      "val_aami_margin": -4.507456070667644,
      "val_sbp_mae": 9.42031908347751,
      "val_dbp_mae": 5.022695482510215
    },
    {
      "epoch": 9,
      "train_loss": 0.25494057183834845,
      "val_aami_margin": -4.379948381031555,
      "val_sbp_mae": 9.30939839900823,
      "val_dbp_mae": 4.996166866146405
    },
    {
      "epoch": 10,
      "train_loss": 0.2529136728902858,
      "val_aami_margin": -4.560622086744678,
      "val_sbp_mae": 9.451003283547223,
      "val_dbp_mae": 5.07203006341112
    },
    {
      "epoch": 11,
      "train_loss": 0.25146836371375836,
      "val_aami_margin": -4.40221230691937,
      "val_sbp_mae": 9.309155742868338,
      "val_dbp_mae": 5.027817655295872
    },
    {
      "epoch": 12,
      "train_loss": 0.2500474775420791,
      "val_aami_margin": -4.684310540782247,
      "val_sbp_mae": 9.545025810890294,
      "val_dbp_mae": 5.077526836031786
    },
    {
      "epoch": 13,
      "train_loss": 0.24890981473637225,
      "val_aami_margin": -4.466598314032156,
      "val_sbp_mae": 9.359324130240463,
      "val_dbp_mae": 5.0318461921885635
    },
    {
      "epoch": 14,
      "train_loss": 0.24752515723868324,
      "val_aami_margin": -4.488731308777606,
      "val_sbp_mae": 9.402094027535338,
      "val_dbp_mae": 5.018170228046419
    },
    {
      "epoch": 15,
      "train_loss": 0.2467219205479274,
      "val_aami_margin": -4.523284798875656,
      "val_sbp_mae": 9.406383278039453,
      "val_dbp_mae": 5.096846638647579
    },
    {
      "epoch": 16,
      "train_loss": 0.2457070082151928,
      "val_aami_margin": -4.529798513922918,
      "val_sbp_mae": 9.435170846719316,
      "val_dbp_mae": 5.034697776204747
    },
    {
      "epoch": 17,
      "train_loss": 0.24484164957677554,
      "val_aami_margin": -4.676350426326868,
      "val_sbp_mae": 9.525886308841852,
      "val_dbp_mae": 5.069988496851774
    },
    {
      "epoch": 18,
      "train_loss": 0.24410803566668127,
      "val_aami_margin": -4.558869401709007,
      "val_sbp_mae": 9.439059708923653,
      "val_dbp_mae": 5.08300899911186
    },
    {
      "epoch": 19,
      "train_loss": 0.24332521500105764,
      "val_aami_margin": -4.4425460268025425,
      "val_sbp_mae": 9.350345391038948,
      "val_dbp_mae": 5.0625168561569875
    },
    {
      "epoch": 20,
      "train_loss": 0.24280406840522947,
      "val_aami_margin": -4.625214618420205,
      "val_sbp_mae": 9.482739950121577,