{
  "name": "lever_wavelet_net_std_s1",
  "best_val_metrics": {
    "sbp": {
      "mae": 8.367663873298568,
      "rmse": 11.398920578913016,
      "me": -0.03950306045931629,
      "sd": 11.398901480732214,
      "pearson_r": 0.8298619179829543,
      "r2": 0.6881868350539653,
      "n": 115488,
      "aami_pass": false,
      "aami_margin": -3.3989014807322135,
      "bhs": {
        "grade": "D",
        "pct5": 41.375727348295925,
        "pct10": 69.03487808257135,
        "pct15": 84.38972014408424
      }
    },
    "dbp": {
      "mae": 4.646216401379248,
      "rmse": 6.598319485733251,
      "me": 0.006758799192628292,
      "sd": 6.598344591433521,
      "pearson_r": 0.8413246323832064,
      "r2": 0.707826707191988,
      "n": 115488,
      "aami_pass": true,
      "aami_margin": 1.4016554085664792,
      "bhs": {
        "grade": "A",
        "pct5": 65.20937240232752,
        "pct10": 90.20244527569965,
        "pct15": 97.21183153228041
      }
    },
    "sbp_sd": 11.398901480732214,
    "dbp_sd": 6.598344591433521,
    "sbp_me_abs": 0.03950306045931629,
    "dbp_me_abs": 0.006758799192628292,
    "sbp_mae": 8.367663873298568,
    "dbp_mae": 4.646216401379248,
    "aami_margin": -3.3989014807322135,
    "aami_pass_both": false,
    "error_signature": [
      0.017587108013937282,
      0.058649825783972126,
      0.07495644599303136,
      0.13508710801393728,
      0.1164808362369338,
      0.0897212543554007,
      0.09045296167247387,
      0.11958188153310105,
      0.14316202090592334,
      0.07951219512195122,
      0.06022648083623693,
      0.014581881533101046,
      0.003953357319346309,
      0.013368589882526333,
      0.035276778360570464,
      0.11257531752568382,
      0.1552212926438077,
      0.1525076943083792,
      0.15890589102258443,
      0.1862672851012181,
      0.13766526507434218,
      0.0349039837010707,
      0.009025098617191902,
      0.0003294464432788591
    ]
  },
  "final_val_metrics": {
    "sbp": {
      "mae": 8.825366829188637,
      "rmse": 11.882279715886327,
      "me": -0.07465677187087409,
      "sd": 11.882096621143539,
      "pearson_r": 0.8138019412344188,
      "r2": 0.6611819525754628,
      "n": 115488,
      "aami_pass": false,
      "aami_margin": -3.882096621143539,
      "bhs": {
        "grade": "D",
        "pct5": 38.89148656137434,
        "pct10": 66.44499861457469,
        "pct15": 82.7488570241064
      }
    },
    "dbp": {
      "mae": 4.966986663049492,
      "rmse": 6.921856602139699,
      "me": 0.01241783570715199,
      "sd": 6.921875431316848,
      "pearson_r": 0.8254005075329947,
      "r2": 0.6784718282578186,
      "n": 115488,
      "aami_pass": true,
      "aami_margin": 1.078124568683152,
      "bhs": {
        "grade": "A",
        "pct5": 61.72849127182045,
        "pct10": 88.59188833471876,
        "pct15": 96.78494735383762
      }
    },
    "sbp_sd": 11.882096621143539,
    "dbp_sd": 6.921875431316848,
    "sbp_me_abs": 0.07465677187087409,
    "dbp_me_abs": 0.01241783570715199,
    "sbp_mae": 8.825366829188637,
    "dbp_mae": 4.966986663049492,
    "aami_margin": -3.882096621143539,
    "aami_pass_both": false,
    "error_signature": [
      0.02063427083242603,
      0.06452455817923682,
      0.07977597575102997,
      0.13620883380222804,
      0.11236052922680277,
      0.08205802680974487,
      0.08299871961257392,
      0.11379769878668049,
      0.14095584840909683,
      0.08422684632737852,
      0.06553493193042358,
      0.016923760332378125,
      0.004065992180117385,
      0.015752468638109356,
      0.039662930115217564,
      0.12130354495565554,
      0.15621559294996837,
      0.13933609023208232,
      0.145413404769955,
      0.17707439291875818,
      0.147658803436587,
      0.042367811906681575,
      0.010680815279114325,
      0.0004681526177533876
    ]
  },
  "history": [
    {
      "epoch": 0,
      "train_loss": 0.3619000194531302,
      "val_aami_margin": -3.9883353229120857,
      "val_sbp_mae": 8.821757506466582,
      "val_dbp_mae": 4.821375380323515
    },
    {
      "epoch": 1,
      "train_loss": 0.30778266512130825,
      "val_aami_margin": -3.5173978868179745,
      "val_sbp_mae": 8.481486760053413,
      "val_dbp_mae": 4.680804436016683
    },
    {
      "epoch": 2,
      "train_loss": 0.29520445738070744,
      "val_aami_margin": -3.3989014807322135,
      "val_sbp_mae": 8.367663873298568,
      "val_dbp_mae": 4.646216401379248
    },
    {
      "epoch": 3,
      "train_loss": 0.28693217017639244,
      "val_aami_margin": -3.517142231408444,
      "val_sbp_mae": 8.47849945156222,
      "val_dbp_mae": 4.716604711648576
    },
    {
      "epoch": 4,
      "train_loss": 0.28054590532821444,
      "val_aami_margin": -3.5991312868876886,
      "val_sbp_mae": 8.544284494935475,
      "val_dbp_mae": 4.697820788949456
    },
    {
      "epoch": 5,
      "train_loss": 0.27561741802442186,
      "val_aami_margin": -3.6140262094077684,
      "val_sbp_mae": 8.549784474845525,
      "val_dbp_mae": 4.71948213186747
    },
    {
      "epoch": 6,
      "train_loss": 0.2716293550047631,
      "val_aami_margin": -3.477390756277341,
      "val_sbp_mae": 8.460244711878813,
      "val_dbp_mae": 4.775588003171906
    },
    {
      "epoch": 7,
      "train_loss": 0.26836986298916754,
      "val_aami_margin": -3.595195444036605,
      "val_sbp_mae": 8.562791416246101,
      "val_dbp_mae": 4.7651467885165735
    },
    {
      "epoch": 8,
      "train_loss": 0.2658232929657558,
      "val_aami_margin": -3.6919972458802537,
      "val_sbp_mae": 8.620028069931701,
      "val_dbp_mae": 4.77312943249236
    },
    {
      "epoch": 9,
      "train_loss": 0.2639360970444998,
      "val_aami_margin": -3.6195076071023884,
      "val_sbp_mae": 8.579108458725669,
      "val_dbp_mae": 4.777674143211978
    },
    {
      "epoch": 10,
      "train_loss": 0.26182865516006926,
      "val_aami_margin": -3.6042947226858377,
      "val_sbp_mae": 8.560824631671105,
      "val_dbp_mae": 4.777963663039391
    },
    {
      "epoch": 11,
      "train_loss": 0.26034793051775734,
      "val_aami_margin": -3.7160042359442897,
      "val_sbp_mae": 8.646537168979183,
      "val_dbp_mae": 4.7697093379724675
    },
    {
      "epoch": 12,
      "train_loss": 0.2588859189842171,
      "val_aami_margin": -3.8638406462403108,
      "val_sbp_mae": 8.759459849126154,
      "val_dbp_mae": 4.8304334337955455
    },
    {
      "epoch": 13,
      "train_loss": 0.2574746120379662,
      "val_aami_margin": -3.6961115168014835,
      "val_sbp_mae": 8.63646865050249,
      "val_dbp_mae": 4.831496795698552
    },
    {
      "epoch": 14,
      "train_loss": 0.25633644348209217,
      "val_aami_margin": -3.7798885506477156,
      "val_sbp_mae": 8.711071123823455,
      "val_dbp_mae": 4.859518670538925
    },
    {
      "epoch": 15,
      "train_loss": 0.25487765187099715,
      "val_aami_margin": -3.941371993489442,
      "val_sbp_mae": 8.838836959120897,
      "val_dbp_mae": 4.912269547639942
    },
    {
      "epoch": 16,
      "train_loss": 0.25385270784137837,
      "val_aami_margin": -3.868981743589524,
      "val_sbp_mae": 8.810534453317613,
      "val_dbp_mae": 4.9577539250909455
    },
    {
      "epoch": 17,
      "train_loss": 0.2529784392077894,
      "val_aami_margin": -3.8927586007695094,
      "val_sbp_mae": 8.807125602240369,
      "val_dbp_mae": 4.925506291352483
    },
    {
      "epoch": 18,
      "train_loss": 0.2522104556628821,
      "val_aami_margin": -3.8589900841807037,
      "val_sbp_mae": 8.796282300526146,
      "val_dbp_mae": 4.893643422589062
    },
    {
      "epoch": 19,
      "train_loss": 0.25154386072356727,
      "val_aami_margin": -3.816179521427701,
      "val_sbp_mae": 8.743577741990595,
      "val_dbp_mae": 4.833995338458244
    },
    {
      "epoch": 20,
      "train_loss": 0.2509275252672675,
      "val_aami_margin": -3.8035577370026736,
      "val_sbp_mae": 8.743060546289842,