{
  "name": "lever_resunet_sa_equal_s2",
  "best_val_metrics": {
    "sbp": {
      "mae": 8.93742158067033,
      "rmse": 12.048127277998328,
      "me": -0.1073269676864753,
      "sd": 12.047701384262322,
      "pearson_r": 0.8025072180770035,
      "r2": 0.643356531129982,
      "n": 115488,
      "aami_pass": false,
      "aami_margin": -4.0477013842623215,
      "bhs": {
        "grade": "D",
        "pct5": 38.26111803823774,
        "pct10": 66.24151426988085,
        "pct15": 82.5107370462732
      }
    },
    "dbp": {
      "mae": 4.708836164879332,
      "rmse": 6.569929450493683,
      "me": -0.04515705365101619,
      "sd": 6.569802703539304,
      "pearson_r": 0.8546180207770746,
      "r2": 0.7296721468532545,
      "n": 115488,
      "aami_pass": true,
      "aami_margin": 1.4301972964606957,
      "bhs": {
        "grade": "A",
        "pct5": 64.80500138542531,
        "pct10": 89.89072457744528,
        "pct15": 96.97717511776115
      }
    },
    "sbp_sd": 12.047701384262322,
    "dbp_sd": 6.569802703539304,
    "sbp_me_abs": 0.1073269676864753,
    "dbp_me_abs": 0.04515705365101619,
    "sbp_mae": 8.93742158067033,
    "dbp_mae": 4.708836164879332,
    "aami_margin": -4.0477013842623215,
    "aami_pass_both": false,
    "error_signature": [
      0.02165012352792255,
      0.06501147980340291,
      0.07894438188024339,
      0.1377838305004845,
      0.10925455481933495,
      0.07970388218142455,
      0.08081257802337864,
      0.11597656897921413,
      0.14431378711293857,
      0.08508149350932788,
      0.06457498537743674,
      0.016892334284891182,
      0.0030771364428302723,
      0.01569772985342429,
      0.036362217965276035,
      0.11622907763918625,
      0.1618227049329531,
      0.145587559700781,
      0.1557984518969896,
      0.1855209895377361,
      0.13489126006570337,
      0.034576612029436495,
      0.009500117017864728,
      0.000936142917818787
    ]
  },
  "final_val_metrics": {
    "sbp": {
      "mae": 10.4381230994,
      "rmse": 13.89678791712505,
      "me": -0.04110578322315989,
      "sd": 13.896787288526117,
      "pearson_r": 0.7473599811449028,
      "r2": 0.5255133027774029,
      "n": 115488,
      "aami_pass": false,
      "aami_margin": -5.8967872885261166,
      "bhs": {
        "grade": "D",
        "pct5": 32.979183984483235,
        "pct10": 59.00959407037961,
        "pct15": 76.39235245220283
      }
    },
    "dbp": {
      "mae": 5.707746122919758,
      "rmse": 7.722299728339334,
      "me": 0.008034777599726747,
      "sd": 7.722328981929936,
      "pearson_r": 0.8066516278521707,
      "r2": 0.6265240063205817,
      "n": 115488,
      "aami_pass": true,
      "aami_margin": 0.27767101807006433,
      "bhs": {
        "grade": "B",
        "pct5": 55.20054031587698,
        "pct10": 84.02691188694929,
        "pct15": 94.70594347464672
      }
    },
    "sbp_sd": 13.896787288526117,
    "dbp_sd": 7.722328981929936,
    "sbp_me_abs": 0.04110578322315989,
    "dbp_me_abs": 0.008034777599726747,
    "sbp_mae": 10.4381230994,
    "dbp_mae": 5.707746122919758,
    "aami_margin": -5.8967872885261166,
    "aami_pass_both": false,
    "error_signature": [
      0.03012941434525115,
      0.08439570081158149,
      0.08769466988374644,
      0.13057249396797543,
      0.09834612853695986,
      0.06872559771879798,
      0.06989252028953719,
      0.09720552752796666,
      0.13318710243474446,
      0.08844044746654968,
      0.07964027198947138,
      0.03177012502741829,
      0.003519478493039061,
      0.023327380849182545,
      0.05202933476655282,
      0.1399036044314222,
      0.15144159919554778,
      0.12167339933077896,
      0.12312973525893306,
      0.15638273895178487,
      0.1486849633315418,
      0.05488132595918792,
      0.022763917543646733,
      0.0022625218883822536
    ]
  },
  "history": [
    {
      "epoch": 0,
      "train_loss": 0.32523428069954635,
      "val_aami_margin": -4.0477013842623215,
      "val_sbp_mae": 8.93742158067033,
      "val_dbp_mae": 4.708836164879332
    },
    {
      "epoch": 1,
      "train_loss": 0.2570869892878555,
      "val_aami_margin": -4.526760740317616,
      "val_sbp_mae": 9.326608671405834,
      "val_dbp_mae": 4.997024736612352
    },
    {
      "epoch": 2,
      "train_loss": 0.2235736890695886,
      "val_aami_margin": -4.594183792162713,
      "val_sbp_mae": 9.389611447562316,
      "val_dbp_mae": 4.924434536329166
    },
    {
      "epoch": 3,
      "train_loss": 0.2019599725279776,
      "val_aami_margin": -4.824837252382681,
      "val_sbp_mae": 9.606244558578316,
      "val_dbp_mae": 5.232280352115613
    },
    {
      "epoch": 4,
      "train_loss": 0.1874607749862152,
      "val_aami_margin": -5.103379587808021,
      "val_sbp_mae": 9.80319675412516,
      "val_dbp_mae": 5.31918097543192
    },
    {
      "epoch": 5,
      "train_loss": 0.17660791483377122,
      "val_aami_margin": -5.132557192800263,
      "val_sbp_mae": 9.842653903968019,
      "val_dbp_mae": 5.3139066401966355
    },
    {
      "epoch": 6,
      "train_loss": 0.16822544203673367,
      "val_aami_margin": -5.072077110881088,
      "val_sbp_mae": 9.775141299323145,
      "val_dbp_mae": 5.38614435759818
    },
    {
      "epoch": 7,
      "train_loss": 0.1616858986746072,
      "val_aami_margin": -5.260025795131197,
      "val_sbp_mae": 9.903212211474333,
      "val_dbp_mae": 5.289167674244817
    },
    {
      "epoch": 8,
      "train_loss": 0.1557819324856347,
      "val_aami_margin": -5.196721545576681,
      "val_sbp_mae": 9.868776172327289,
      "val_dbp_mae": 5.521073431216976
    },
    {
      "epoch": 9,
      "train_loss": 0.15112140166244895,
      "val_aami_margin": -5.049301328042549,
      "val_sbp_mae": 9.792773896627795,
      "val_dbp_mae": 5.5381602548902675
    },
    {
      "epoch": 10,
      "train_loss": 0.14753683266460824,
      "val_aami_margin": -5.336858376915211,
      "val_sbp_mae": 9.956111822906047,
      "val_dbp_mae": 5.5937472298899245
    },
    {
      "epoch": 11,
      "train_loss": 0.14361160713405152,
      "val_aami_margin": -5.179169613866302,
      "val_sbp_mae": 9.92812024736722,
      "val_dbp_mae": 5.452688430837629
    },
    {
      "epoch": 12,
      "train_loss": 0.14083162759906845,
      "val_aami_margin": -5.385191201941508,
      "val_sbp_mae": 10.028277844989985,
      "val_dbp_mae": 5.489116625347803
    },
    {
      "epoch": 13,
      "train_loss": 0.13810327861247088,
      "val_aami_margin": -5.265508602339388,
      "val_sbp_mae": 9.966849848421237,
      "val_dbp_mae": 5.616997106354348
    },
    {
      "epoch": 14,
      "train_loss": 0.13570957751594756,
      "val_aami_margin": -5.625935517849355,
      "val_sbp_mae": 10.250776474904198,
      "val_dbp_mae": 5.615189344185316
    },
    {
      "epoch": 15,
      "train_loss": 0.1337419661889283,
      "val_aami_margin": -5.535193295259324,
      "val_sbp_mae": 10.13807700318739,
      "val_dbp_mae": 5.497408479401335
    },
    {
      "epoch": 16,
      "train_loss": 0.13180697707133784,
      "val_aami_margin": -5.314861074541891,
      "val_sbp_mae": 9.974133664802276,
      "val_dbp_mae": 5.531406583512605
    },
    {
      "epoch": 17,
      "train_loss": 0.1300064501378722,
      "val_aami_margin": -5.6000651643321895,
      "val_sbp_mae": 10.178215236198675,
      "val_dbp_mae": 5.6642833161048
    },
    {
      "epoch": 18,
      "train_loss": 0.12829976772556517,
      "val_aami_margin": -5.4741821072838555,
      "val_sbp_mae": 10.100484976167484,
      "val_dbp_mae": 5.627198257087067
    },
    {
      "epoch": 19,
      "train_loss": 0.12714337341418872,
      "val_aami_margin": -5.405768680757419,
      "val_sbp_mae": 10.110116631446393,
      "val_dbp_mae": 5.67409258859353
    },
    {
      "epoch": 20,
      "train_loss": 0.125662978530049,
      "val_aami_margin": -5.660757056697253,
      "val_sbp_mae": 10.217575746359337,