{
  "name": "lever_wavelet_net_apg_s0",
  "best_val_metrics": {
    "sbp": {
      "mae": 8.687784713332162,
      "rmse": 11.620830897346123,
      "me": -0.05967559583785064,
      "sd": 11.620727984010747,
      "pearson_r": 0.8327885797134701,
      "r2": 0.6930336512972315,
      "n": 115488,
      "aami_pass": false,
      "aami_margin": -3.620727984010747,
      "bhs": {
        "grade": "D",
        "pct5": 39.1754987531172,
        "pct10": 66.97232612912164,
        "pct15": 83.42771543363813
      }
    },
    "dbp": {
      "mae": 4.570766030130769,
      "rmse": 6.392551139914763,
      "me": -0.06612652527398062,
      "sd": 6.392236789110522,
      "pearson_r": 0.8549072856029616,
      "r2": 0.7305302888840186,
      "n": 115488,
      "aami_pass": true,
      "aami_margin": 1.6077632108894777,
      "bhs": {
        "grade": "A",
        "pct5": 65.87351066777501,
        "pct10": 90.3981366029371,
        "pct15": 97.1676711000277
      }
    },
    "sbp_sd": 11.620727984010747,
    "dbp_sd": 6.392236789110522,
    "sbp_me_abs": 0.05967559583785064,
    "dbp_me_abs": 0.06612652527398062,
    "sbp_mae": 8.687784713332162,
    "dbp_mae": 4.570766030130769,
    "aami_margin": -3.620727984010747,
    "aami_pass_both": false,
    "error_signature": [
      0.020751581383612775,
      0.060592877465609804,
      0.08026555063472866,
      0.13809155058252343,
      0.11212814645308924,
      0.082562581026877,
      0.08391121629499439,
      0.11505163967945985,
      0.1412238647536348,
      0.08508583410916115,
      0.06305522443901124,
      0.017279933177297684,
      0.002980935875216638,
      0.01576256499133449,
      0.03563258232235702,
      0.11393414211438475,
      0.15535528596187176,
      0.1532149046793761,
      0.16454072790294627,
      0.1861265164644714,
      0.13149913344887348,
      0.032114384748700174,
      0.008232235701906412,
      0.0006065857885615251
    ]
  },
  "final_val_metrics": {
    "sbp": {
      "mae": 9.089322129024632,
      "rmse": 12.096861598880581,
      "me": -0.0346643989865096,
      "sd": 12.096864305087111,
      "pearson_r": 0.8180228419962633,
      "r2": 0.6673696834316989,
      "n": 115488,
      "aami_pass": false,
      "aami_margin": -4.096864305087111,
      "bhs": {
        "grade": "D",
        "pct5": 37.35366444998615,
        "pct10": 64.79894014962593,
        "pct15": 81.62406483790524
      }
    },
    "dbp": {
      "mae": 4.980669964325594,
      "rmse": 6.837438227889447,
      "me": -0.0809062977215544,
      "sd": 6.836989136077551,
      "pearson_r": 0.8330774149729304,
      "r2": 0.6917178591552795,
      "n": 115488,
      "aami_pass": true,
      "aami_margin": 1.163010863922449,
      "bhs": {
        "grade": "A",
        "pct5": 61.83412995289553,
        "pct10": 88.31220559711832,
        "pct15": 96.5321072319202
      }
    },
    "sbp_sd": 12.096864305087111,
    "dbp_sd": 6.836989136077551,
    "sbp_me_abs": 0.0346643989865096,
    "dbp_me_abs": 0.0809062977215544,
    "sbp_mae": 9.089322129024632,
    "dbp_mae": 4.980669964325594,
    "aami_margin": -4.096864305087111,
    "aami_pass_both": false,
    "error_signature": [
      0.021896284425244307,
      0.06833661400177679,
      0.08148832023969202,
      0.13662096956817113,
      0.10850593133241591,
      0.07974637239361053,
      0.07925862699670772,
      0.10821850993781246,
      0.13944292507882314,
      0.08775062274635498,
      0.06907694183636141,
      0.019657881443029594,
      0.003396821545553803,
      0.01791996672501343,
      0.04107381154572711,
      0.12537044418640925,
      0.16018786502833574,
      0.14002356978215283,
      0.14230255974766468,
      0.17628810592537392,
      0.1396076324500442,
      0.041186461239839864,
      0.011776225715325557,
      0.0008665361085596437
    ]
  },
  "history": [
    {
      "epoch": 0,
      "train_loss": 0.31778496311599524,
      "val_aami_margin": -3.620727984010747,
      "val_sbp_mae": 8.687784713332162,
      "val_dbp_mae": 4.570766030130769
    },
    {
      "epoch": 1,
      "train_loss": 0.28939020899087803,
      "val_aami_margin": -3.6469732576652056,
      "val_sbp_mae": 8.683809660788686,
      "val_dbp_mae": 4.60122870779887
    },
    {
      "epoch": 2,
      "train_loss": 0.2779747065225647,
      "val_aami_margin": -3.8891872413690525,
      "val_sbp_mae": 8.88436907480789,
      "val_dbp_mae": 4.6768012284744
    },
    {
      "epoch": 3,
      "train_loss": 0.270244527843077,
      "val_aami_margin": -3.9057194716557095,
      "val_sbp_mae": 8.9045996979384,
      "val_dbp_mae": 4.712697222881179
    },
    {
      "epoch": 4,
      "train_loss": 0.2643256855340619,
      "val_aami_margin": -3.8617342521646343,
      "val_sbp_mae": 8.861882072151039,
      "val_dbp_mae": 4.734087643609088
    },
    {
      "epoch": 5,
      "train_loss": 0.25969221509739576,
      "val_aami_margin": -4.061486090835121,
      "val_sbp_mae": 9.034888478038816,
      "val_dbp_mae": 4.879298628548356
    },
    {
      "epoch": 6,
      "train_loss": 0.2553829171154064,
      "val_aami_margin": -4.043390374661103,
      "val_sbp_mae": 9.03372168507439,
      "val_dbp_mae": 4.836409155067736
    },
    {
      "epoch": 7,
      "train_loss": 0.25211390855570504,
      "val_aami_margin": -4.075509742814019,
      "val_sbp_mae": 9.040355512964501,
      "val_dbp_mae": 4.820968094669385
    },
    {
      "epoch": 8,
      "train_loss": 0.2497417849681468,
      "val_aami_margin": -4.010183391584626,
      "val_sbp_mae": 8.987821499017423,
      "val_dbp_mae": 4.832607490881189
    },
    {
      "epoch": 9,
      "train_loss": 0.24733545976078564,
      "val_aami_margin": -4.078758495369607,
      "val_sbp_mae": 9.07837257951675,
      "val_dbp_mae": 4.828585139299958
    },
    {
      "epoch": 10,
      "train_loss": 0.24521827246491323,
      "val_aami_margin": -4.095596459443048,
      "val_sbp_mae": 9.090151258860729,
      "val_dbp_mae": 4.876817162993019
    },
    {
      "epoch": 11,
      "train_loss": 0.24333387703961892,
      "val_aami_margin": -4.121074560249001,
      "val_sbp_mae": 9.076625245509835,
      "val_dbp_mae": 4.865048601995962
    },
    {
      "epoch": 12,
      "train_loss": 0.24224272461003823,
      "val_aami_margin": -4.133130398968646,
      "val_sbp_mae": 9.10338618928542,
      "val_dbp_mae": 4.934031575163008
    },
    {
      "epoch": 13,
      "train_loss": 0.2409142002663168,
      "val_aami_margin": -4.177752784834249,
      "val_sbp_mae": 9.184354393052908,
      "val_dbp_mae": 4.99752377973844
    },
    {
      "epoch": 14,
      "train_loss": 0.2394964242954549,
      "val_aami_margin": -4.209813436161925,
      "val_sbp_mae": 9.18809996206781,
      "val_dbp_mae": 4.94204690276493
    },
    {
      "epoch": 15,
      "train_loss": 0.23842220815361226,
      "val_aami_margin": -4.16043711244458,
      "val_sbp_mae": 9.121851061652068,
      "val_dbp_mae": 4.9587350984137615
    },
    {
      "epoch": 16,
      "train_loss": 0.2376204169754058,
      "val_aami_margin": -4.238646425281312,
      "val_sbp_mae": 9.191878858650007,
      "val_dbp_mae": 5.0113778672967575
    },
    {
      "epoch": 17,
      "train_loss": 0.23649874293069598,
      "val_aami_margin": -4.39881040773477,
      "val_sbp_mae": 9.32851294865146,
      "val_dbp_mae": 4.965416678787135
    },
    {
      "epoch": 18,
      "train_loss": 0.2356744551987602,
      "val_aami_margin": -4.352367162563215,
      "val_sbp_mae": 9.305207300238358,
      "val_dbp_mae": 5.0104621807323415
    },
    {
      "epoch": 19,
      "train_loss": 0.23489654362598042,
      "val_aami_margin": -4.219592176007744,
      "val_sbp_mae": 9.18419819062012,
      "val_dbp_mae": 4.878373253604634
    },
    {
      "epoch": 20,
      "train_loss": 0.23439275886139715,
      "val_aami_margin": -4.192968377020408,
      "val_sbp_mae": 9.165324469223485,
      "val_dbp_mae": 4.90383531693457
    },
    {
      "epoch": 21,