{
  "name": "lever_resunet_sa_apg_s2",
  "best_val_metrics": {
    "sbp": {
      "mae": 8.886598958306756,
      "rmse": 11.944347411212307,
      "me": -0.10763887857364114,
      "sd": 11.943914107450786,
      "pearson_r": 0.8060175071728666,
      "r2": 0.6494741629463869,
      "n": 115488,
      "aami_pass": false,
      "aami_margin": -3.9439141074507855,
      "bhs": {
        "grade": "D",
        "pct5": 38.61786505957328,
        "pct10": 66.32983513438626,
        "pct15": 82.67871986699917
      }
    },
    "dbp": {
      "mae": 4.699372678217838,
      "rmse": 6.54125997099864,
      "me": -0.03606556897787893,
      "sd": 6.541188865408672,
      "pearson_r": 0.8559376434007845,
      "r2": 0.7320262814152019,
      "n": 115488,
      "aami_pass": true,
      "aami_margin": 1.4588111345913282,
      "bhs": {
        "grade": "A",
        "pct5": 64.5746744250485,
        "pct10": 89.96259351620948,
        "pct15": 97.09926572457745
      }
    },
    "sbp_sd": 11.943914107450786,
    "dbp_sd": 6.541188865408672,
    "sbp_me_abs": 0.10763887857364114,
    "dbp_me_abs": 0.03606556897787893,
    "sbp_mae": 8.886598958306756,
    "dbp_mae": 4.699372678217838,
    "aami_margin": -3.9439141074507855,
    "aami_pass_both": false,
    "error_signature": [
      0.021382912855037454,
      0.06545682866635853,
      0.08000279059221599,
      0.13676518038562496,
      0.11008014232020301,
      0.08086613005903846,
      0.08252304418728362,
      0.11546075293666228,
      0.14232892361625868,
      0.0846508707519774,
      0.06251798623889214,
      0.017964437390447455,
      0.002947193231857425,
      0.01436323289761104,
      0.03638916819805139,
      0.11860719115148573,
      0.16133282479803057,
      0.14651884470025311,
      0.15647862418085365,
      0.18211053708262542,
      0.1355448840192781,
      0.03505426302832773,
      0.010072466280642142,
      0.0005807704309836691
    ]
  },
  "final_val_metrics": {
    "sbp": {
      "mae": 10.402159349198723,
      "rmse": 13.875735649683689,
      "me": -0.07949221885662952,
      "sd": 13.875568021478399,
      "pearson_r": 0.7464163812579377,
      "r2": 0.5269498152599368,
      "n": 115488,
      "aami_pass": false,
      "aami_margin": -5.875568021478399,
      "bhs": {
        "grade": "D",
        "pct5": 32.927230534774175,
        "pct10": 59.3472914934885,
        "pct15": 76.60449570518149
      }
    },
    "dbp": {
      "mae": 5.949641437758592,
      "rmse": 8.078785728251361,
      "me": -0.060024094629336604,
      "sd": 8.078597716423936,
      "pearson_r": 0.7913482338025075,
      "r2": 0.591246426440371,
      "n": 115488,
      "aami_pass": false,
      "aami_margin": -0.07859771642393554,
      "bhs": {
        "grade": "B",
        "pct5": 53.89477694652258,
        "pct10": 82.76097949570517,
        "pct15": 93.72921862011637
      }
    },
    "sbp_sd": 13.875568021478399,
    "dbp_sd": 8.078597716423936,
    "sbp_me_abs": 0.07949221885662952,
    "dbp_me_abs": 0.060024094629336604,
    "sbp_mae": 10.402159349198723,
    "dbp_mae": 5.949641437758592,
    "aami_margin": -5.875568021478399,
    "aami_pass_both": false,
    "error_signature": [
      0.03034373765310154,
      0.08305017779533781,
      0.0877562667369068,
      0.1317441503138856,
      0.09786206593792528,
      0.06836120988629879,
      0.06968699240528557,
      0.09796742613810966,
      0.1361517186882655,
      0.0872294657359849,
      0.08032837262390799,
      0.029518416084990562,
      0.004413154495088306,
      0.026981801156610627,
      0.05472658383693004,
      0.14325845132091175,
      0.1510443309605764,
      0.11859160546919029,
      0.11830548739779949,
      0.15171193979382158,
      0.1457814924959033,
      0.05509940435419683,
      0.02644424599217944,
      0.0036415027267919227
    ]
  },
  "history": [
    {
      "epoch": 0,
      "train_loss": 0.3034987845419384,
      "val_aami_margin": -3.9439141074507855,
      "val_sbp_mae": 8.886598958306756,
      "val_dbp_mae": 4.699372678217838
    },
    {
      "epoch": 1,
      "train_loss": 0.24741702626721368,
      "val_aami_margin": -4.546658998282341,
      "val_sbp_mae": 9.318983797619534,
      "val_dbp_mae": 4.957825289272407
    },
    {
      "epoch": 2,
      "train_loss": 0.2162758863708482,
      "val_aami_margin": -4.946499522431186,
      "val_sbp_mae": 9.592483488483918,
      "val_dbp_mae": 5.112838266444096
    },
    {
      "epoch": 3,
      "train_loss": 0.1964143594836536,
      "val_aami_margin": -5.060143606833705,
      "val_sbp_mae": 9.719712003898056,
      "val_dbp_mae": 5.31156192343187
    },
    {
      "epoch": 4,
      "train_loss": 0.1826037397511344,
      "val_aami_margin": -5.3393027192247935,
      "val_sbp_mae": 9.992234057424103,
      "val_dbp_mae": 5.366090041430083
    },
    {
      "epoch": 5,
      "train_loss": 0.17227566003251152,
      "val_aami_margin": -5.079667137035072,
      "val_sbp_mae": 9.826764557391432,
      "val_dbp_mae": 5.370099357518192
    },
    {
      "epoch": 6,
      "train_loss": 0.16438467234825593,
      "val_aami_margin": -5.295225015358776,
      "val_sbp_mae": 9.963866278367286,
      "val_dbp_mae": 5.471781150658347
    },
    {
      "epoch": 7,
      "train_loss": 0.15794013392964237,
      "val_aami_margin": -5.1675486921078555,
      "val_sbp_mae": 9.866687364452691,
      "val_dbp_mae": 5.282312091252729
    },
    {
      "epoch": 8,
      "train_loss": 0.15247928964022217,
      "val_aami_margin": -5.5103792498290485,
      "val_sbp_mae": 10.125158451832723,
      "val_dbp_mae": 5.5316977408106895
    },
    {
      "epoch": 9,
      "train_loss": 0.14764931154405675,
      "val_aami_margin": -5.387202104862226,
      "val_sbp_mae": 10.036659524685595,
      "val_dbp_mae": 5.648871212911456
    },
    {
      "epoch": 10,
      "train_loss": 0.1436045745233468,
      "val_aami_margin": -5.7315034361925985,
      "val_sbp_mae": 10.302577929174818,
      "val_dbp_mae": 5.594462698660156
    },
    {
      "epoch": 11,
      "train_loss": 0.1404689867827708,
      "val_aami_margin": -5.293358391766912,
      "val_sbp_mae": 9.93720288243667,
      "val_dbp_mae": 5.557908613354451
    },
    {
      "epoch": 12,
      "train_loss": 0.13740940959295306,
      "val_aami_margin": -5.628254712877485,
      "val_sbp_mae": 10.18111969460508,
      "val_dbp_mae": 5.658405070200356
    },
    {
      "epoch": 13,
      "train_loss": 0.13471750652963144,
      "val_aami_margin": -5.368687771971064,
      "val_sbp_mae": 10.050278533477845,
      "val_dbp_mae": 5.606892038993624
    },
    {
      "epoch": 14,
      "train_loss": 0.1324650841388056,
      "val_aami_margin": -5.433966889877002,
      "val_sbp_mae": 10.089131720042927,
      "val_dbp_mae": 5.607780923838864
    },
    {
      "epoch": 15,
      "train_loss": 0.13057612275115787,
      "val_aami_margin": -5.4996982059451724,
      "val_sbp_mae": 10.076646323454847,
      "val_dbp_mae": 5.592610324472068
    },
    {
      "epoch": 16,
      "train_loss": 0.12859253389681374,
      "val_aami_margin": -5.985030291460653,
      "val_sbp_mae": 10.491887637725887,
      "val_dbp_mae": 5.6470961460348255
    },
    {
      "epoch": 17,
      "train_loss": 0.12653385569948083,
      "val_aami_margin": -5.69366784967716,
      "val_sbp_mae": 10.249141876133402,
      "val_dbp_mae": 5.7034691730648515
    },
    {
      "epoch": 18,
      "train_loss": 0.12529182795711397,
      "val_aami_margin": -5.431847739267562,
      "val_sbp_mae": 10.095854174421254,
      "val_dbp_mae": 5.658049500852765
    },
    {
      "epoch": 19,
      "train_loss": 0.12401426142381153,
      "val_aami_margin": -5.441815147223684,
      "val_sbp_mae": 10.134997749693094,
      "val_dbp_mae": 5.592797512185625
    },
    {
      "epoch": 20,
      "train_loss": 0.12268285907018044,
      "val_aami_margin": -5.64869035781803,
      "val_sbp_mae": 10.269802216547296,