{
  "name": "lever_resunet_sa_sbp3x_s1",
  "best_val_metrics": {
    "sbp": {
      "mae": 8.556731405956622,
      "rmse": 11.679850073152913,
      "me": -0.00938061000582571,
      "sd": 11.67989687384594,
      "pearson_r": 0.8202597112929296,
      "r2": 0.672628002726801,
      "n": 115488,
      "aami_pass": false,
      "aami_margin": -3.6798968738459408,
      "bhs": {
        "grade": "D",
        "pct5": 40.74709060681629,
        "pct10": 68.28328484344694,
        "pct15": 83.74549736769188
      }
    },
    "dbp": {
      "mae": 4.735276411333412,
      "rmse": 6.743125562971361,
      "me": 0.0074443259936811754,
      "sd": 6.743150647973576,
      "pearson_r": 0.8335903036973888,
      "r2": 0.694861976623036,
      "n": 115488,
      "aami_pass": true,
      "aami_margin": 1.256849352026424,
      "bhs": {
        "grade": "A",
        "pct5": 64.68377666943752,
        "pct10": 89.60584649487393,
        "pct15": 96.92089221390967
      }
    },
    "sbp_sd": 11.67989687384594,
    "dbp_sd": 6.743150647973576,
    "sbp_me_abs": 0.00938061000582571,
    "dbp_me_abs": 0.0074443259936811754,
    "sbp_mae": 8.556731405956622,
    "dbp_mae": 4.735276411333412,
    "aami_margin": -3.6798968738459408,
    "aami_pass_both": false,
    "error_signature": [
      0.019268981384647565,
      0.05952380952380952,
      0.07531548490552883,
      0.13440354179739245,
      0.11576204420274698,
      0.08760370912640313,
      0.08742069302098585,
      0.11932650073206442,
      0.14274384717283692,
      0.08030921006762881,
      0.06199888447326222,
      0.0163232935926933,
      0.004300665042356348,
      0.014714170517900652,
      0.03612211807753336,
      0.1124936053619582,
      0.15409560309023593,
      0.14918798935238575,
      0.16052925926247064,
      0.18390545473463335,
      0.13706635683380877,
      0.03712791877292315,
      0.009997312084348528,
      0.00045954686944533557
    ]
  },
  "final_val_metrics": {
    "sbp": {
      "mae": 10.2252437597142,
      "rmse": 13.630089883943187,
      "me": -0.04991840015439176,
      "sd": 13.630057484706509,
      "pearson_r": 0.763960587072853,
      "r2": 0.5541749863615195,
      "n": 115488,
      "aami_pass": false,
      "aami_margin": -5.630057484706509,
      "bhs": {
        "grade": "D",
        "pct5": 33.41732474369631,
        "pct10": 59.90752285951787,
        "pct15": 77.19503325020781
      }
    },
    "dbp": {
      "mae": 5.749534506575151,
      "rmse": 7.855688538899426,
      "me": 0.021888499715093008,
      "sd": 7.855692055537695,
      "pearson_r": 0.7810151985240146,
      "r2": 0.5858646071317128,
      "n": 115488,
      "aami_pass": true,
      "aami_margin": 0.14430794446230522,
      "bhs": {
        "grade": "B",
        "pct5": 54.99272651704074,
        "pct10": 83.95244527569965,
        "pct15": 94.61675671931283
      }
    },
    "sbp_sd": 13.630057484706509,
    "dbp_sd": 7.855692055537695,
    "sbp_me_abs": 0.04991840015439176,
    "dbp_me_abs": 0.021888499715093008,
    "sbp_mae": 10.2252437597142,
    "dbp_mae": 5.749534506575151,
    "aami_margin": -5.630057484706509,
    "aami_pass_both": false,
    "error_signature": [
      0.029507335231005037,
      0.0807795051456098,
      0.08678782570615283,
      0.13073790234289467,
      0.09739435077731552,
      0.06943726735274798,
      0.0700591197722794,
      0.10112546529450404,
      0.13721042259689073,
      0.08807532296912635,
      0.08116487847602365,
      0.027720604335449966,
      0.004803898615193847,
      0.0234125022762155,
      0.05038023637956002,
      0.13874075422942517,
      0.14929372284800083,
      0.12021886353979692,
      0.12355731293844247,
      0.15764418199318436,
      0.15127077859577015,
      0.05641545918854001,
      0.02218117808242935,
      0.0020811113134413775
    ]
  },
  "history": [
    {
      "epoch": 0,
      "train_loss": 0.325911139163331,
      "val_aami_margin": -3.6798968738459408,
      "val_sbp_mae": 8.556731405956622,
      "val_dbp_mae": 4.735276411333412
    },
    {
      "epoch": 1,
      "train_loss": 0.25652016088767815,
      "val_aami_margin": -4.157479790202574,
      "val_sbp_mae": 9.02978934960172,
      "val_dbp_mae": 4.896454748814218
    },
    {
      "epoch": 2,
      "train_loss": 0.22570142915956887,
      "val_aami_margin": -4.562215549308119,
      "val_sbp_mae": 9.321377040741147,
      "val_dbp_mae": 5.047723044836663
    },
    {
      "epoch": 3,
      "train_loss": 0.20596460039218223,
      "val_aami_margin": -4.562307922599308,
      "val_sbp_mae": 9.35127284807261,
      "val_dbp_mae": 5.1378502764726965
    },
    {
      "epoch": 4,
      "train_loss": 0.19142378497405127,
      "val_aami_margin": -4.990950088689729,
      "val_sbp_mae": 9.721317361535002,
      "val_dbp_mae": 5.280237572315775
    },
    {
      "epoch": 5,
      "train_loss": 0.1808170976236365,
      "val_aami_margin": -4.86761843449799,
      "val_sbp_mae": 9.607155655455923,
      "val_dbp_mae": 5.254186655901392
    },
    {
      "epoch": 6,
      "train_loss": 0.17187041102531914,
      "val_aami_margin": -4.65814830948753,
      "val_sbp_mae": 9.444563561538253,
      "val_dbp_mae": 5.317013301512628
    },
    {
      "epoch": 7,
      "train_loss": 0.16493151016028854,
      "val_aami_margin": -4.815218430074788,
      "val_sbp_mae": 9.621278655351778,
      "val_dbp_mae": 5.354087509438655
    },
    {
      "epoch": 8,
      "train_loss": 0.1591039642751065,
      "val_aami_margin": -5.19411586852654,
      "val_sbp_mae": 9.911509586079005,
      "val_dbp_mae": 5.491964259687012
    },
    {
      "epoch": 9,
      "train_loss": 0.15398723781885043,
      "val_aami_margin": -5.152640118886584,
      "val_sbp_mae": 9.876215063044468,
      "val_dbp_mae": 5.52837599465247
    },
    {
      "epoch": 10,
      "train_loss": 0.14978247028449865,
      "val_aami_margin": -4.836868651849933,
      "val_sbp_mae": 9.639561395375368,
      "val_dbp_mae": 5.357377459708624
    },
    {
      "epoch": 11,
      "train_loss": 0.1461645386469849,
      "val_aami_margin": -5.015333259031577,
      "val_sbp_mae": 9.779196213850332,
      "val_dbp_mae": 5.482502770299239
    },
    {
      "epoch": 12,
      "train_loss": 0.1427406149715182,
      "val_aami_margin": -4.746434902965214,
      "val_sbp_mae": 9.542518098651222,
      "val_dbp_mae": 5.3082630282503125
    },
    {
      "epoch": 13,
      "train_loss": 0.14008045128740598,
      "val_aami_margin": -5.254705274637679,
      "val_sbp_mae": 9.94419111240837,
      "val_dbp_mae": 5.520609194861855
    },
    {
      "epoch": 14,
      "train_loss": 0.13750836862804197,
      "val_aami_margin": -5.236136336913971,
      "val_sbp_mae": 9.92488035222278,
      "val_dbp_mae": 5.531369724553117
    },
    {
      "epoch": 15,
      "train_loss": 0.13554997836681093,
      "val_aami_margin": -5.415984373973727,
      "val_sbp_mae": 10.079151804001325,
      "val_dbp_mae": 5.589160101428802
    },
    {
      "epoch": 16,
      "train_loss": 0.13334442146149705,
      "val_aami_margin": -5.319123673038899,
      "val_sbp_mae": 9.990451775100428,
      "val_dbp_mae": 5.5563311615012
    },
    {
      "epoch": 17,
      "train_loss": 0.1316988934353729,
      "val_aami_margin": -5.394570803878519,
      "val_sbp_mae": 10.048931260400291,
      "val_dbp_mae": 5.547525118439927
    },
    {
      "epoch": 18,
      "train_loss": 0.13001597980079652,
      "val_aami_margin": -5.271429130554976,
      "val_sbp_mae": 9.985109486003202,
      "val_dbp_mae": 5.596815947807707
    },
    {
      "epoch": 19,
      "train_loss": 0.12831723922930693,
      "val_aami_margin": -5.316529522272289,
      "val_sbp_mae": 10.005614075878677,
      "val_dbp_mae": 5.563097733901454
    },
    {
      "epoch": 20,
      "train_loss": 0.12707839354007336,
      "val_aami_margin": -5.48707008267586,
      "val_sbp_mae": 10.14746922281107,