{
  "name": "lever_wavelet_net_vpg_apg_s2",
  "best_val_metrics": {
    "sbp": {
      "mae": 8.771677597457145,
      "rmse": 11.829225017886902,
      "me": -0.06513186879540402,
      "sd": 11.829096921707588,
      "pearson_r": 0.8101493687255038,
      "r2": 0.6561984994566044,
      "n": 115488,
      "aami_pass": false,
      "aami_margin": -3.8290969217075883,
      "bhs": {
        "grade": "D",
        "pct5": 38.874168744804656,
        "pct10": 67.12039346079246,
        "pct15": 83.2467442504849
      }
    },
    "dbp": {
      "mae": 4.571129927845596,
      "rmse": 6.410649375926087,
      "me": -0.02447204319547207,
      "sd": 6.410630420499805,
      "pearson_r": 0.8617593156285384,
      "r2": 0.7426208087916403,
      "n": 115488,
      "aami_pass": true,
      "aami_margin": 1.589369579500195,
      "bhs": {
        "grade": "A",
        "pct5": 65.99906483790524,
        "pct10": 90.73843169853146,
        "pct15": 97.23174702133555
      }
    },
    "sbp_sd": 11.829096921707588,
    "dbp_sd": 6.410630420499805,
    "sbp_me_abs": 0.06513186879540402,
    "dbp_me_abs": 0.02447204319547207,
    "sbp_mae": 8.771677597457145,
    "dbp_mae": 4.571129927845596,
    "aami_margin": -3.8290969217075883,
    "aami_pass_both": false,
    "error_signature": [
      0.020039066587603335,
      0.06263734347204297,
      0.07876975129931285,
      0.13770972130175452,
      0.11160138128291883,
      0.08027834943667377,
      0.08379259827688444,
      0.11582196797935052,
      0.1467525899054728,
      0.08363563430883533,
      0.061739160765984166,
      0.017222435383166486,
      0.002895409821854276,
      0.01464175805123315,
      0.032135581465909585,
      0.11414329677950674,
      0.16334792596766504,
      0.1502492306358632,
      0.16098131853842487,
      0.1861731177668935,
      0.13353560747258464,
      0.03287243725889645,
      0.008538858306965455,
      0.0004854579342031121
    ]
  },
  "final_val_metrics": {
    "sbp": {
      "mae": 9.346424613332013,
      "rmse": 12.495461832742492,
      "me": -0.08144633348217885,
      "sd": 12.495250491077098,
      "pearson_r": 0.7866940628747747,
      "r2": 0.6163812673425426,
      "n": 115488,
      "aami_pass": false,
      "aami_margin": -4.495250491077098,
      "bhs": {
        "grade": "D",
        "pct5": 36.37953726794126,
        "pct10": 63.93997644776947,
        "pct15": 80.93654752008867
      }
    },
    "dbp": {
      "mae": 5.110792802692838,
      "rmse": 6.98181347226151,
      "me": -0.03090503701233506,
      "sd": 6.981775298606885,
      "pearson_r": 0.8364468993440641,
      "r2": 0.6947147179936846,
      "n": 115488,
      "aami_pass": true,
      "aami_margin": 1.0182247013931152,
      "bhs": {
        "grade": "A",
        "pct5": 60.21837766694376,
        "pct10": 87.62382238847326,
        "pct15": 96.44292047658631
      }
    },
    "sbp_sd": 12.495250491077098,
    "dbp_sd": 6.981775298606885,
    "sbp_me_abs": 0.08144633348217885,
    "dbp_me_abs": 0.03090503701233506,
    "sbp_mae": 9.346424613332013,
    "dbp_mae": 5.110792802692838,
    "aami_margin": -4.495250491077098,
    "aami_pass_both": false,
    "error_signature": [
      0.023494796395892994,
      0.07080743172452329,
      0.08304812460711043,
      0.13442934972410422,
      0.10444750995320248,
      0.07601976671090312,
      0.07772228818886638,
      0.1086296011734302,
      0.14346580987637075,
      0.08833030662848362,
      0.06823182230914297,
      0.021373192707969547,
      0.0031205304901833313,
      0.01765700169028735,
      0.0427165951545096,
      0.1294760109218567,
      0.1582889091145495,
      0.13539635071295453,
      0.13887227495340876,
      0.17026827894075325,
      0.14487062800676115,
      0.045568413296927145,
      0.012941533394010316,
      0.0008234733237983791
    ]
  },
  "history": [
    {
      "epoch": 0,
      "train_loss": 0.31511477059863774,
      "val_aami_margin": -3.8290969217075883,
      "val_sbp_mae": 8.771677597457145,
      "val_dbp_mae": 4.571129927845596
    },
    {
      "epoch": 1,
      "train_loss": 0.28479784900995736,
      "val_aami_margin": -3.9695128078837723,
      "val_sbp_mae": 8.913363502593336,
      "val_dbp_mae": 4.642542482305402
    },
    {
      "epoch": 2,
      "train_loss": 0.2723743000778829,
      "val_aami_margin": -3.9533074133418076,
      "val_sbp_mae": 8.88103550744586,
      "val_dbp_mae": 4.675285009567749
    },
    {
      "epoch": 3,
      "train_loss": 0.26360885431975783,
      "val_aami_margin": -4.092112259608911,
      "val_sbp_mae": 8.981062842331571,
      "val_dbp_mae": 4.688689843147392
    },
    {
      "epoch": 4,
      "train_loss": 0.2570309279552389,
      "val_aami_margin": -4.052203482089299,
      "val_sbp_mae": 8.964876200983324,
      "val_dbp_mae": 4.71425873164928
    },
    {
      "epoch": 5,
      "train_loss": 0.2522524603897778,
      "val_aami_margin": -4.29925771102169,
      "val_sbp_mae": 9.168736276299727,
      "val_dbp_mae": 4.738339699455389
    },
    {
      "epoch": 6,
      "train_loss": 0.24842154073382275,
      "val_aami_margin": -4.312562099555631,
      "val_sbp_mae": 9.14299558651433,
      "val_dbp_mae": 4.789959724289254
    },
    {
      "epoch": 7,
      "train_loss": 0.2451979391533639,
      "val_aami_margin": -4.474272993942062,
      "val_sbp_mae": 9.292913353213944,
      "val_dbp_mae": 4.924387078250023
    },
    {
      "epoch": 8,
      "train_loss": 0.24187508457636842,
      "val_aami_margin": -4.327512584779102,
      "val_sbp_mae": 9.19168763705458,
      "val_dbp_mae": 4.869833746480942
    },
    {
      "epoch": 9,
      "train_loss": 0.23968521791545275,
      "val_aami_margin": -4.131636946534547,
      "val_sbp_mae": 9.046768154541304,
      "val_dbp_mae": 4.77995763077824
    },
    {
      "epoch": 10,
      "train_loss": 0.2377833534615486,
      "val_aami_margin": -4.214971201776191,
      "val_sbp_mae": 9.10013917975773,
      "val_dbp_mae": 4.907259962873818
    },
    {
      "epoch": 11,
      "train_loss": 0.23587912401351857,
      "val_aami_margin": -4.203714784592346,
      "val_sbp_mae": 9.097858805400715,
      "val_dbp_mae": 4.8034377666228245
    },
    {
      "epoch": 12,
      "train_loss": 0.23427851816446701,
      "val_aami_margin": -4.398345333076801,
      "val_sbp_mae": 9.252409350233437,
      "val_dbp_mae": 4.918560996466134
    },
    {
      "epoch": 13,
      "train_loss": 0.2328536539979194,
      "val_aami_margin": -4.383634419915115,
      "val_sbp_mae": 9.28947891485264,
      "val_dbp_mae": 4.938522367939431
    },
    {
      "epoch": 14,
      "train_loss": 0.23149578441745702,
      "val_aami_margin": -4.4740271426111295,
      "val_sbp_mae": 9.336268270126553,
      "val_dbp_mae": 4.891410738957001
    },
    {
      "epoch": 15,
      "train_loss": 0.2306350186709936,
      "val_aami_margin": -4.386027793403862,
      "val_sbp_mae": 9.261528438286122,
      "val_dbp_mae": 5.000365870771798
    },
    {
      "epoch": 16,
      "train_loss": 0.22948067221771148,
      "val_aami_margin": -4.361085538763401,
      "val_sbp_mae": 9.238416018974693,
      "val_dbp_mae": 5.009735958782838
    },
    {
      "epoch": 17,
      "train_loss": 0.22874450841473726,
      "val_aami_margin": -4.438021242682094,
      "val_sbp_mae": 9.329687991367749,
      "val_dbp_mae": 5.0378503652231394
    },
    {
      "epoch": 18,
      "train_loss": 0.2280245030565747,
      "val_aami_margin": -4.520172532543208,
      "val_sbp_mae": 9.390240767056978,
      "val_dbp_mae": 5.001496552271788
    },
    {
      "epoch": 19,
      "train_loss": 0.2272729225424511,
      "val_aami_margin": -4.347210631742964,
      "val_sbp_mae": 9.238290006595376,
      "val_dbp_mae": 4.965775814379345
    },
    {
      "epoch": 20,
      "train_loss": 0.22684008997314775,
      "val_aami_margin": -4.578268151945876,
      "val_sbp_mae": 9.400928031159312,