{
  "name": "lever_wavelet_net_vpg_apg_s0",
  "best_val_metrics": {
    "sbp": {
      "mae": 8.669227016189623,
      "rmse": 11.627686196359583,
      "me": -0.043277536477343816,
      "sd": 11.627655999421851,
      "pearson_r": 0.832393705521268,
      "r2": 0.6926713765479684,
      "n": 115488,
      "aami_pass": false,
      "aami_margin": -3.627655999421851,
      "bhs": {
        "grade": "D",
        "pct5": 39.47942643391521,
        "pct10": 67.24248406760876,
        "pct15": 83.3411263507897
      }
    },
    "dbp": {
      "mae": 4.58191647576443,
      "rmse": 6.406975442652151,
      "me": -0.060401469190746473,
      "sd": 6.406718457929555,
      "pearson_r": 0.8541583838117641,
      "r2": 0.7293128413056948,
      "n": 115488,
      "aami_pass": true,
      "aami_margin": 1.5932815420704447,
      "bhs": {
        "grade": "A",
        "pct5": 65.83714325297866,
        "pct10": 90.265655306179,
        "pct15": 97.19970906068163
      }
    },
    "sbp_sd": 11.627655999421851,
    "dbp_sd": 6.406718457929555,
    "sbp_me_abs": 0.043277536477343816,
    "dbp_me_abs": 0.060401469190746473,
    "sbp_mae": 8.669227016189623,
    "dbp_mae": 4.58191647576443,
    "aami_margin": -3.627655999421851,
    "aami_pass_both": false,
    "error_signature": [
      0.020099190811798485,
      0.06221178108413817,
      0.07763856260332376,
      0.13842338814930827,
      0.11327764726355173,
      0.0813538675715653,
      0.08488645262333594,
      0.11719307404507091,
      0.1405551205081354,
      0.08412947011224224,
      0.062855651265988,
      0.01737579396154181,
      0.0031109455021274017,
      0.015364084610785188,
      0.03643012504441113,
      0.1135538436208286,
      0.15540862572465966,
      0.15256631339959617,
      0.1640828776679174,
      0.1868213762684252,
      0.13091967868005788,
      0.03296389050165079,
      0.008232307039055798,
      0.0005459319404847529
    ]
  },
  "final_val_metrics": {
    "sbp": {
      "mae": 9.243247621167843,
      "rmse": 12.275127938247628,
      "me": -0.055907684693793015,
      "sd": 12.27505376481042,
      "pearson_r": 0.812234257766327,
      "r2": 0.6574937822694622,
      "n": 115488,
      "aami_pass": false,
      "aami_margin": -4.275053764810419,
      "bhs": {
        "grade": "D",
        "pct5": 36.91206012745913,
        "pct10": 64.08284843446938,
        "pct15": 80.74258797450817
      }
    },
    "dbp": {
      "mae": 5.058825729462166,
      "rmse": 6.949525595934323,
      "me": -0.056512988116891046,
      "sd": 6.9493258994313845,
      "pearson_r": 0.827268408310606,
      "r2": 0.6815275621466997,
      "n": 115488,
      "aami_pass": true,
      "aami_margin": 1.0506741005686155,
      "bhs": {
        "grade": "A",
        "pct5": 60.901565530617894,
        "pct10": 87.693093654752,
        "pct15": 96.4100166251039
      }
    },
    "sbp_sd": 12.27505376481042,
    "dbp_sd": 6.9493258994313845,
    "sbp_me_abs": 0.055907684693793015,
    "dbp_me_abs": 0.056512988116891046,
    "sbp_mae": 9.243247621167843,
    "dbp_mae": 5.058825729462166,
    "aami_margin": -4.275053764810419,
    "aami_pass_both": false,
    "error_signature": [
      0.023659567054314212,
      0.07099612352454375,
      0.08191123306764232,
      0.13571148569188554,
      0.1078531294917026,
      0.07806960233459645,
      0.07669323576810837,
      0.10873295875255891,
      0.13763665664880875,
      0.08569188553508428,
      0.07287773857746417,
      0.02016638355329065,
      0.0032152947497963357,
      0.018225781290624514,
      0.04397413897699894,
      0.12607248713015443,
      0.15647478896919903,
      0.13957499176676547,
      0.1427902865165618,
      0.1707139514325828,
      0.1420796283777928,
      0.043272147400897853,
      0.012592515556479989,
      0.0010139878321460143
    ]
  },
  "history": [
    {
      "epoch": 0,
      "train_loss": 0.3152795232651596,
      "val_aami_margin": -3.6588968079903843,
      "val_sbp_mae": 8.696012331865154,
      "val_dbp_mae": 4.564870205027775
    },
    {
      "epoch": 1,
      "train_loss": 0.2872412255376323,
      "val_aami_margin": -3.627655999421851,
      "val_sbp_mae": 8.669227016189623,
      "val_dbp_mae": 4.58191647576443
    },
    {
      "epoch": 2,
      "train_loss": 0.2751390678690633,
      "val_aami_margin": -3.902820246816292,
      "val_sbp_mae": 8.899274578347386,
      "val_dbp_mae": 4.6941380693521975
    },
    {
      "epoch": 3,
      "train_loss": 0.26682141238261414,
      "val_aami_margin": -3.8158561430053055,
      "val_sbp_mae": 8.829748402592434,
      "val_dbp_mae": 4.733956437612864
    },
    {
      "epoch": 4,
      "train_loss": 0.260120537911103,
      "val_aami_margin": -3.7995050484658215,
      "val_sbp_mae": 8.837519817016943,
      "val_dbp_mae": 4.6986562088303065
    },
    {
      "epoch": 5,
      "train_loss": 0.2548150328598701,
      "val_aami_margin": -4.090972463653081,
      "val_sbp_mae": 9.064587535068469,
      "val_dbp_mae": 4.831026220602047
    },
    {
      "epoch": 6,
      "train_loss": 0.250691092542451,
      "val_aami_margin": -4.016683920023796,
      "val_sbp_mae": 9.008146934820575,
      "val_dbp_mae": 4.84249651627927
    },
    {
      "epoch": 7,
      "train_loss": 0.24791785621476597,
      "val_aami_margin": -4.3148881709177775,
      "val_sbp_mae": 9.220629427401247,
      "val_dbp_mae": 4.891633874535201
    },
    {
      "epoch": 8,
      "train_loss": 0.24475507395575055,
      "val_aami_margin": -4.011290056010756,
      "val_sbp_mae": 9.011005985949001,
      "val_dbp_mae": 4.890775029578873
    },
    {
      "epoch": 9,
      "train_loss": 0.2421607813245373,
      "val_aami_margin": -4.178343952290254,
      "val_sbp_mae": 9.163124063867533,
      "val_dbp_mae": 4.970148810811286
    },
    {
      "epoch": 10,
      "train_loss": 0.24016058919112168,
      "val_aami_margin": -4.20172389796687,
      "val_sbp_mae": 9.170126851004117,
      "val_dbp_mae": 4.951022747026812
    },
    {
      "epoch": 11,
      "train_loss": 0.23802115355080436,
      "val_aami_margin": -4.242942446490289,
      "val_sbp_mae": 9.219148291338994,
      "val_dbp_mae": 4.952433225489857
    },
    {
      "epoch": 12,
      "train_loss": 0.23648211467322894,
      "val_aami_margin": -4.26439802681813,
      "val_sbp_mae": 9.241309469507296,
      "val_dbp_mae": 5.016381485802646
    },
    {
      "epoch": 13,
      "train_loss": 0.23520341053461402,
      "val_aami_margin": -4.278027666207828,
      "val_sbp_mae": 9.238905646495592,
      "val_dbp_mae": 5.003464668247918
    },
    {
      "epoch": 14,
      "train_loss": 0.23390650828807116,
      "val_aami_margin": -4.332562689367226,
      "val_sbp_mae": 9.279949339977657,
      "val_dbp_mae": 5.011863357848551
    },
    {
      "epoch": 15,
      "train_loss": 0.23272267511380984,
      "val_aami_margin": -4.265023495560438,
      "val_sbp_mae": 9.25027044078277,
      "val_dbp_mae": 5.039850905108562
    },
    {
      "epoch": 16,
      "train_loss": 0.23187198558605313,
      "val_aami_margin": -4.306823196134273,
      "val_sbp_mae": 9.25279887036063,
      "val_dbp_mae": 4.985705971934769
    },
    {
      "epoch": 17,
      "train_loss": 0.23052303207980204,
      "val_aami_margin": -4.256667266287888,
      "val_sbp_mae": 9.206206381377132,
      "val_dbp_mae": 5.00302229179444
    },
    {
      "epoch": 18,
      "train_loss": 0.23009672500197248,
      "val_aami_margin": -4.274369274639124,
      "val_sbp_mae": 9.231269549467498,
      "val_dbp_mae": 4.99388956218687
    },
    {
      "epoch": 19,
      "train_loss": 0.2294323244498004,
      "val_aami_margin": -4.152593224963315,
      "val_sbp_mae": 9.156585034229062,
      "val_dbp_mae": 4.958597439590256
    },
    {
      "epoch": 20,
      "train_loss": 0.22895342722051254,
      "val_aami_margin": -4.441879972241422,
      "val_sbp_mae": 9.38069964302017,