{
  "name": "lever_resunet_sa_sbp2x_s1",
  "best_val_metrics": {
    "sbp": {
      "mae": 8.631877803939439,
      "rmse": 11.7274963573589,
      "me": -0.034467386564062244,
      "sd": 11.727496480789318,
      "pearson_r": 0.8185254889444167,
      "r2": 0.6699516200411761,
      "n": 115488,
      "aami_pass": false,
      "aami_margin": -3.727496480789318,
      "bhs": {
        "grade": "D",
        "pct5": 40.207640620670546,
        "pct10": 67.62347603214187,
        "pct15": 83.40866583541147
      }
    },
    "dbp": {
      "mae": 4.653247921770292,
      "rmse": 6.623174589572104,
      "me": 0.004383614812339462,
      "sd": 6.62320181381274,
      "pearson_r": 0.8400128171479959,
      "r2": 0.705621395643062,
      "n": 115488,
      "aami_pass": true,
      "aami_margin": 1.3767981861872602,
      "bhs": {
        "grade": "A",
        "pct5": 65.32540177334441,
        "pct10": 89.99636325852036,
        "pct15": 97.23867414796342
      }
    },
    "sbp_sd": 11.727496480789318,
    "dbp_sd": 6.62320181381274,
    "sbp_me_abs": 0.034467386564062244,
    "dbp_me_abs": 0.004383614812339462,
    "sbp_mae": 8.631877803939439,
    "dbp_mae": 4.653247921770292,
    "aami_margin": -3.727496480789318,
    "aami_pass_both": false,
    "error_signature": [
      0.019392175148382824,
      0.06110496178216269,
      0.07686273826228679,
      0.1335488987859191,
      0.11379938467974586,
      0.08488979143606683,
      0.0866329083033372,
      0.11938607423934738,
      0.14240393247165256,
      0.08202236418940707,
      0.06398982019749513,
      0.015966950504196553,
      0.004153119174578402,
      0.013118307538908398,
      0.035800060692764556,
      0.11100706637187324,
      0.15730697533272642,
      0.15093423505440673,
      0.16107859713009928,
      0.18480079767633414,
      0.13602982615858153,
      0.03671912255603243,
      0.008540339012442017,
      0.000511553301252872
    ]
  },
  "final_val_metrics": {
    "sbp": {
      "mae": 10.190903457430322,
      "rmse": 13.56904125310441,
      "me": -0.13802661700953356,
      "sd": 13.568397963605932,
      "pearson_r": 0.7640642448172594,
      "r2": 0.5581597076600551,
      "n": 115488,
      "aami_pass": false,
      "aami_margin": -5.568397963605932,
      "bhs": {
        "grade": "D",
        "pct5": 33.3186131892491,
        "pct10": 59.976794125796616,
        "pct15": 77.53706012745913
      }
    },
    "dbp": {
      "mae": 5.813980796347472,
      "rmse": 7.924513226092332,
      "me": -0.002713191495071192,
      "sd": 7.924547070659051,
      "pearson_r": 0.7783312940100726,
      "r2": 0.5785762334164097,
      "n": 115488,
      "aami_pass": true,
      "aami_margin": 0.07545292934094938,
      "bhs": {
        "grade": "B",
        "pct5": 54.40565253532834,
        "pct10": 83.5679897478526,
        "pct15": 94.56047381546135
      }
    },
    "sbp_sd": 13.568397963605932,
    "dbp_sd": 7.924547070659051,
    "sbp_me_abs": 0.13802661700953356,
    "dbp_me_abs": 0.002713191495071192,
    "sbp_mae": 10.190903457430322,
    "dbp_mae": 5.813980796347472,
    "aami_margin": -5.568397963605932,
    "aami_pass_both": false,
    "error_signature": [
      0.029939333455892007,
      0.08009209409004561,
      0.08790958671463964,
      0.13377279372499584,
      0.09760047622799416,
      0.07015608722675981,
      0.07012982465355289,
      0.09896613003475414,
      0.13574248671551506,
      0.0896254081641586,
      0.07833250168518179,
      0.02773327730651049,
      0.0050811157644651385,
      0.024356406454577772,
      0.05215513877689046,
      0.13793581839780109,
      0.1472309653252868,
      0.121123047975791,
      0.12185139904100444,
      0.15460118443756557,
      0.15408960452271328,
      0.057921251376496806,
      0.02158173572995517,
      0.0020723321974525054
    ]
  },
  "history": [
    {
      "epoch": 0,
      "train_loss": 0.3255179943282549,
      "val_aami_margin": -3.727496480789318,
      "val_sbp_mae": 8.631877803939439,
      "val_dbp_mae": 4.653247921770292
    },
    {
      "epoch": 1,
      "train_loss": 0.25652551687746056,
      "val_aami_margin": -4.133488606093815,
      "val_sbp_mae": 9.012063284696291,
      "val_dbp_mae": 4.958313035630098
    },
    {
      "epoch": 2,
      "train_loss": 0.2257673053336582,
      "val_aami_margin": -4.710238949627252,
      "val_sbp_mae": 9.416643782259808,
      "val_dbp_mae": 5.054568798271482
    },
    {
      "epoch": 3,
      "train_loss": 0.20552001535070058,
      "val_aami_margin": -4.8371391589535975,
      "val_sbp_mae": 9.542241556009143,
      "val_dbp_mae": 5.270014069104841
    },
    {
      "epoch": 4,
      "train_loss": 0.19077923820273227,
      "val_aami_margin": -4.959455142273882,
      "val_sbp_mae": 9.679302930104466,
      "val_dbp_mae": 5.336733688773084
    },
    {
      "epoch": 5,
      "train_loss": 0.18010874274652813,
      "val_aami_margin": -4.696899822154121,
      "val_sbp_mae": 9.410736380962586,
      "val_dbp_mae": 5.246337785589095
    },
    {
      "epoch": 6,
      "train_loss": 0.17144477068320962,
      "val_aami_margin": -5.165659093358919,
      "val_sbp_mae": 9.840773226448018,
      "val_dbp_mae": 5.405810947456758
    },
    {
      "epoch": 7,
      "train_loss": 0.16451016512372127,
      "val_aami_margin": -5.116949768569334,
      "val_sbp_mae": 9.773387541299531,
      "val_dbp_mae": 5.479680363280216
    },
    {
      "epoch": 8,
      "train_loss": 0.1585010437076641,
      "val_aami_margin": -5.473918444526081,
      "val_sbp_mae": 10.1100213107993,
      "val_dbp_mae": 5.5512045509753305
    },
    {
      "epoch": 9,
      "train_loss": 0.1538811427104781,
      "val_aami_margin": -5.124765148049496,
      "val_sbp_mae": 9.772533841786196,
      "val_dbp_mae": 5.432334801229512
    },
    {
      "epoch": 10,
      "train_loss": 0.15000335871265005,
      "val_aami_margin": -5.17380276171389,
      "val_sbp_mae": 9.843590322553343,
      "val_dbp_mae": 5.557040258820281
    },
    {
      "epoch": 11,
      "train_loss": 0.14618715723565898,
      "val_aami_margin": -5.289951038817055,
      "val_sbp_mae": 9.932222924451755,
      "val_dbp_mae": 5.473945941935629
    },
    {
      "epoch": 12,
      "train_loss": 0.14268943544130003,
      "val_aami_margin": -5.5593066086184155,
      "val_sbp_mae": 10.16155865992364,
      "val_dbp_mae": 5.652567720108548
    },
    {
      "epoch": 13,
      "train_loss": 0.14023429119760678,
      "val_aami_margin": -5.27602447018991,
      "val_sbp_mae": 9.924631311295308,
      "val_dbp_mae": 5.5914791726966655
    },
    {
      "epoch": 14,
      "train_loss": 0.13736657929664228,
      "val_aami_margin": -5.473069870248834,
      "val_sbp_mae": 10.07950000245217,
      "val_dbp_mae": 5.627223556963496
    },
    {
      "epoch": 15,
      "train_loss": 0.1356630471637108,
      "val_aami_margin": -5.646769764582693,
      "val_sbp_mae": 10.226024125920187,
      "val_dbp_mae": 5.6330356013777525
    },
    {
      "epoch": 16,
      "train_loss": 0.13341099668468007,
      "val_aami_margin": -5.638821551555095,
      "val_sbp_mae": 10.254588838457927,
      "val_dbp_mae": 5.70276099334387
    },
    {
      "epoch": 17,
      "train_loss": 0.1315300200978001,
      "val_aami_margin": -5.47951135174246,
      "val_sbp_mae": 10.070646952750893,
      "val_dbp_mae": 5.72590161519761
    },
    {
      "epoch": 18,
      "train_loss": 0.13000591515926646,
      "val_aami_margin": -5.456257501215129,
      "val_sbp_mae": 10.131261014080868,
      "val_dbp_mae": 5.780710571863096
    },
    {
      "epoch": 19,
      "train_loss": 0.12835023677195173,
      "val_aami_margin": -5.539141815819413,
      "val_sbp_mae": 10.161276223675813,
      "val_dbp_mae": 5.784115936012639
    },
    {
      "epoch": 20,
      "train_loss": 0.12724751160110256,
      "val_aami_margin": -5.50747562878772,
      "val_sbp_mae": 10.121254845627464,