{
  "name": "lever_wavelet_net_sbp3x_s1",
  "best_val_metrics": {
    "sbp": {
      "mae": 8.339050174884882,
      "rmse": 11.351202732910188,
      "me": -0.06124491509381353,
      "sd": 11.351086653700396,
      "pearson_r": 0.8313194231724215,
      "r2": 0.6907919781189753,
      "n": 115488,
      "aami_pass": false,
      "aami_margin": -3.3510866537003956,
      "bhs": {
        "grade": "D",
        "pct5": 41.39044749238016,
        "pct10": 69.16129814353006,
        "pct15": 84.57502078137989
      }
    },
    "dbp": {
      "mae": 4.649005862426778,
      "rmse": 6.613341870764968,
      "me": 0.007958834011500836,
      "sd": 6.613365714054751,
      "pearson_r": 0.8405745818583797,
      "r2": 0.7064948116739695,
      "n": 115488,
      "aami_pass": true,
      "aami_margin": 1.3866342859452487,
      "bhs": {
        "grade": "A",
        "pct5": 65.20071349404267,
        "pct10": 90.0716957605985,
        "pct15": 97.26378498198947
      }
    },
    "sbp_sd": 11.351086653700396,
    "dbp_sd": 6.613365714054751,
    "sbp_me_abs": 0.06124491509381353,
    "dbp_me_abs": 0.007958834011500836,
    "sbp_mae": 8.339050174884882,
    "dbp_mae": 4.649005862426778,
    "aami_margin": -3.3510866537003956,
    "aami_pass_both": false,
    "error_signature": [
      0.017240928692773445,
      0.05849196323561441,
      0.07671734111599948,
      0.13378054623862004,
      0.11433549679836215,
      0.08835649257307139,
      0.09070871629568324,
      0.12303872457202596,
      0.145628784248813,
      0.07836389772182777,
      0.059458988543799274,
      0.013878119963409853,
      0.004109838467741237,
      0.01371680264971864,
      0.03634692585816722,
      0.11064482845326143,
      0.153572698186989,
      0.14969696444209377,
      0.1634137670918124,
      0.18619996011549167,
      0.13839924392845065,
      0.035670623325500944,
      0.007890196214439926,
      0.0003381512663331397
    ]
  },
  "final_val_metrics": {
    "sbp": {
      "mae": 8.923476818855644,
      "rmse": 12.021943436603312,
      "me": -0.0832623704854602,
      "sd": 12.02170714867355,
      "pearson_r": 0.8091137519869382,
      "r2": 0.6531702423304563,
      "n": 115488,
      "aami_pass": false,
      "aami_margin": -4.021707148673549,
      "bhs": {
        "grade": "D",
        "pct5": 38.339914103629816,
        "pct10": 66.26489332224993,
        "pct15": 82.51506650041563
      }
    },
    "dbp": {
      "mae": 4.9105256959520664,
      "rmse": 6.873925202592141,
      "me": -0.017193818153399255,
      "sd": 6.8739334594675965,
      "pearson_r": 0.8273356040703822,
      "r2": 0.6829093476327946,
      "n": 115488,
      "aami_pass": true,
      "aami_margin": 1.1260665405324035,
      "bhs": {
        "grade": "A",
        "pct5": 62.43505818786368,
        "pct10": 88.8715710723192,
        "pct15": 96.78667913549461
      }
    },
    "sbp_sd": 12.02170714867355,
    "dbp_sd": 6.8739334594675965,
    "sbp_me_abs": 0.0832623704854602,
    "dbp_me_abs": 0.017193818153399255,
    "sbp_mae": 8.923476818855644,
    "dbp_mae": 4.9105256959520664,
    "aami_margin": -4.021707148673549,
    "aami_pass_both": false,
    "error_signature": [
      0.021182931613128186,
      0.06521379069868806,
      0.08013773264176437,
      0.13734908250882621,
      0.1098025541559517,
      0.08114893431547748,
      0.08279649566316523,
      0.1122346685263479,
      0.14378241729503552,
      0.08345900710456348,
      0.06408926469947261,
      0.01880312077757922,
      0.004143981690189687,
      0.01571765440233034,
      0.03888233866213545,
      0.1209557166140722,
      0.1555466934840656,
      0.1408086832888303,
      0.14925269618892395,
      0.1795002947602039,
      0.14373027707459168,
      0.04036480909942088,
      0.010672053264902729,
      0.0004248014703332524
    ]
  },
  "history": [
    {
      "epoch": 0,
      "train_loss": 0.3653075903832457,
      "val_aami_margin": -4.314286652200412,
      "val_sbp_mae": 9.05944024547228,
      "val_dbp_mae": 4.9272146899651466
    },
    {
      "epoch": 1,
      "train_loss": 0.3372148241850644,
      "val_aami_margin": -3.447413447209822,
      "val_sbp_mae": 8.400616998124056,
      "val_dbp_mae": 4.667610373792583
    },
    {
      "epoch": 2,
      "train_loss": 0.30244784099913274,
      "val_aami_margin": -3.36841125046573,
      "val_sbp_mae": 8.337547381058949,
      "val_dbp_mae": 4.629147878405916
    },
    {
      "epoch": 3,
      "train_loss": 0.2934581084274128,
      "val_aami_margin": -3.3510866537003956,
      "val_sbp_mae": 8.339050174884882,
      "val_dbp_mae": 4.649005862426778
    },
    {
      "epoch": 4,
      "train_loss": 0.2860831837887697,
      "val_aami_margin": -3.556761874597534,
      "val_sbp_mae": 8.49594162929875,
      "val_dbp_mae": 4.642186542961154
    },
    {
      "epoch": 5,
      "train_loss": 0.2806138393191399,
      "val_aami_margin": -3.540716452800721,
      "val_sbp_mae": 8.488768949791528,
      "val_dbp_mae": 4.703158726366759
    },
    {
      "epoch": 6,
      "train_loss": 0.2762408646854318,
      "val_aami_margin": -3.3534610459945444,
      "val_sbp_mae": 8.347382628873198,
      "val_dbp_mae": 4.652742745866848
    },
    {
      "epoch": 7,
      "train_loss": 0.2719318100367789,
      "val_aami_margin": -3.548856692313082,
      "val_sbp_mae": 8.51267566458731,
      "val_dbp_mae": 4.693844705732052
    },
    {
      "epoch": 8,
      "train_loss": 0.2687550439685831,
      "val_aami_margin": -3.6538638245634854,
      "val_sbp_mae": 8.588563630021095,
      "val_dbp_mae": 4.724338506957244
    },
    {
      "epoch": 9,
      "train_loss": 0.26595309496117475,
      "val_aami_margin": -3.636086739435525,
      "val_sbp_mae": 8.59482303736445,
      "val_dbp_mae": 4.7209520875199384
    },
    {
      "epoch": 10,
      "train_loss": 0.263751576006723,
      "val_aami_margin": -3.6497932807767786,
      "val_sbp_mae": 8.594544282316471,
      "val_dbp_mae": 4.7242056627141595
    },
    {
      "epoch": 11,
      "train_loss": 0.2616344739668625,
      "val_aami_margin": -3.805798362407785,
      "val_sbp_mae": 8.740017197708093,
      "val_dbp_mae": 4.785662238533757
    },
    {
      "epoch": 12,
      "train_loss": 0.25979708588950373,
      "val_aami_margin": -3.8747301420111064,
      "val_sbp_mae": 8.768279783483953,
      "val_dbp_mae": 4.82068905701167
    },
    {
      "epoch": 13,
      "train_loss": 0.2578942693599005,
      "val_aami_margin": -3.7322029201787945,
      "val_sbp_mae": 8.650691150118673,
      "val_dbp_mae": 4.758416519381205
    },
    {
      "epoch": 14,
      "train_loss": 0.2565116844340543,
      "val_aami_margin": -3.720027286356551,
      "val_sbp_mae": 8.661545538571799,
      "val_dbp_mae": 4.784707361215487
    },
    {
      "epoch": 15,
      "train_loss": 0.25518748375894645,
      "val_aami_margin": -3.8659194645163986,
      "val_sbp_mae": 8.779126180291506,
      "val_dbp_mae": 4.799665769444262
    },
    {
      "epoch": 16,
      "train_loss": 0.2539519687847606,
      "val_aami_margin": -3.931046318442233,
      "val_sbp_mae": 8.842570056565032,
      "val_dbp_mae": 4.8472818092584635
    },
    {
      "epoch": 17,
      "train_loss": 0.25299143724149287,
      "val_aami_margin": -3.843322560694329,
      "val_sbp_mae": 8.76640571580649,
      "val_dbp_mae": 4.848046843709425
    },
    {
      "epoch": 18,
      "train_loss": 0.25221280245787286,
      "val_aami_margin": -3.9831477067224252,
      "val_sbp_mae": 8.883542664917233,
      "val_dbp_mae": 4.85920944499455
    },
    {
      "epoch": 19,
      "train_loss": 0.25158850670316646,
      "val_aami_margin": -4.023213237890209,
      "val_sbp_mae": 8.912177622086093,
      "val_dbp_mae": 4.804898918375042
    },
    {
      "epoch": 20,
      "train_loss": 0.2506863275530676,
      "val_aami_margin": -3.8374366717852517,
      "val_sbp_mae": 8.763294343425196,