{
  "name": "seed_runet_attn_free",
  "best_val_metrics": {
    "sbp": {
      "mae": 15.384541319592675,
      "rmse": 20.340213969889497,
      "me": -8.193745141970409,
      "sd": 18.616907523993273,
      "pearson_r": 0.46794152622305674,
      "r2": 0.06291553627194724,
      "n": 144360,
      "aami_pass": false,
      "aami_margin": -10.616907523993273,
      "bhs": {
        "grade": "D",
        "pct5": 23.063175394846215,
        "pct10": 43.21280133000831,
        "pct15": 59.614159046827375
      }
    },
    "dbp": {
      "mae": 16.560510790274744,
      "rmse": 21.237678224967084,
      "me": -12.586110726377084,
      "sd": 17.10645551426022,
      "pearson_r": 0.26365996431360617,
      "r2": -1.9819190470620507,
      "n": 144360,
      "aami_pass": false,
      "aami_margin": -9.106455514260219,
      "bhs": {
        "grade": "D",
        "pct5": 21.045303408146303,
        "pct10": 39.924494319756164,
        "pct15": 54.6737323358271
      }
    },
    "sbp_sd": 18.616907523993273,
    "dbp_sd": 17.10645551426022,
    "sbp_me_abs": 8.193745141970409,
    "dbp_me_abs": 12.586110726377084,
    "sbp_mae": 15.384541319592675,
    "dbp_mae": 16.560510790274744,
    "aami_margin": -10.616907523993273,
    "aami_pass_both": false,
    "error_signature": [
      0.11937115797523457,
      0.1590561487102562,
      0.10764287184917204,
      0.12073884526015471,
      0.0773037442277714,
      0.049802935380452364,
      0.049435277508162005,
      0.06827406688432013,
      0.09314979852348598,
      0.06645783699520574,
      0.06650930909732639,
      0.022258007588458483,
      0.1889874489307667,
      0.19996319334535684,
      0.1065773491847326,
      0.11193639810077662,
      0.06825426037027495,
      0.04419743089550591,
      0.04500717729765542,
      0.06618572637932939,
      0.08868931502815709,
      0.05016010894769774,
      0.027538739004011926,
      0.002502852515734845
    ]
  },
  "final_val_metrics": {
    "sbp": {
      "mae": 15.167582661762149,
      "rmse": 19.730963945346442,
      "me": -0.7863335046783191,
      "sd": 19.71535722155742,
      "pearson_r": 0.4696947213486788,
      "r2": 0.11821174649243693,
      "n": 144360,
      "aami_pass": false,
      "aami_margin": -11.715357221557419,
      "bhs": {
        "grade": "D",
        "pct5": 22.055278470490443,
        "pct10": 42.50277085065115,
        "pct15": 59.41742865059574
      }
    },
    "dbp": {
      "mae": 9.19876719698249,
      "rmse": 12.10930168899011,
      "me": -1.1018393800549524,
      "sd": 12.059110445350017,
      "pearson_r": 0.42830129614317397,
      "r2": 0.03056214395273449,
      "n": 144360,
      "aami_pass": false,
      "aami_margin": -4.059110445350017,
      "bhs": {
        "grade": "D",
        "pct5": 35.617899695206425,
        "pct10": 63.85078969243557,
        "pct15": 81.54821280133001
      }
    },
    "sbp_sd": 19.71535722155742,
    "dbp_sd": 12.059110445350017,
    "sbp_me_abs": 0.7863335046783191,
    "dbp_me_abs": 1.1018393800549524,
    "sbp_mae": 15.167582661762149,
    "dbp_mae": 9.19876719698249,
    "aami_margin": -11.715357221557419,
    "aami_pass_both": false,
    "error_signature": [
      0.07334150183791353,
      0.1201572437131688,
      0.08896376684754069,
      0.1065989847715736,
      0.06788610770756753,
      0.048135830561876425,
      0.04732627341151759,
      0.06886341093412685,
      0.10868487076258825,
      0.08912421961608029,
      0.11252844389987747,
      0.06838934593616897,
      0.02362880383976783,
      0.0824112960611684,
      0.09160608893415748,
      0.13991014496797868,
      0.10518201225042206,
      0.07333510066833168,
      0.07378856162185542,
      0.10640286866375522,
      0.14442382553613037,
      0.08662499476775823,
      0.06006613553599085,
      0.01262016715268379
    ]
  },
  "history": [
    {
      "epoch": 0,
      "train_loss": 0.3199269146430681,
      "val_aami_margin": -12.356196285498747,
      "val_sbp_mae": 15.833701360596994,
      "val_dbp_mae": 8.455488721000478
    },
    {
      "epoch": 1,
      "train_loss": 0.2951734941285531,
      "val_aami_margin": -10.616907523993273,
      "val_sbp_mae": 15.384541319592675,
      "val_dbp_mae": 16.560510790274744
    },
    {
      "epoch": 2,
      "train_loss": 0.28168100737771,
      "val_aami_margin": -18.37596928830054,
      "val_sbp_mae": 22.212416983002754,
      "val_dbp_mae": 11.242934915688988
    },
    {
      "epoch": 3,
      "train_loss": 0.2706610134042156,
      "val_aami_margin": -15.967710369874236,
      "val_sbp_mae": 20.083065681380457,
      "val_dbp_mae": 11.492437463902027
    },
    {
      "epoch": 4,
      "train_loss": 0.2608274821116472,
      "val_aami_margin": -13.27044911046184,
      "val_sbp_mae": 17.158189166573344,
      "val_dbp_mae": 11.52478848813882
    },
    {
      "epoch": 5,
      "train_loss": 0.2524773695807651,
      "val_aami_margin": -17.075314625847057,
      "val_sbp_mae": 20.46203632766252,
      "val_dbp_mae": 10.556466149380103
    },
    {
      "epoch": 6,
      "train_loss": 0.2454414644642837,
      "val_aami_margin": -11.950875431363965,
      "val_sbp_mae": 16.47879449256848,
      "val_dbp_mae": 12.931931585999935
    },
    {
      "epoch": 7,
      "train_loss": 0.23922237551398595,
      "val_aami_margin": -13.716943046881191,
      "val_sbp_mae": 16.42325983334422,
      "val_dbp_mae": 11.63113319612539
    },
    {
      "epoch": 8,
      "train_loss": 0.23338656592587734,
      "val_aami_margin": -12.067679601326741,
      "val_sbp_mae": 15.65169617875303,
      "val_dbp_mae": 9.97748492330042
    },
    {
      "epoch": 9,
      "train_loss": 0.22856295531074555,
      "val_aami_margin": -15.059684888013603,
      "val_sbp_mae": 20.38876557649262,
      "val_dbp_mae": 14.045575305123245
    },
    {
      "epoch": 10,
      "train_loss": 0.2241476008968489,
      "val_aami_margin": -25.768686996646686,
      "val_sbp_mae": 22.629390752637192,
      "val_dbp_mae": 9.540451281003797
    },
    {
      "epoch": 11,
      "train_loss": 0.2201961882426471,
      "val_aami_margin": -11.261036660340508,
      "val_sbp_mae": 14.973115491741938,
      "val_dbp_mae": 9.909678000569443
    },
    {
      "epoch": 12,
      "train_loss": 0.21626832173931007,
      "val_aami_margin": -14.274686106806818,
      "val_sbp_mae": 18.54703252556105,
      "val_dbp_mae": 11.40042475592859
    },
    {
      "epoch": 13,
      "train_loss": 0.21309285568306455,
      "val_aami_margin": -12.630736984373016,
      "val_sbp_mae": 16.117512953479054,
      "val_dbp_mae": 10.334972915626633
    },
    {
      "epoch": 14,
      "train_loss": 0.21040188261288886,
      "val_aami_margin": -13.378059201396034,
      "val_sbp_mae": 16.842001159659596,
      "val_dbp_mae": 10.804264961448682
    },
    {
      "epoch": 15,
      "train_loss": 0.20755810597829935,
      "val_aami_margin": -11.819428119936955,
      "val_sbp_mae": 15.87848744899807,
      "val_dbp_mae": 9.797433690612236
    },
    {
      "epoch": 16,
      "train_loss": 0.20472869719757972,
      "val_aami_margin": -13.0640147109387,
      "val_sbp_mae": 16.9189937877221,
      "val_dbp_mae": 9.17097276654351
    },
    {
      "epoch": 17,
      "train_loss": 0.20194483598359578,
      "val_aami_margin": -13.610266310565425,
      "val_sbp_mae": 16.959070313846464,
      "val_dbp_mae": 9.959956020537476
    },
    {
      "epoch": 18,
      "train_loss": 0.19996095545012738,
      "val_aami_margin": -11.715572553218369,
      "val_sbp_mae": 15.163783287575333,
      "val_dbp_mae": 9.675276107033477
    },
    {
      "epoch": 19,
      "train_loss": 0.19782045188967964,
      "val_aami_margin": -11.492619780082524,
      "val_sbp_mae": 15.137026990537239,
      "val_dbp_mae": 9.691877115166896
    },
    {
      "epoch": 20,
      "train_loss": 0.19599612714574327,
      "val_aami_margin": -15.873745991182378,
      "val_sbp_mae": 22.229526190819293,