{
  "name": "seed_minirocket_cal",
  "best_val_metrics": {
    "sbp": {
      "mae": 9.645215123458737,
      "rmse": 12.785376854183799,
      "me": -0.02579838156070299,
      "sd": 12.785406180071153,
      "pearson_r": 0.7942031940276163,
      "r2": 0.6284275787063839,
      "n": 115488,
      "aami_pass": false,
      "aami_margin": -4.785406180071153,
      "bhs": {
        "grade": "D",
        "pct5": 35.14304516486562,
        "pct10": 62.21858548074258,
        "pct15": 79.46280133000832
      }
    },
    "dbp": {
      "mae": 5.263755632863487,
      "rmse": 7.176680439038708,
      "me": -0.04020058032796174,
      "sd": 7.176598916069396,
      "pearson_r": 0.8144656416223032,
      "r2": 0.6603678833075627,
      "n": 115488,
      "aami_pass": true,
      "aami_margin": 0.8234010839306043,
      "bhs": {
        "grade": "B",
        "pct5": 58.9931421446384,
        "pct10": 86.73022305347742,
        "pct15": 95.79003879190911
      }
    },
    "sbp_sd": 12.785406180071153,
    "dbp_sd": 7.176598916069396,
    "sbp_me_abs": 0.02579838156070299,
    "dbp_me_abs": 0.04020058032796174,
    "sbp_mae": 9.645215123458737,
    "dbp_mae": 5.263755632863487,
    "aami_margin": -4.785406180071153,
    "aami_pass_both": false,
    "error_signature": [
      0.025653774358437572,
      0.07362921093491041,
      0.08421869820833551,
      0.13585771357792084,
      0.10361822019853108,
      0.07212016538441408,
      0.07392578636101953,
      0.10435965876380385,
      0.1368957275693027,
      0.08949599623174753,
      0.07559184243122066,
      0.02463320598035624,
      0.0037526216352070443,
      0.020964415093685542,
      0.0447194633664396,
      0.1292531156292791,
      0.15526147019569098,
      0.13258107569375835,
      0.13473038323540118,
      0.1678799854401747,
      0.14836288631203093,
      0.0459587818279514,
      0.0155564799889068,
      0.0009793215814743557
    ]
  },
  "final_val_metrics": {
    "sbp": {
      "mae": 9.645215123458737,
      "rmse": 12.785376854183799,
      "me": -0.02579838156070299,
      "sd": 12.785406180071153,
      "pearson_r": 0.7942031940276163,
      "r2": 0.6284275787063839,
      "n": 115488,
      "aami_pass": false,
      "aami_margin": -4.785406180071153,
      "bhs": {
        "grade": "D",
        "pct5": 35.14304516486562,
        "pct10": 62.21858548074258,
        "pct15": 79.46280133000832
      }
    },
    "dbp": {
      "mae": 5.263755632863487,
      "rmse": 7.176680439038708,
      "me": -0.04020058032796174,
      "sd": 7.176598916069396,
      "pearson_r": 0.8144656416223032,
      "r2": 0.6603678833075627,
      "n": 115488,
      "aami_pass": true,
      "aami_margin": 0.8234010839306043,
      "bhs": {
        "grade": "B",
        "pct5": 58.9931421446384,
        "pct10": 86.73022305347742,
        "pct15": 95.79003879190911
      }
    },
    "sbp_sd": 12.785406180071153,
    "dbp_sd": 7.176598916069396,
    "sbp_me_abs": 0.02579838156070299,
    "dbp_me_abs": 0.04020058032796174,
    "sbp_mae": 9.645215123458737,
    "dbp_mae": 5.263755632863487,
    "aami_margin": -4.785406180071153,
    "aami_pass_both": false,
    "error_signature": [
      0.025653774358437572,
      0.07362921093491041,
      0.08421869820833551,
      0.13585771357792084,
      0.10361822019853108,
      0.07212016538441408,
      0.07392578636101953,
      0.10435965876380385,
      0.1368957275693027,
      0.08949599623174753,
      0.07559184243122066,
      0.02463320598035624,
      0.0037526216352070443,
      0.020964415093685542,
      0.0447194633664396,
      0.1292531156292791,
      0.15526147019569098,
      0.13258107569375835,
      0.13473038323540118,
      0.1678799854401747,
      0.14836288631203093,
      0.0459587818279514,
      0.0155564799889068,
      0.0009793215814743557
    ]
  },
  "history": [
    {
      "epoch": 0,
      "val_aami_margin": -4.785406180071153,
      "val_sbp_mae": 9.645215123458737,
      "val_dbp_mae": 5.263755632863487
    }
  ],
  "param_count": 2000,
  "train_seconds": 0.0,
  "inference_seconds": 0.0,
  "generalization_gap": 0.0,
  "device": "cpu",
  "spec": {
    "calibration": {
      "cal_fraction": 0.2,
      "mode": "per_subject"
    },
    "data": {
      "signals": [
        "ppg"
      ],
      "val_fraction": 0.2
    },
    "decode": {
      "strategy": "identity"
    },
    "feature_extraction": {
      "family": "minirocket",
      "kernel_length": 9,
      "num_kernels": 1000,
      "random_state": 42
    },
    "model": {
      "alphas": [
        0.01,
        0.1,
        1.0,
        10.0,
        100.0,
        1000.0
      ],
      "family": "ridge_regressor_cv"
    },
    "name": "seed_minirocket_cal",
    "preprocessing": {
      "normalize": "per_channel_zscore"
    },
    "training": {
      "loss": "ridge_regression_cv",
      "seed": 42
    }
  }
}