{
  "name": "lever_wavelet_net_sbp2x_s1",
  "best_val_metrics": {
    "sbp": {
      "mae": 8.399333352347323,
      "rmse": 11.432732135478437,
      "me": -0.03260066765136561,
      "sd": 11.432735152261033,
      "pearson_r": 0.8287681403252033,
      "r2": 0.6863342868963686,
      "n": 115488,
      "aami_pass": false,
      "aami_margin": -3.432735152261033,
      "bhs": {
        "grade": "D",
        "pct5": 41.169645331116655,
        "pct10": 68.98552230534774,
        "pct15": 84.33430313106123
      }
    },
    "dbp": {
      "mae": 4.663681713541241,
      "rmse": 6.625480857902283,
      "me": -0.003059578212967594,
      "sd": 6.6255088363603045,
      "pearson_r": 0.8399133320403469,
      "r2": 0.7054163476720452,
      "n": 115488,
      "aami_pass": true,
      "aami_margin": 1.3744911636396955,
      "bhs": {
        "grade": "A",
        "pct5": 65.19551814907176,
        "pct10": 90.02147409254641,
        "pct15": 97.15035328345803
      }
    },
    "sbp_sd": 11.432735152261033,
    "dbp_sd": 6.6255088363603045,
    "sbp_me_abs": 0.03260066765136561,
    "dbp_me_abs": 0.003059578212967594,
    "sbp_mae": 8.399333352347323,
    "dbp_mae": 4.663681713541241,
    "aami_margin": -3.432735152261033,
    "aami_pass_both": false,
    "error_signature": [
      0.01818165978429425,
      0.05763769100761417,
      0.07574094401756312,
      0.13649748227135713,
      0.1164340599027756,
      0.08725802798250658,
      0.08980189221682086,
      0.12072029690031885,
      0.14336243095847925,
      0.07868555398742007,
      0.060730402662345584,
      0.014949558308504522,
      0.0039622674227054394,
      0.014002323605403249,
      0.03599854341153826,
      0.11196656782673534,
      0.15600235828608092,
      0.15109504239712843,
      0.15895888605663355,
      0.1867467790320623,
      0.13661585947389412,
      0.035382961383065424,
      0.008999635852884566,
      0.00026877525186842153
    ]
  },
  "final_val_metrics": {
    "sbp": {
      "mae": 8.829664842056685,
      "rmse": 11.873939752773193,
      "me": -0.04570252658519274,
      "sd": 11.873903206080577,
      "pearson_r": 0.8136847391624401,
      "r2": 0.6616574065152842,
      "n": 115488,
      "aami_pass": false,
      "aami_margin": -3.873903206080577,
      "bhs": {
        "grade": "D",
        "pct5": 38.765932391244114,
        "pct10": 66.44153505126073,
        "pct15": 82.83111665281241
      }
    },
    "dbp": {
      "mae": 4.874255446979916,
      "rmse": 6.8115181633785395,
      "me": 0.008247272190845412,
      "sd": 6.811542660872568,
      "pearson_r": 0.8305495809160895,
      "r2": 0.6886408210935511,
      "n": 115488,
      "aami_pass": true,
      "aami_margin": 1.1884573391274316,
      "bhs": {
        "grade": "A",
        "pct5": 62.73552230534774,
        "pct10": 89.14605846494874,
        "pct15": 96.89837905236908
      }
    },
    "sbp_sd": 11.873903206080577,
    "dbp_sd": 6.811542660872568,
    "sbp_me_abs": 0.04570252658519274,
    "dbp_me_abs": 0.008247272190845412,
    "sbp_mae": 8.829664842056685,
    "dbp_mae": 4.874255446979916,
    "aami_margin": -3.873903206080577,
    "aami_pass_both": false,
    "error_signature": [
      0.020004530642828516,
      0.06438740481293673,
      0.07943436666840922,
      0.13695610504121142,
      0.11166292017355847,
      0.08118563437712374,
      0.08321571087528534,
      0.11400665655984805,
      0.1415215989684075,
      0.08548103228954293,
      0.06487532019446914,
      0.01726871939637897,
      0.0039012041716876607,
      0.015154010871355626,
      0.038205792854727826,
      0.11958491187613243,
      0.15688042375746647,
      0.14072943848667954,
      0.1491040234419024,
      0.1813973246408725,
      0.14483870688085723,
      0.03941083147664912,
      0.01041188046710418,
      0.0003814510745650157
    ]
  },
  "history": [
    {
      "epoch": 0,
      "train_loss": 0.3651594664366008,
      "val_aami_margin": -4.207142180554815,
      "val_sbp_mae": 8.989477734875956,
      "val_dbp_mae": 4.900196017281115
    },
    {
      "epoch": 1,
      "train_loss": 0.3155763995636861,
      "val_aami_margin": -3.577258739637262,
      "val_sbp_mae": 8.530849541887775,
      "val_dbp_mae": 4.727648217258687
    },
    {
      "epoch": 2,
      "train_loss": 0.2998123254144349,
      "val_aami_margin": -3.432735152261033,
      "val_sbp_mae": 8.399333352347323,
      "val_dbp_mae": 4.663681713541241
    },
    {
      "epoch": 3,
      "train_loss": 0.29217344899505465,
      "val_aami_margin": -3.44780208098995,
      "val_sbp_mae": 8.407465878897021,
      "val_dbp_mae": 4.683678787310122
    },
    {
      "epoch": 4,
      "train_loss": 0.28621775232429686,
      "val_aami_margin": -3.6388729200183416,
      "val_sbp_mae": 8.565536095877494,
      "val_dbp_mae": 4.7350570017129305
    },
    {
      "epoch": 5,
      "train_loss": 0.2815694513149699,
      "val_aami_margin": -3.6465031645078962,
      "val_sbp_mae": 8.568786389281046,
      "val_dbp_mae": 4.719332274066752
    },
    {
      "epoch": 6,
      "train_loss": 0.27787389913162025,
      "val_aami_margin": -3.5474988397261296,
      "val_sbp_mae": 8.512792752348059,
      "val_dbp_mae": 4.6967072113359185
    },
    {
      "epoch": 7,
      "train_loss": 0.27435892933318423,
      "val_aami_margin": -3.61405606707644,
      "val_sbp_mae": 8.56093841535102,
      "val_dbp_mae": 4.721651667981102
    },
    {
      "epoch": 8,
      "train_loss": 0.2715390046865861,
      "val_aami_margin": -3.809611490492996,
      "val_sbp_mae": 8.71464906926361,
      "val_dbp_mae": 4.783598252525702
    },
    {
      "epoch": 9,
      "train_loss": 0.2689459036297086,
      "val_aami_margin": -3.7274137723435494,
      "val_sbp_mae": 8.66241576469014,
      "val_dbp_mae": 4.739285375785177
    },
    {
      "epoch": 10,
      "train_loss": 0.2674160624959444,
      "val_aami_margin": -3.7517650277710928,
      "val_sbp_mae": 8.670283795807059,
      "val_dbp_mae": 4.755591514400436
    },
    {
      "epoch": 11,
      "train_loss": 0.2652217684049214,
      "val_aami_margin": -3.810962920683002,
      "val_sbp_mae": 8.709405831242666,
      "val_dbp_mae": 4.76407656173711
    },
    {
      "epoch": 12,
      "train_loss": 0.2636804300220317,
      "val_aami_margin": -3.807954267103554,
      "val_sbp_mae": 8.726250676999834,
      "val_dbp_mae": 4.762665372420424
    },
    {
      "epoch": 13,
      "train_loss": 0.2619292808651832,
      "val_aami_margin": -3.768800151913929,
      "val_sbp_mae": 8.709759338917753,
      "val_dbp_mae": 4.750201558411507
    },
    {
      "epoch": 14,
      "train_loss": 0.2605043642291417,
      "val_aami_margin": -3.707944937059839,
      "val_sbp_mae": 8.666715505851116,
      "val_dbp_mae": 4.7762946783285685
    },
    {
      "epoch": 15,
      "train_loss": 0.25941086684264986,
      "val_aami_margin": -4.025237445696458,
      "val_sbp_mae": 8.905230763823255,
      "val_dbp_mae": 4.85315260613486
    },
    {
      "epoch": 16,
      "train_loss": 0.2581711365400285,
      "val_aami_margin": -4.058957742622482,
      "val_sbp_mae": 8.948678872693057,
      "val_dbp_mae": 4.923807708718231
    },
    {
      "epoch": 17,
      "train_loss": 0.25733849467181397,
      "val_aami_margin": -3.839894165576313,
      "val_sbp_mae": 8.755681154384847,
      "val_dbp_mae": 4.860013584038994
    },
    {
      "epoch": 18,
      "train_loss": 0.2564424957746045,
      "val_aami_margin": -3.836592814510798,
      "val_sbp_mae": 8.769204272179849,
      "val_dbp_mae": 4.847614875484201
    },
    {
      "epoch": 19,
      "train_loss": 0.2563202413122894,
      "val_aami_margin": -3.891378852790954,
      "val_sbp_mae": 8.809271088435619,
      "val_dbp_mae": 4.830694393038546
    },
    {
      "epoch": 20,
      "train_loss": 0.2553287649150039,
      "val_aami_margin": -3.756921495632332,
      "val_sbp_mae": 8.704175002372851,