{
  "name": "lever_resunet_sa_sbp2x_s0",
  "best_val_metrics": {
    "sbp": {
      "mae": 8.920246829232113,
      "rmse": 12.01050330391791,
      "me": -0.06553577460507773,
      "sd": 12.010376501832718,
      "pearson_r": 0.8200205371200427,
      "r2": 0.6721019609589995,
      "n": 115488,
      "aami_pass": false,
      "aami_margin": -4.010376501832718,
      "bhs": {
        "grade": "D",
        "pct5": 38.236873095040174,
        "pct10": 66.01032141867553,
        "pct15": 82.57481296758104
      }
    },
    "dbp": {
      "mae": 4.662226481962616,
      "rmse": 6.525091705257484,
      "me": -0.059411948130479196,
      "sd": 6.524849471356564,
      "pearson_r": 0.8480942625339427,
      "r2": 0.7192402970927494,
      "n": 115488,
      "aami_pass": true,
      "aami_margin": 1.4751505286434359,
      "bhs": {
        "grade": "A",
        "pct5": 65.10113604876697,
        "pct10": 89.93142144638404,
        "pct15": 96.97890689941812
      }
    },
    "sbp_sd": 12.010376501832718,
    "dbp_sd": 6.524849471356564,
    "sbp_me_abs": 0.06553577460507773,
    "dbp_me_abs": 0.059411948130479196,
    "sbp_mae": 8.920246829232113,
    "dbp_mae": 4.662226481962616,
    "aami_margin": -4.010376501832718,
    "aami_pass_both": false,
    "error_signature": [
      0.020616938332330394,
      0.06414449299250848,
      0.0802351237975633,
      0.13688809816592973,
      0.1124687126623235,
      0.08131655372700872,
      0.08178749901886398,
      0.10954710761099919,
      0.14284468398698796,
      0.08660160644671777,
      0.06541778952233938,
      0.01813139373642762,
      0.0036309750771257236,
      0.015225831051336269,
      0.03710700544212971,
      0.1151166418246733,
      0.1570765017851572,
      0.15075912509965683,
      0.15902630940413878,
      0.18466844604665672,
      0.13338417276162085,
      0.03342403549516448,
      0.00983569621130715,
      0.0007452598010329647
    ]
  },
  "final_val_metrics": {
    "sbp": {
      "mae": 10.340131489697672,
      "rmse": 13.593428138133003,
      "me": -0.02834591148207814,
      "sd": 13.593457436098278,
      "pearson_r": 0.7773965368152641,
      "r2": 0.579975719410107,
      "n": 115488,
      "aami_pass": false,
      "aami_margin": -5.593457436098278,
      "bhs": {
        "grade": "D",
        "pct5": 32.61464394569133,
        "pct10": 58.804377944028815,
        "pct15": 76.30922693266832
      }
    },
    "dbp": {
      "mae": 5.708667474748721,
      "rmse": 7.677555540484268,
      "me": -0.08160950311826157,
      "sd": 7.677155027163372,
      "pearson_r": 0.7931448493163876,
      "r2": 0.6113063296520451,
      "n": 115488,
      "aami_pass": true,
      "aami_margin": 0.32284497283662805,
      "bhs": {
        "grade": "B",
        "pct5": 54.97194513715711,
        "pct10": 83.99920338043779,
        "pct15": 94.75962870601275
      }
    },
    "sbp_sd": 13.593457436098278,
    "dbp_sd": 7.677155027163372,
    "sbp_me_abs": 0.02834591148207814,
    "dbp_me_abs": 0.08160950311826157,
    "sbp_mae": 10.340131489697672,
    "dbp_mae": 5.708667474748721,
    "aami_margin": -5.593457436098278,
    "aami_pass_both": false,
    "error_signature": [
      0.030254818829494295,
      0.0841382927575506,
      0.0865772105424188,
      0.13137811967306262,
      0.09670003059574282,
      0.06757288343021985,
      0.0683159228987281,
      0.09667380567332488,
      0.13302154814458675,
      0.09014379999125836,
      0.08522225621749202,
      0.030001311246120897,
      0.003943456894982709,
      0.024354096428354757,
      0.05362234683353412,
      0.1402050597585391,
      0.15171475372895019,
      0.12081711893639334,
      0.12222982986800253,
      0.15546753798285678,
      0.1503367105502639,
      0.054081694559762875,
      0.021407337429906137,
      0.0018200570284535582
    ]
  },
  "history": [
    {
      "epoch": 0,
      "train_loss": 0.3391095318307267,
      "val_aami_margin": -4.010376501832718,
      "val_sbp_mae": 8.920246829232113,
      "val_dbp_mae": 4.662226481962616
    },
    {
      "epoch": 1,
      "train_loss": 0.2679630051652172,
      "val_aami_margin": -4.369680968600299,
      "val_sbp_mae": 9.307038121943162,
      "val_dbp_mae": 4.860341382616536
    },
    {
      "epoch": 2,
      "train_loss": 0.23579637981165966,
      "val_aami_margin": -4.513259953097304,
      "val_sbp_mae": 9.476157726153954,
      "val_dbp_mae": 5.078088352874946
    },
    {
      "epoch": 3,
      "train_loss": 0.21474719779640453,
      "val_aami_margin": -4.734017234445872,
      "val_sbp_mae": 9.63752692310239,
      "val_dbp_mae": 5.069191339754047
    },
    {
      "epoch": 4,
      "train_loss": 0.1996735631255304,
      "val_aami_margin": -5.200896951414196,
      "val_sbp_mae": 10.046763739709561,
      "val_dbp_mae": 5.357216702146215
    },
    {
      "epoch": 5,
      "train_loss": 0.1884221820804611,
      "val_aami_margin": -5.223784806398443,
      "val_sbp_mae": 10.017994346798092,
      "val_dbp_mae": 5.361838003194025
    },
    {
      "epoch": 6,
      "train_loss": 0.17962300016192895,
      "val_aami_margin": -5.165569701974407,
      "val_sbp_mae": 9.979774882776194,
      "val_dbp_mae": 5.388293663686401
    },
    {
      "epoch": 7,
      "train_loss": 0.17238782330559718,
      "val_aami_margin": -5.505103869280143,
      "val_sbp_mae": 10.226629637391106,
      "val_dbp_mae": 5.436377465089392
    },
    {
      "epoch": 8,
      "train_loss": 0.16614386392256697,
      "val_aami_margin": -5.278870949282284,
      "val_sbp_mae": 10.072541532581264,
      "val_dbp_mae": 5.3996544718925765
    },
    {
      "epoch": 9,
      "train_loss": 0.16117006314873603,
      "val_aami_margin": -5.224971909444564,
      "val_sbp_mae": 10.057689862551955,
      "val_dbp_mae": 5.4456984765194525
    },
    {
      "epoch": 10,
      "train_loss": 0.15686646175119626,
      "val_aami_margin": -5.223427171539393,
      "val_sbp_mae": 10.051655227257939,
      "val_dbp_mae": 5.387734088723696
    },
    {
      "epoch": 11,
      "train_loss": 0.15309573470750168,
      "val_aami_margin": -5.354972909743699,
      "val_sbp_mae": 10.138298310684915,
      "val_dbp_mae": 5.486249478223517
    },
    {
      "epoch": 12,
      "train_loss": 0.14976584167774692,
      "val_aami_margin": -5.262937890753086,
      "val_sbp_mae": 10.092731491420146,
      "val_dbp_mae": 5.525177492690614
    },
    {
      "epoch": 13,
      "train_loss": 0.14637182103425586,
      "val_aami_margin": -5.43421983150512,
      "val_sbp_mae": 10.213130233567922,
      "val_dbp_mae": 5.599775789023749
    },
    {
      "epoch": 14,
      "train_loss": 0.14412374769876368,
      "val_aami_margin": -5.439374951296134,
      "val_sbp_mae": 10.246386531869014,
      "val_dbp_mae": 5.504687050947504
    },
    {
      "epoch": 15,
      "train_loss": 0.14153870560165244,
      "val_aami_margin": -5.515382169967134,
      "val_sbp_mae": 10.269891072179131,
      "val_dbp_mae": 5.565389302739017
    },
    {
      "epoch": 16,
      "train_loss": 0.13923856697230952,
      "val_aami_margin": -5.71235139925262,
      "val_sbp_mae": 10.44070677604551,
      "val_dbp_mae": 5.648359884002511
    },
    {
      "epoch": 17,
      "train_loss": 0.13790866588713535,
      "val_aami_margin": -5.685721499110928,
      "val_sbp_mae": 10.409238758672492,
      "val_dbp_mae": 5.60680136113394
    },
    {
      "epoch": 18,
      "train_loss": 0.13591139992404033,
      "val_aami_margin": -5.704717916267759,
      "val_sbp_mae": 10.410265729441248,
      "val_dbp_mae": 5.631491580214672
    },
    {
      "epoch": 19,
      "train_loss": 0.134542105474824,
      "val_aami_margin": -5.6452093893782145,
      "val_sbp_mae": 10.35508087709704,
      "val_dbp_mae": 5.67210099527959
    },
    {
      "epoch": 20,
      "train_loss": 0.13281887898265582,
      "val_aami_margin": -5.6786584581806085,
      "val_sbp_mae": 10.376904300261744,