{
  "name": "seed_minirocket_free",
  "best_val_metrics": {
    "sbp": {
      "mae": 14.423297047961432,
      "rmse": 18.596069725885616,
      "me": 0.48844765796136674,
      "sd": 18.58971817955772,
      "pearson_r": 0.4732803053457471,
      "r2": 0.21673262945706817,
      "n": 144360,
      "aami_pass": false,
      "aami_margin": -10.589718179557721,
      "bhs": {
        "grade": "D",
        "pct5": 22.748683845940704,
        "pct10": 43.58617345525076,
        "pct15": 60.66015516763647
      }
    },
    "dbp": {
      "mae": 8.735898421490264,
      "rmse": 11.316221124223059,
      "me": 0.19987910796330793,
      "sd": 11.314494936584365,
      "pearson_r": 0.4172743852422113,
      "r2": 0.15338759726071383,
      "n": 144360,
      "aami_pass": false,
      "aami_margin": -3.3144949365843654,
      "bhs": {
        "grade": "D",
        "pct5": 36.03768356885564,
        "pct10": 65.16417290108063,
        "pct15": 83.96924355777223
      }
    },
    "sbp_sd": 18.58971817955772,
    "dbp_sd": 11.314494936584365,
    "sbp_me_abs": 0.48844765796136674,
    "dbp_me_abs": 0.19987910796330793,
    "sbp_mae": 14.423297047961432,
    "dbp_mae": 8.735898421490264,
    "aami_margin": -10.589718179557721,
    "aami_pass_both": false,
    "error_signature": [
      0.062317052172415774,
      0.1052416346209034,
      0.07998765998966882,
      0.10115938701716122,
      0.06765482408310854,
      0.04591631751133559,
      0.04909458761407335,
      0.07294237502152327,
      0.1146544797107272,
      0.09684755782586237,
      0.13300665786603916,
      0.07117746656718131,
      0.01748244448001559,
      0.061411261979163044,
      0.08372364932109376,
      0.12754807324253412,
      0.09948011998301864,
      0.07112682427777044,
      0.07602636285815696,
      0.11543145865666345,
      0.16508104421415995,
      0.10520784761321483,
      0.07015248421917084,
      0.007328429155038382
    ]
  },
  "final_val_metrics": {
    "sbp": {
      "mae": 14.423297047961432,
      "rmse": 18.596069725885616,
      "me": 0.48844765796136674,
      "sd": 18.58971817955772,
      "pearson_r": 0.4732803053457471,
      "r2": 0.21673262945706817,
      "n": 144360,
      "aami_pass": false,
      "aami_margin": -10.589718179557721,
      "bhs": {
        "grade": "D",
        "pct5": 22.748683845940704,
        "pct10": 43.58617345525076,
        "pct15": 60.66015516763647
      }
    },
    "dbp": {
      "mae": 8.735898421490264,
      "rmse": 11.316221124223059,
      "me": 0.19987910796330793,
      "sd": 11.314494936584365,
      "pearson_r": 0.4172743852422113,
      "r2": 0.15338759726071383,
      "n": 144360,
      "aami_pass": false,
      "aami_margin": -3.3144949365843654,
      "bhs": {
        "grade": "D",
        "pct5": 36.03768356885564,
        "pct10": 65.16417290108063,
        "pct15": 83.96924355777223
      }
    },
    "sbp_sd": 18.58971817955772,
    "dbp_sd": 11.314494936584365,
    "sbp_me_abs": 0.48844765796136674,
    "dbp_me_abs": 0.19987910796330793,
    "sbp_mae": 14.423297047961432,
    "dbp_mae": 8.735898421490264,
    "aami_margin": -10.589718179557721,
    "aami_pass_both": false,
    "error_signature": [
      0.062317052172415774,
      0.1052416346209034,
      0.07998765998966882,
      0.10115938701716122,
      0.06765482408310854,
      0.04591631751133559,
      0.04909458761407335,
      0.07294237502152327,
      0.1146544797107272,
      0.09684755782586237,
      0.13300665786603916,
      0.07117746656718131,
      0.01748244448001559,
      0.061411261979163044,
      0.08372364932109376,
      0.12754807324253412,
      0.09948011998301864,
      0.07112682427777044,
      0.07602636285815696,
      0.11543145865666345,
      0.16508104421415995,
      0.10520784761321483,
      0.07015248421917084,
      0.007328429155038382
    ]
  },
  "history": [
    {
      "epoch": 0,
      "val_aami_margin": -10.589718179557721,
      "val_sbp_mae": 14.423297047961432,
      "val_dbp_mae": 8.735898421490264
    }
  ],
  "param_count": 2000,
  "train_seconds": 0.0,
  "inference_seconds": 0.0,
  "generalization_gap": 0.0,
  "device": "cpu",
  "spec": {
    "calibration": {
      "mode": "free"
    },
    "data": {
      "signals": [
        "ppg"
      ],
      "val_fraction": 0.2
    },
    "decode": {
      "strategy": "identity"
    },
    "feature_extraction": {
      "family": "minirocket",
      "kernel_length": 9,
      "num_kernels": 1000,
      "random_state": 42
    },
    "model": {
      "alphas": [
        0.01,
        0.1,
        1.0,
        10.0,
        100.0,
        1000.0
      ],
      "family": "ridge_regressor_cv"
    },
    "name": "seed_minirocket_free",
    "preprocessing": {
      "normalize": "per_channel_zscore"
    },
    "training": {
      "loss": "ridge_regression_cv",
      "seed": 42
    }
  }
}