{
  "name": "lever_wavelet_net_vpg_s2",
  "best_val_metrics": {
    "sbp": {
      "mae": 8.70464443380635,
      "rmse": 11.73588458026269,
      "me": -0.05014174898835152,
      "sd": 11.735828273913848,
      "pearson_r": 0.8137014292925251,
      "r2": 0.6616027375988942,
      "n": 115488,
      "aami_pass": false,
      "aami_margin": -3.7358282739138478,
      "bhs": {
        "grade": "D",
        "pct5": 39.00058880576337,
        "pct10": 67.55680243834857,
        "pct15": 83.52989055139928
      }
    },
    "dbp": {
      "mae": 4.547853350548234,
      "rmse": 6.392125899233525,
      "me": -0.023594451295919604,
      "sd": 6.3921100278753835,
      "pearson_r": 0.8626304479882287,
      "r2": 0.744106046644129,
      "n": 115488,
      "aami_pass": true,
      "aami_margin": 1.6078899721246165,
      "bhs": {
        "grade": "A",
        "pct5": 66.17397478525908,
        "pct10": 90.76873787752841,
        "pct15": 97.27417567193129
      }
    },
    "sbp_sd": 11.735828273913848,
    "dbp_sd": 6.3921100278753835,
    "sbp_me_abs": 0.05014174898835152,
    "dbp_me_abs": 0.023594451295919604,
    "sbp_mae": 8.70464443380635,
    "dbp_mae": 4.547853350548234,
    "aami_margin": -3.7358282739138478,
    "aami_pass_both": false,
    "error_signature": [
      0.01968682430076027,
      0.061458115365836646,
      0.07729127432517263,
      0.13926379298319036,
      0.11166038920276208,
      0.08244402594685081,
      0.08223477715003139,
      0.11635976843133151,
      0.1482702099462928,
      0.08354258213015275,
      0.061196554369812375,
      0.016591685847806376,
      0.0029127223551440756,
      0.014650299941052047,
      0.03239536738444468,
      0.11194042789278408,
      0.1631818024203336,
      0.15358542251811783,
      0.16193349283955755,
      0.18379624813620443,
      0.13428863691528833,
      0.03273345122923819,
      0.008235375706508547,
      0.0003467526613266757
    ]
  },
  "final_val_metrics": {
    "sbp": {
      "mae": 9.234417204170567,
      "rmse": 12.34101073017217,
      "me": -0.10628207567094285,
      "sd": 12.340606493713434,
      "pearson_r": 0.7929193968417938,
      "r2": 0.6258061534138332,
      "n": 115488,
      "aami_pass": false,
      "aami_margin": -4.340606493713434,
      "bhs": {
        "grade": "D",
        "pct5": 36.82200748129676,
        "pct10": 64.42227763923525,
        "pct15": 81.31321003047935
      }
    },
    "dbp": {
      "mae": 4.938300809522483,
      "rmse": 6.799181325108208,
      "me": -0.038908121048910234,
      "sd": 6.799099435343714,
      "pearson_r": 0.844579569520718,
      "r2": 0.7104772933976129,
      "n": 115488,
      "aami_pass": true,
      "aami_margin": 1.200900564656286,
      "bhs": {
        "grade": "A",
        "pct5": 61.80122610141313,
        "pct10": 88.80836104183985,
        "pct15": 96.81005818786367
      }
    },
    "sbp_sd": 12.340606493713434,
    "dbp_sd": 6.799099435343714,
    "sbp_me_abs": 0.10628207567094285,
    "dbp_me_abs": 0.038908121048910234,
    "sbp_mae": 9.234417204170567,
    "dbp_mae": 4.938300809522483,
    "aami_margin": -4.340606493713434,
    "aami_pass_both": false,
    "error_signature": [
      0.021955669626098875,
      0.06924547573527486,
      0.08414739543776026,
      0.13725130730080576,
      0.10797126120699439,
      0.07703253629451152,
      0.077800766484212,
      0.10843394529851853,
      0.14101388925263425,
      0.08614653990868537,
      0.06887009052894394,
      0.02013112292556024,
      0.0029907417039425777,
      0.015690557925032076,
      0.03935642706057769,
      0.12783903741461217,
      0.15889073823641597,
      0.1397153160650508,
      0.14563611775720378,
      0.17447727036305002,
      0.1425413502548632,
      0.04075210652241756,
      0.011364818474981796,
      0.0007455182218523527
    ]
  },
  "history": [
    {
      "epoch": 0,
      "train_loss": 0.31783146026637066,
      "val_aami_margin": -3.7358282739138478,
      "val_sbp_mae": 8.70464443380635,
      "val_dbp_mae": 4.547853350548234
    },
    {
      "epoch": 1,
      "train_loss": 0.2887866815838438,
      "val_aami_margin": -3.8110411275221594,
      "val_sbp_mae": 8.754582504020568,
      "val_dbp_mae": 4.6235669998734235
    },
    {
      "epoch": 2,
      "train_loss": 0.2769265102581136,
      "val_aami_margin": -3.87769008211386,
      "val_sbp_mae": 8.822051646138352,
      "val_dbp_mae": 4.650842973303238
    },
    {
      "epoch": 3,
      "train_loss": 0.26908280406567125,
      "val_aami_margin": -3.8013256012724295,
      "val_sbp_mae": 8.751482566047613,
      "val_dbp_mae": 4.587922845531499
    },
    {
      "epoch": 4,
      "train_loss": 0.2628766612303464,
      "val_aami_margin": -3.8853369856499906,
      "val_sbp_mae": 8.833925934031965,
      "val_dbp_mae": 4.70427897066311
    },
    {
      "epoch": 5,
      "train_loss": 0.25774540223125925,
      "val_aami_margin": -3.9445280590226464,
      "val_sbp_mae": 8.886846582479082,
      "val_dbp_mae": 4.733671003093891
    },
    {
      "epoch": 6,
      "train_loss": 0.2539499667931935,
      "val_aami_margin": -4.1903944823526995,
      "val_sbp_mae": 9.061698365729336,
      "val_dbp_mae": 4.802528325860104
    },
    {
      "epoch": 7,
      "train_loss": 0.25069694518448443,
      "val_aami_margin": -4.049760253858173,
      "val_sbp_mae": 8.958550328982028,
      "val_dbp_mae": 4.804183428524603
    },
    {
      "epoch": 8,
      "train_loss": 0.24805682908467414,
      "val_aami_margin": -4.149880231912466,
      "val_sbp_mae": 9.06622536045422,
      "val_dbp_mae": 4.81137646848826
    },
    {
      "epoch": 9,
      "train_loss": 0.24596980888081485,
      "val_aami_margin": -4.0535712399799255,
      "val_sbp_mae": 8.991555281521007,
      "val_dbp_mae": 4.781029594430487
    },
    {
      "epoch": 10,
      "train_loss": 0.24360069843091894,
      "val_aami_margin": -4.112277930301213,
      "val_sbp_mae": 9.014678641320295,
      "val_dbp_mae": 4.787390408633369
    },
    {
      "epoch": 11,
      "train_loss": 0.24218307224785715,
      "val_aami_margin": -4.178420547104174,
      "val_sbp_mae": 9.077493200317777,
      "val_dbp_mae": 4.820405982285846
    },
    {
      "epoch": 12,
      "train_loss": 0.24073403001749819,
      "val_aami_margin": -4.264958345931024,
      "val_sbp_mae": 9.142916099591638,
      "val_dbp_mae": 4.859208327029472
    },
    {
      "epoch": 13,
      "train_loss": 0.23916626968514454,
      "val_aami_margin": -4.2321862129061945,
      "val_sbp_mae": 9.101413299966854,
      "val_dbp_mae": 4.8559141412616995
    },
    {
      "epoch": 14,
      "train_loss": 0.23817724475677746,
      "val_aami_margin": -4.134733178206325,
      "val_sbp_mae": 9.076038215703349,
      "val_dbp_mae": 4.86094547837077
    },
    {
      "epoch": 15,
      "train_loss": 0.23694812847216934,
      "val_aami_margin": -4.2569451590894065,
      "val_sbp_mae": 9.162391102373032,
      "val_dbp_mae": 4.920671504442148
    },
    {
      "epoch": 16,
      "train_loss": 0.23609141639313966,
      "val_aami_margin": -4.236694575935601,
      "val_sbp_mae": 9.149246875050721,
      "val_dbp_mae": 4.836922248922671
    },
    {
      "epoch": 17,
      "train_loss": 0.2352305024228127,
      "val_aami_margin": -4.276132051088926,
      "val_sbp_mae": 9.183826261348662,
      "val_dbp_mae": 4.885192371625488
    },
    {
      "epoch": 18,
      "train_loss": 0.2341955489341005,
      "val_aami_margin": -4.200837231006171,
      "val_sbp_mae": 9.114869852375193,
      "val_dbp_mae": 4.849312613853872
    },
    {
      "epoch": 19,
      "train_loss": 0.2333596667032687,
      "val_aami_margin": -4.257021634800013,
      "val_sbp_mae": 9.14982734954407,
      "val_dbp_mae": 4.918601164838966
    },
    {
      "epoch": 20,
      "train_loss": 0.23277303616682574,
      "val_aami_margin": -4.272909264286463,
      "val_sbp_mae": 9.177950162659746,