{
  "name": "screen_s4",
  "best_val_metrics": {
    "sbp": {
      "mae": 8.929440883247183,
      "rmse": 11.95561061164068,
      "me": -0.013077253266378984,
      "sd": 11.95565522114893,
      "pearson_r": 0.8216582065799686,
      "r2": 0.6750923559489515,
      "n": 115488,
      "aami_pass": false,
      "aami_margin": -3.9556552211489304,
      "bhs": {
        "grade": "D",
        "pct5": 38.345109448600724,
        "pct10": 66.22939179828208,
        "pct15": 82.25183568855638
      }
    },
    "dbp": {
      "mae": 4.853349082483568,
      "rmse": 6.758089994426698,
      "me": -0.04507726671559769,
      "sd": 6.757968915760326,
      "pearson_r": 0.8360078282974319,
      "r2": 0.6988315482922554,
      "n": 115488,
      "aami_pass": true,
      "aami_margin": 1.2420310842396738,
      "bhs": {
        "grade": "A",
        "pct5": 62.97797173732336,
        "pct10": 88.9936616791355,
        "pct15": 96.61956220559712
      }
    },
    "sbp_sd": 11.95565522114893,
    "dbp_sd": 6.757968915760326,
    "sbp_me_abs": 0.013077253266378984,
    "dbp_me_abs": 0.04507726671559769,
    "sbp_mae": 8.929440883247183,
    "dbp_mae": 4.853349082483568,
    "aami_margin": -3.9556552211489304,
    "aami_pass_both": false,
    "error_signature": [
      0.022442847811887656,
      0.06414979316350969,
      0.07852819507946876,
      0.13737426518615284,
      0.11139560200304811,
      0.08061833224472023,
      0.07989549314173743,
      0.11375571521881124,
      0.1430785978663183,
      0.08262138036141956,
      0.06643152623557588,
      0.019708251687350315,
      0.003449620801733478,
      0.01742145178764897,
      0.03991332611050921,
      0.11884723726977248,
      0.15356879739978332,
      0.1451527627302275,
      0.15197399783315277,
      0.17970097508125676,
      0.14156446370530879,
      0.036420368364030335,
      0.01105092091007584,
      0.0009360780065005417
    ]
  },
  "final_val_metrics": {
    "sbp": {
      "mae": 9.52784738183925,
      "rmse": 12.717439921181198,
      "me": -0.09510579636687241,
      "sd": 12.71713935615151,
      "pearson_r": 0.7982103780381969,
      "r2": 0.632365894099767,
      "n": 115488,
      "aami_pass": false,
      "aami_margin": -4.71713935615151,
      "bhs": {
        "grade": "D",
        "pct5": 35.91974923801607,
        "pct10": 62.836831532280414,
        "pct15": 79.95462732058742
      }
    },
    "dbp": {
      "mae": 5.11962315710351,
      "rmse": 6.9875732332127685,
      "me": -0.06142752774368446,
      "sd": 6.987333475707756,
      "pearson_r": 0.8250750931848816,
      "r2": 0.6780308361120632,
      "n": 115488,
      "aami_pass": true,
      "aami_margin": 1.0126665242922437,
      "bhs": {
        "grade": "B",
        "pct5": 59.84950817400942,
        "pct10": 87.6827029648102,
        "pct15": 96.39876004433361
      }
    },
    "sbp_sd": 12.71713935615151,
    "dbp_sd": 6.987333475707756,
    "sbp_me_abs": 0.09510579636687241,
    "dbp_me_abs": 0.06142752774368446,
    "sbp_mae": 9.52784738183925,
    "dbp_mae": 5.11962315710351,
    "aami_margin": -4.71713935615151,
    "aami_pass_both": false,
    "error_signature": [
      0.026125135295555324,
      0.07235257148842568,
      0.08487832128766454,
      0.13214447819559372,
      0.10421249258056632,
      0.07568695227121958,
      0.07599245836388394,
      0.10620264655563702,
      0.13919730456338816,
      0.08768024859467198,
      0.07325163227540937,
      0.022275758527984357,
      0.003761125217737952,
      0.01769635413507119,
      0.045003509805790744,
      0.12951616677210528,
      0.15357350226620795,
      0.13507119272733575,
      0.13958627622604883,
      0.1707672175472957,
      0.14904975258035721,
      0.04223032992174433,
      0.012825956963714675,
      0.0009186158365903753
    ]
  },
  "history": [
    {
      "epoch": 0,
      "train_loss": 0.3760611864272763,
      "val_aami_margin": -5.121219686512061,
      "val_sbp_mae": 9.783767325762211,
      "val_dbp_mae": 5.253548635803417
    },
    {
      "epoch": 1,
      "train_loss": 0.35926520116449684,
      "val_aami_margin": -4.502946116874583,
      "val_sbp_mae": 9.299599877262294,
      "val_dbp_mae": 4.996660544342381
    },
    {
      "epoch": 2,
      "train_loss": 0.34493686448876404,
      "val_aami_margin": -4.430521889709176,
      "val_sbp_mae": 9.278236331282931,
      "val_dbp_mae": 4.979501243208085
    },
    {
      "epoch": 3,
      "train_loss": 0.33819530025714123,
      "val_aami_margin": -4.365660848135239,
      "val_sbp_mae": 9.227852290398278,
      "val_dbp_mae": 4.94897212323057
    },
    {
      "epoch": 4,
      "train_loss": 0.3327150029534579,
      "val_aami_margin": -4.273657416548913,
      "val_sbp_mae": 9.170800677177832,
      "val_dbp_mae": 4.932036550346082
    },
    {
      "epoch": 5,
      "train_loss": 0.31998288737298064,
      "val_aami_margin": -3.997761259751231,
      "val_sbp_mae": 8.95593225901621,
      "val_dbp_mae": 4.881488504814013
    },
    {
      "epoch": 6,
      "train_loss": 0.3088011994336973,
      "val_aami_margin": -3.9556552211489304,
      "val_sbp_mae": 8.929440883247183,
      "val_dbp_mae": 4.853349082483568
    },
    {
      "epoch": 7,
      "train_loss": 0.300288709349766,
      "val_aami_margin": -4.120162512200864,
      "val_sbp_mae": 9.055665941970066,
      "val_dbp_mae": 4.8796031504838595
    },
    {
      "epoch": 8,
      "train_loss": 0.29331320636845554,
      "val_aami_margin": -4.086451486315454,
      "val_sbp_mae": 9.018751401233805,
      "val_dbp_mae": 4.813823215871009
    },
    {
      "epoch": 9,
      "train_loss": 0.2887085463484652,
      "val_aami_margin": -4.231346957775564,
      "val_sbp_mae": 9.168611400906256,
      "val_dbp_mae": 4.927851822100769
    },
    {
      "epoch": 10,
      "train_loss": 0.28461400712856255,
      "val_aami_margin": -4.265286204583523,
      "val_sbp_mae": 9.1850706162318,
      "val_dbp_mae": 4.936487187662472
    },
    {
      "epoch": 11,
      "train_loss": 0.28024304979632014,
      "val_aami_margin": -4.318876393850784,
      "val_sbp_mae": 9.22578828694714,
      "val_dbp_mae": 4.9155304128653325
    },
    {
      "epoch": 12,
      "train_loss": 0.2766433585615575,
      "val_aami_margin": -4.271386712356209,
      "val_sbp_mae": 9.199930122127123,
      "val_dbp_mae": 4.921374097531681
    },
    {
      "epoch": 13,
      "train_loss": 0.27353132645868217,
      "val_aami_margin": -4.359440609357238,
      "val_sbp_mae": 9.264279355368348,
      "val_dbp_mae": 4.994554902613451
    },
    {
      "epoch": 14,
      "train_loss": 0.27092663074767104,
      "val_aami_margin": -4.560780217090896,
      "val_sbp_mae": 9.404203808422134,
      "val_dbp_mae": 5.0164778975480875
    },
    {
      "epoch": 15,
      "train_loss": 0.2685746130526601,
      "val_aami_margin": -4.3927962179146345,
      "val_sbp_mae": 9.293280973446723,
      "val_dbp_mae": 5.022310576062182
    },
    {
      "epoch": 16,
      "train_loss": 0.26664611248494147,
      "val_aami_margin": -4.533228916219933,
      "val_sbp_mae": 9.403677646641949,
      "val_dbp_mae": 5.030485920673671
    },
    {
      "epoch": 17,
      "train_loss": 0.26486315911240027,
      "val_aami_margin": -4.448838495899748,
      "val_sbp_mae": 9.321753843866981,
      "val_dbp_mae": 4.984990925607584
    },
    {
      "epoch": 18,
      "train_loss": 0.26355430233621235,
      "val_aami_margin": -4.5332509466832125,
      "val_sbp_mae": 9.400685297456278,
      "val_dbp_mae": 5.0843158061391565
    },
    {
      "epoch": 19,
      "train_loss": 0.26205600936357587,
      "val_aami_margin": -4.672250186562199,
      "val_sbp_mae": 9.521031169747442,
      "val_dbp_mae": 5.090445053713104
    },
    {
      "epoch": 20,
      "train_loss": 0.2608934272459258,
      "val_aami_margin": -4.4910668689480975,
      "val_sbp_mae": 9.375471961611268,
      "val_dbp_mae": 5.077847094302879
    },
    {
      "epoch": 21,