{
  "name": "lever_wavelet_net_apg_s2",
  "best_val_metrics": {
    "sbp": {
      "mae": 8.695301101469857,
      "rmse": 11.718431739703684,
      "me": -0.07396572066411962,
      "sd": 11.718249038516467,
      "pearson_r": 0.8143477724701883,
      "r2": 0.6626084737958,
      "n": 115488,
      "aami_pass": false,
      "aami_margin": -3.7182490385164666,
      "bhs": {
        "grade": "D",
        "pct5": 39.37984898863951,
        "pct10": 67.59316985314491,
        "pct15": 83.30908839013577
      }
    },
    "dbp": {
      "mae": 4.478231686676196,
      "rmse": 6.324663167997119,
      "me": -0.03107855768081493,
      "sd": 6.324614191763107,
      "pearson_r": 0.8657459809944203,
      "r2": 0.7494789715501257,
      "n": 115488,
      "aami_pass": true,
      "aami_margin": 1.6753858082368929,
      "bhs": {
        "grade": "A",
        "pct5": 67.13857716819064,
        "pct10": 90.93931837073981,
        "pct15": 97.38068024383486
      }
    },
    "sbp_sd": 11.718249038516467,
    "dbp_sd": 6.324614191763107,
    "sbp_me_abs": 0.07396572066411962,
    "dbp_me_abs": 0.03107855768081493,
    "sbp_mae": 8.695301101469857,
    "dbp_mae": 4.478231686676196,
    "aami_margin": -3.7182490385164666,
    "aami_pass_both": false,
    "error_signature": [
      0.019745272903208932,
      0.06274899530123527,
      0.07717655673823784,
      0.1379728186486039,
      0.11291855183896923,
      0.08171840538396492,
      0.08327884858470418,
      0.1185500954572796,
      0.14607143168484277,
      0.08104715328085363,
      0.0624090104697893,
      0.01636285970831045,
      0.0029473465212642384,
      0.013609805995249571,
      0.031874685760848835,
      0.1098059952495709,
      0.1646873212087588,
      0.15832452018932366,
      0.16469598987499784,
      0.1844345429012292,
      0.12846963366216474,
      0.032611522391164896,
      0.008165883597149743,
      0.000372752648277536
    ]
  },
  "final_val_metrics": {
    "sbp": {
      "mae": 9.129278602120836,
      "rmse": 12.2013490304883,
      "me": -0.09181568475844018,
      "sd": 12.201056391105666,
      "pearson_r": 0.7970695233059004,
      "r2": 0.6342276411935582,
      "n": 115488,
      "aami_pass": false,
      "aami_margin": -4.201056391105666,
      "bhs": {
        "grade": "D",
        "pct5": 37.09389720144084,
        "pct10": 64.92016486561374,
        "pct15": 81.82581740094209
      }
    },
    "dbp": {
      "mae": 4.852831216359105,
      "rmse": 6.695732071525036,
      "me": -0.018465636134057366,
      "sd": 6.695735597952297,
      "pearson_r": 0.848820825835884,
      "r2": 0.7192204216007643,
      "n": 115488,
      "aami_pass": true,
      "aami_margin": 1.3042644020477034,
      "bhs": {
        "grade": "A",
        "pct5": 62.850685785536164,
        "pct10": 89.27767387087836,
        "pct15": 96.89751316154059
      }
    },
    "sbp_sd": 12.201056391105666,
    "dbp_sd": 6.695735597952297,
    "sbp_me_abs": 0.09181568475844018,
    "dbp_me_abs": 0.018465636134057366,
    "sbp_mae": 9.129278602120836,
    "dbp_mae": 4.852831216359105,
    "aami_margin": -4.201056391105666,
    "aami_pass_both": false,
    "error_signature": [
      0.021807642277842283,
      0.06672370293416677,
      0.08362506220154173,
      0.1376552856032895,
      0.106323168655661,
      0.07815132652972143,
      0.07769736440063904,
      0.11181436440936908,
      0.1428933101696247,
      0.08682025718700621,
      0.06861812181899134,
      0.01787039381214698,
      0.0031724293354367292,
      0.015324740614896548,
      0.037254375092095796,
      0.12516360547460756,
      0.1587601522072654,
      0.1421872426735085,
      0.14874879733723964,
      0.1794589534450329,
      0.13937886260607268,
      0.03902261439381463,
      0.010956149398885315,
      0.0005720774211443282
    ]
  },
  "history": [
    {
      "epoch": 0,
      "train_loss": 0.31902594848018945,
      "val_aami_margin": -3.7182490385164666,
      "val_sbp_mae": 8.695301101469857,
      "val_dbp_mae": 4.478231686676196
    },
    {
      "epoch": 1,
      "train_loss": 0.28964897938205625,
      "val_aami_margin": -3.8810281439272636,
      "val_sbp_mae": 8.8161249112634,
      "val_dbp_mae": 4.574682134935946
    },
    {
      "epoch": 2,
      "train_loss": 0.27828120097978726,
      "val_aami_margin": -3.929649077441182,
      "val_sbp_mae": 8.857987828407818,
      "val_dbp_mae": 4.582658236486577
    },
    {
      "epoch": 3,
      "train_loss": 0.27065278938514725,
      "val_aami_margin": -3.832231263028838,
      "val_sbp_mae": 8.78262674176112,
      "val_dbp_mae": 4.5818312959657534
    },
    {
      "epoch": 4,
      "train_loss": 0.26493837749378046,
      "val_aami_margin": -3.7995503198656877,
      "val_sbp_mae": 8.759849453806945,
      "val_dbp_mae": 4.632486158066483
    },
    {
      "epoch": 5,
      "train_loss": 0.26032096503592905,
      "val_aami_margin": -4.018851674915174,
      "val_sbp_mae": 8.973232209379521,
      "val_dbp_mae": 4.729570276194714
    },
    {
      "epoch": 6,
      "train_loss": 0.2568127410276811,
      "val_aami_margin": -4.180470204859256,
      "val_sbp_mae": 9.075469308773975,
      "val_dbp_mae": 4.779179698617894
    },
    {
      "epoch": 7,
      "train_loss": 0.25356266991164406,
      "val_aami_margin": -4.002742108745288,
      "val_sbp_mae": 8.924153769035152,
      "val_dbp_mae": 4.722619890315699
    },
    {
      "epoch": 8,
      "train_loss": 0.2509662397309046,
      "val_aami_margin": -4.143987962149684,
      "val_sbp_mae": 9.060293495126862,
      "val_dbp_mae": 4.761662614960179
    },
    {
      "epoch": 9,
      "train_loss": 0.24896921525109333,
      "val_aami_margin": -3.986006610591774,
      "val_sbp_mae": 8.935784951466326,
      "val_dbp_mae": 4.672769347835255
    },
    {
      "epoch": 10,
      "train_loss": 0.24699148905491283,
      "val_aami_margin": -4.043137679965271,
      "val_sbp_mae": 8.971287548128103,
      "val_dbp_mae": 4.737434874963847
    },
    {
      "epoch": 11,
      "train_loss": 0.24495192592818868,
      "val_aami_margin": -4.2606265162591725,
      "val_sbp_mae": 9.142792715900823,
      "val_dbp_mae": 4.774175536898926
    },
    {
      "epoch": 12,
      "train_loss": 0.24350178306301987,
      "val_aami_margin": -4.323316399992484,
      "val_sbp_mae": 9.17793984780906,
      "val_dbp_mae": 4.835264426668678
    },
    {
      "epoch": 13,
      "train_loss": 0.24208377993326158,
      "val_aami_margin": -4.2211840260415965,
      "val_sbp_mae": 9.090507134879855,
      "val_dbp_mae": 4.841420541383585
    },
    {
      "epoch": 14,
      "train_loss": 0.24095473636346765,
      "val_aami_margin": -4.025039161619496,
      "val_sbp_mae": 8.960499043683173,
      "val_dbp_mae": 4.753640663513719
    },
    {
      "epoch": 15,
      "train_loss": 0.23979201000280845,
      "val_aami_margin": -4.176663136545729,
      "val_sbp_mae": 9.05251628505572,
      "val_dbp_mae": 4.831862127725181
    },
    {
      "epoch": 16,
      "train_loss": 0.23876276815577038,
      "val_aami_margin": -4.208440420999427,
      "val_sbp_mae": 9.101922863865683,
      "val_dbp_mae": 4.86499054941758
    },
    {
      "epoch": 17,
      "train_loss": 0.23799581688331367,
      "val_aami_margin": -4.227127835620866,
      "val_sbp_mae": 9.112839952618277,
      "val_dbp_mae": 4.825396246845828
    },
    {
      "epoch": 18,
      "train_loss": 0.23704588439166513,
      "val_aami_margin": -4.2676864636489675,
      "val_sbp_mae": 9.133088619891257,
      "val_dbp_mae": 4.811702094217902
    },
    {
      "epoch": 19,
      "train_loss": 0.23625487391870487,
      "val_aami_margin": -4.325997602262397,
      "val_sbp_mae": 9.184969104278707,
      "val_dbp_mae": 4.83787366453936
    },
    {
      "epoch": 20,
      "train_loss": 0.23571868794734366,
      "val_aami_margin": -4.219749366559702,
      "val_sbp_mae": 9.110954012657714,