{
  "name": "lever_resunet_sa_vpg_apg_s2",
  "best_val_metrics": {
    "sbp": {
      "mae": 8.713798431692945,
      "rmse": 11.795622873192013,
      "me": -0.07407097464369777,
      "sd": 11.79544137335687,
      "pearson_r": 0.8113775465276999,
      "r2": 0.6581489331928252,
      "n": 115488,
      "aami_pass": false,
      "aami_margin": -3.7954413733568693,
      "bhs": {
        "grade": "D",
        "pct5": 39.3859102244389,
        "pct10": 67.55766832917706,
        "pct15": 83.58357578276531
      }
    },
    "dbp": {
      "mae": 4.569764699747325,
      "rmse": 6.391357674730298,
      "me": -0.019656100431931497,
      "sd": 6.391355120428949,
      "pearson_r": 0.8627298579763948,
      "r2": 0.7441675511248831,
      "n": 115488,
      "aami_pass": true,
      "aami_margin": 1.6086448795710506,
      "bhs": {
        "grade": "A",
        "pct5": 66.05361596009975,
        "pct10": 90.56958298697701,
        "pct15": 97.24906483790524
      }
    },
    "sbp_sd": 11.79544137335687,
    "dbp_sd": 6.391355120428949,
    "sbp_me_abs": 0.07407097464369777,
    "dbp_me_abs": 0.019656100431931497,
    "sbp_mae": 8.713798431692945,
    "dbp_mae": 4.569764699747325,
    "aami_margin": -3.7954413733568693,
    "aami_pass_both": false,
    "error_signature": [
      0.020678643411190897,
      0.06099763548001501,
      0.07854394429854028,
      0.13729921211751053,
      0.11114116446065386,
      0.08133599741735087,
      0.08482606381586409,
      0.11956967481306331,
      0.14657406357155944,
      0.08294142796066695,
      0.05982846323651307,
      0.01626370941707166,
      0.0028603375198273397,
      0.013868303126435586,
      0.033864662696864896,
      0.11416213779892694,
      0.16318658935087674,
      0.14917093550372276,
      0.16334260776104914,
      0.18550588969498402,
      0.13124615371280476,
      0.03299789375146267,
      0.009231089268533686,
      0.0005633998145114457
    ]
  },
  "final_val_metrics": {
    "sbp": {
      "mae": 10.231115957316318,
      "rmse": 13.613350958608825,
      "me": -0.08473019296251856,
      "sd": 13.613146211146605,
      "pearson_r": 0.7540145382924508,
      "r2": 0.5446710502133043,
      "n": 115488,
      "aami_pass": false,
      "aami_margin": -5.613146211146605,
      "bhs": {
        "grade": "D",
        "pct5": 33.31688140759213,
        "pct10": 59.68931837073982,
        "pct15": 77.36994319756165
      }
    },
    "dbp": {
      "mae": 5.784301416801874,
      "rmse": 7.809066892191484,
      "me": -0.05853277686170782,
      "sd": 7.808881331477523,
      "pearson_r": 0.800911550989659,
      "r2": 0.6180841615934912,
      "n": 115488,
      "aami_pass": true,
      "aami_margin": 0.19111866852247683,
      "bhs": {
        "grade": "B",
        "pct5": 54.53813383208646,
        "pct10": 83.70393460792464,
        "pct15": 94.52150872817955
      }
    },
    "sbp_sd": 13.613146211146605,
    "dbp_sd": 7.808881331477523,
    "sbp_me_abs": 0.08473019296251856,
    "dbp_me_abs": 0.05853277686170782,
    "sbp_mae": 10.231115957316318,
    "dbp_mae": 5.784301416801874,
    "aami_margin": -5.613146211146605,
    "aami_pass_both": false,
    "error_signature": [
      0.027964980237846934,
      0.0810467368347253,
      0.08931967363965401,
      0.13322583189462522,
      0.09857414531974375,
      0.06989930503825358,
      0.06980290429158596,
      0.09892469348944412,
      0.13369030821947822,
      0.08962640328814184,
      0.07930275969046596,
      0.028622258056035126,
      0.0038921974011563902,
      0.02407267746773117,
      0.05310378904116714,
      0.1450255290007715,
      0.15020934647491743,
      0.12153364713633093,
      0.1214816355897676,
      0.15276658084761482,
      0.14695862481470887,
      0.05519291949479451,
      0.02318848117615444,
      0.0025745715548851846
    ]
  },
  "history": [
    {
      "epoch": 0,
      "train_loss": 0.3139567715450783,
      "val_aami_margin": -3.7954413733568693,
      "val_sbp_mae": 8.713798431692945,
      "val_dbp_mae": 4.569764699747325
    },
    {
      "epoch": 1,
      "train_loss": 0.2601024838058961,
      "val_aami_margin": -4.175678008972351,
      "val_sbp_mae": 9.018058785403797,
      "val_dbp_mae": 4.900889456330152
    },
    {
      "epoch": 2,
      "train_loss": 0.22549007008262792,
      "val_aami_margin": -4.360094848306915,
      "val_sbp_mae": 9.18551030308921,
      "val_dbp_mae": 5.09188992538652
    },
    {
      "epoch": 3,
      "train_loss": 0.2025558367911588,
      "val_aami_margin": -4.905716220395863,
      "val_sbp_mae": 9.592532291222412,
      "val_dbp_mae": 5.288055053945931
    },
    {
      "epoch": 4,
      "train_loss": 0.18741090958714024,
      "val_aami_margin": -5.168082770737241,
      "val_sbp_mae": 9.774808895496404,
      "val_dbp_mae": 5.355292009195512
    },
    {
      "epoch": 5,
      "train_loss": 0.1759113311770881,
      "val_aami_margin": -4.942073137352143,
      "val_sbp_mae": 9.661896306618125,
      "val_dbp_mae": 5.338424620675171
    },
    {
      "epoch": 6,
      "train_loss": 0.1671046955872438,
      "val_aami_margin": -4.9932003185542335,
      "val_sbp_mae": 9.715047642397725,
      "val_dbp_mae": 5.231712603700006
    },
    {
      "epoch": 7,
      "train_loss": 0.16001408724695407,
      "val_aami_margin": -5.513742982695668,
      "val_sbp_mae": 10.154708344373304,
      "val_dbp_mae": 5.604535642216982
    },
    {
      "epoch": 8,
      "train_loss": 0.15416476874470142,
      "val_aami_margin": -5.447945422274387,
      "val_sbp_mae": 10.10483219211633,
      "val_dbp_mae": 5.751562704688181
    },
    {
      "epoch": 9,
      "train_loss": 0.14937712920487595,
      "val_aami_margin": -5.383453999426353,
      "val_sbp_mae": 10.029399327417945,
      "val_dbp_mae": 5.597221997297761
    },
    {
      "epoch": 10,
      "train_loss": 0.14556057994439414,
      "val_aami_margin": -5.378155558975321,
      "val_sbp_mae": 10.031662440803292,
      "val_dbp_mae": 5.421881085465479
    },
    {
      "epoch": 11,
      "train_loss": 0.14195729752070066,
      "val_aami_margin": -5.373342456993491,
      "val_sbp_mae": 10.055887346513247,
      "val_dbp_mae": 5.569893852225631
    },
    {
      "epoch": 12,
      "train_loss": 0.13860273030004916,
      "val_aami_margin": -5.2747480457785425,
      "val_sbp_mae": 9.9629567294364,
      "val_dbp_mae": 5.598588030191773
    },
    {
      "epoch": 13,
      "train_loss": 0.13584287138784804,
      "val_aami_margin": -5.415625622049429,
      "val_sbp_mae": 10.04197613593298,
      "val_dbp_mae": 5.578372288295437
    },
    {
      "epoch": 14,
      "train_loss": 0.13354865589411233,
      "val_aami_margin": -5.652279507342346,
      "val_sbp_mae": 10.261515623063108,
      "val_dbp_mae": 5.693378413519943
    },
    {
      "epoch": 15,
      "train_loss": 0.13121464120552967,
      "val_aami_margin": -5.413764512057137,
      "val_sbp_mae": 10.070954005296766,
      "val_dbp_mae": 5.583186045304539
    },
    {
      "epoch": 16,
      "train_loss": 0.12932281111314717,
      "val_aami_margin": -5.8342225775657415,
      "val_sbp_mae": 10.37775597896692,
      "val_dbp_mae": 5.675831466089644
    },
    {
      "epoch": 17,
      "train_loss": 0.1276334185294859,
      "val_aami_margin": -5.753491948148515,
      "val_sbp_mae": 10.311689936483052,
      "val_dbp_mae": 5.877890728620054
    },
    {
      "epoch": 18,
      "train_loss": 0.12596381975540788,
      "val_aami_margin": -5.907859353118507,
      "val_sbp_mae": 10.428708630805039,
      "val_dbp_mae": 5.876275920686519
    },
    {
      "epoch": 19,
      "train_loss": 0.12439730383268312,
      "val_aami_margin": -5.9448355831706685,
      "val_sbp_mae": 10.470622496684063,
      "val_dbp_mae": 5.783503718886604
    },
    {
      "epoch": 20,
      "train_loss": 0.12338260712130338,
      "val_aami_margin": -5.520881407202065,
      "val_sbp_mae": 10.147361315709672,