{
  "name": "iter1_resunet_sa_free_reg",
  "best_val_metrics": {
    "sbp": {
      "mae": 13.950932233144163,
      "rmse": 18.078501726945376,
      "me": -0.10851740630058096,
      "sd": 18.078238647777933,
      "pearson_r": 0.5172682518073772,
      "r2": 0.2597258686755367,
      "n": 144360,
      "aami_pass": false,
      "aami_margin": -10.078238647777933,
      "bhs": {
        "grade": "D",
        "pct5": 23.956774729842063,
        "pct10": 45.592269326683294,
        "pct15": 62.64062067054586
      }
    },
    "dbp": {
      "mae": 8.219307792450865,
      "rmse": 10.85043392998432,
      "me": -0.5309044549957754,
      "sd": 10.837475283739904,
      "pearson_r": 0.4934209523049751,
      "r2": 0.22164810017552594,
      "n": 144360,
      "aami_pass": false,
      "aami_margin": -2.837475283739904,
      "bhs": {
        "grade": "D",
        "pct5": 39.31144361318925,
        "pct10": 69.09600997506234,
        "pct15": 86.19562205597119
      }
    },
    "sbp_sd": 18.078238647777933,
    "dbp_sd": 10.837475283739904,
    "sbp_me_abs": 0.10851740630058096,
    "dbp_me_abs": 0.5309044549957754,
    "sbp_mae": 13.950932233144163,
    "dbp_mae": 8.219307792450865,
    "aami_margin": -10.078238647777933,
    "aami_pass_both": false,
    "error_signature": [
      0.0626550068095477,
      0.10854419038061788,
      0.08058920507490502,
      0.10441545408931259,
      0.07089097555730772,
      0.04927962153250663,
      0.050526843953838434,
      0.07719876711346857,
      0.11946097053974626,
      0.09582108809404344,
      0.11907390151243638,
      0.06154397534226937,
      0.017402740183560292,
      0.06288227230661109,
      0.08395204330853855,
      0.13808075817775706,
      0.11105467146326359,
      0.0804868035598728,
      0.08262996388635684,
      0.1207128095579384,
      0.16110581506196378,
      0.0878139068838588,
      0.04616840508513496,
      0.007709810525143863
    ]
  },
  "final_val_metrics": {
    "sbp": {
      "mae": 14.653041291972027,
      "rmse": 18.994318509832695,
      "me": 0.9598619035971736,
      "sd": 18.970115803849314,
      "pearson_r": 0.4946748368415994,
      "r2": 0.18282487943616177,
      "n": 144360,
      "aami_pass": false,
      "aami_margin": -10.970115803849314,
      "bhs": {
        "grade": "D",
        "pct5": 23.110279855915767,
        "pct10": 43.77944028816847,
        "pct15": 60.715572180659464
      }
    },
    "dbp": {
      "mae": 8.719736854144228,
      "rmse": 11.375076744733944,
      "me": 0.3022481720453957,
      "sd": 11.371099888832415,
      "pearson_r": 0.45657592245762835,
      "r2": 0.14455824069437473,
      "n": 144360,
      "aami_pass": false,
      "aami_margin": -3.371099888832415,
      "bhs": {
        "grade": "D",
        "pct5": 36.99431975616515,
        "pct10": 65.86381269049598,
        "pct15": 83.49681352175118
      }
    },
    "sbp_sd": 18.970115803849314,
    "dbp_sd": 11.371099888832415,
    "sbp_me_abs": 0.9598619035971736,
    "dbp_me_abs": 0.3022481720453957,
    "sbp_mae": 14.653041291972027,
    "dbp_mae": 8.719736854144228,
    "aami_margin": -10.970115803849314,
    "aami_pass_both": false,
    "error_signature": [
      0.06574246828943753,
      0.10311537293357052,
      0.08032860386745926,
      0.09962974212117268,
      0.06759375768357415,
      0.048205840239510564,
      0.0504042463950478,
      0.0750567680536874,
      0.11614671468448533,
      0.09647676487178375,
      0.12282871234144718,
      0.07447100851882385,
      0.01774880329511299,
      0.06550567739062674,
      0.07667956139374374,
      0.12559139485695203,
      0.09875598352443504,
      0.07403567850384059,
      0.07877379494600913,
      0.12000445285539352,
      0.1643729822998998,
      0.10042580429700546,
      0.06740509851942558,
      0.010700768117555383
    ]
  },
  "history": [
    {
      "epoch": 0,
      "train_loss": 0.8061264388797474,
      "val_aami_margin": -10.988590421066835,
      "val_sbp_mae": 14.905345125964933,
      "val_dbp_mae": 8.855683425099048
    },
    {
      "epoch": 1,
      "train_loss": 0.6404030452239121,
      "val_aami_margin": -10.762070893209735,
      "val_sbp_mae": 14.456662516093003,
      "val_dbp_mae": 9.334759928888419
    },
    {
      "epoch": 2,
      "train_loss": 0.566240627918515,
      "val_aami_margin": -10.178111914031202,
      "val_sbp_mae": 14.028742354385392,
      "val_dbp_mae": 8.371276465423586
    },
    {
      "epoch": 3,
      "train_loss": 0.5191057065327787,
      "val_aami_margin": -10.078238647777933,
      "val_sbp_mae": 13.950932233144163,
      "val_dbp_mae": 8.219307792450865
    },
    {
      "epoch": 4,
      "train_loss": 0.4846092388785283,
      "val_aami_margin": -10.209106177959658,
      "val_sbp_mae": 14.091725274699279,
      "val_dbp_mae": 8.468489982931862
    },
    {
      "epoch": 5,
      "train_loss": 0.4598199120417913,
      "val_aami_margin": -10.495551808819101,
      "val_sbp_mae": 14.290055562945303,
      "val_dbp_mae": 8.534645746843578
    },
    {
      "epoch": 6,
      "train_loss": 0.43969559322522006,
      "val_aami_margin": -10.488266024174095,
      "val_sbp_mae": 14.27512371502074,
      "val_dbp_mae": 8.786121290716475
    },
    {
      "epoch": 7,
      "train_loss": 0.4242561007634666,
      "val_aami_margin": -10.570694892056768,
      "val_sbp_mae": 14.501855479711327,
      "val_dbp_mae": 8.622473080326392
    },
    {
      "epoch": 8,
      "train_loss": 0.41086663113198707,
      "val_aami_margin": -10.75693715100784,
      "val_sbp_mae": 14.890641255121192,
      "val_dbp_mae": 9.817421928692458
    },
    {
      "epoch": 9,
      "train_loss": 0.4001445550420762,
      "val_aami_margin": -10.324268674950286,
      "val_sbp_mae": 14.26326346662145,
      "val_dbp_mae": 8.711961347608892
    },
    {
      "epoch": 10,
      "train_loss": 0.39152357233088547,
      "val_aami_margin": -10.591069488787465,
      "val_sbp_mae": 14.313139651240212,
      "val_dbp_mae": 8.556599106544036
    },
    {
      "epoch": 11,
      "train_loss": 0.38407043353339115,
      "val_aami_margin": -10.979261585803272,
      "val_sbp_mae": 14.880206840425078,
      "val_dbp_mae": 8.72605108479518
    },
    {
      "epoch": 12,
      "train_loss": 0.37749173548921017,
      "val_aami_margin": -10.883545103722838,
      "val_sbp_mae": 14.681585239724594,
      "val_dbp_mae": 8.868415045235446
    },
    {
      "epoch": 13,
      "train_loss": 0.3719204474658775,
      "val_aami_margin": -11.223086910236148,
      "val_sbp_mae": 15.042529501370444,
      "val_dbp_mae": 9.090275715494231
    },
    {
      "epoch": 14,
      "train_loss": 0.3662168322725358,
      "val_aami_margin": -10.889301437513875,
      "val_sbp_mae": 14.738593537402744,
      "val_dbp_mae": 8.707243141538074
    },
    {
      "epoch": 15,
      "train_loss": 0.3616428509854985,
      "val_aami_margin": -10.78399067655958,
      "val_sbp_mae": 14.5377489564455,
      "val_dbp_mae": 8.555176844998568
    },
    {
      "epoch": 16,
      "train_loss": 0.3583242607251459,
      "val_aami_margin": -10.940260543561717,
      "val_sbp_mae": 14.91055091025228,
      "val_dbp_mae": 8.812790997867015
    },
    {
      "epoch": 17,
      "train_loss": 0.3543748386558482,
      "val_aami_margin": -10.638586182477788,
      "val_sbp_mae": 14.36190498743498,
      "val_dbp_mae": 8.82020982861286
    },
    {
      "epoch": 18,
      "train_loss": 0.35085533882348746,
      "val_aami_margin": -10.895634720925681,
      "val_sbp_mae": 14.553261177201806,
      "val_dbp_mae": 8.713026241927496
    },
    {
      "epoch": 19,
      "train_loss": 0.3494650257686732,
      "val_aami_margin": -10.739266834747166,
      "val_sbp_mae": 14.447928384973709,
      "val_dbp_mae": 8.92908337275691
    },
    {
      "epoch": 20,
      "train_loss": 0.34611129759916454,
      "val_aami_margin": -10.56713929080982,
      "val_sbp_mae": 14.326964292866641,