{
  "name": "iter1_runet_attn_cal_hifreq",
  "best_val_metrics": {
    "sbp": {
      "mae": 9.436706666165433,
      "rmse": 12.707333915497882,
      "me": -0.036132530213516006,
      "sd": 12.707337561023646,
      "pearson_r": 0.7956088109956581,
      "r2": 0.6329499481525787,
      "n": 115488,
      "aami_pass": false,
      "aami_margin": -4.707337561023646,
      "bhs": {
        "grade": "D",
        "pct5": 37.23763507896925,
        "pct10": 63.933915211970074,
        "pct15": 80.17283180936548
      }
    },
    "dbp": {
      "mae": 5.111322234897784,
      "rmse": 7.101003603076528,
      "me": -0.06455944228718778,
      "sd": 7.100740865288847,
      "pearson_r": 0.81704720224077,
      "r2": 0.6674928406363008,
      "n": 115488,
      "aami_pass": true,
      "aami_margin": 0.8992591347111532,
      "bhs": {
        "grade": "A",
        "pct5": 61.12496536436686,
        "pct10": 87.28266140205044,
        "pct15": 95.9017387087836
      }
    },
    "sbp_sd": 12.707337561023646,
    "dbp_sd": 7.100740865288847,
    "sbp_me_abs": 0.036132530213516006,
    "dbp_me_abs": 0.06455944228718778,
    "sbp_mae": 9.436706666165433,
    "dbp_mae": 5.111322234897784,
    "aami_margin": -4.707337561023646,
    "aami_pass_both": false,
    "error_signature": [
      0.028287728605332962,
      0.06867757922658105,
      0.07935746195728047,
      0.1293365210107497,
      0.10841302526874215,
      0.07878158592768393,
      0.07776944017869608,
      0.11027153427334915,
      0.1396761133603239,
      0.08427858439201452,
      0.0706844199357811,
      0.024466005863465028,
      0.004290506279741009,
      0.021010479236549914,
      0.043919182463530694,
      0.12077558485234591,
      0.150427750474556,
      0.13611739518596527,
      0.14946563694515952,
      0.17585875133265724,
      0.14106664586421197,
      0.04235899836180669,
      0.013426250964280451,
      0.0012828180391952918
    ]
  },
  "final_val_metrics": {
    "sbp": {
      "mae": 11.156821913036334,
      "rmse": 14.842156674994081,
      "me": -0.0346139486855154,
      "sd": 14.842180571376307,
      "pearson_r": 0.738145603908902,
      "r2": 0.4992621401717503,
      "n": 115488,
      "aami_pass": false,
      "aami_margin": -6.842180571376307,
      "bhs": {
        "grade": "D",
        "pct5": 31.333125519534498,
        "pct10": 56.275110834026044,
        "pct15": 73.3080493211416
      }
    },
    "dbp": {
      "mae": 6.280071807081718,
      "rmse": 8.473861376812293,
      "me": -0.04565097832698599,
      "sd": 8.47377509574947,
      "pearson_r": 0.7588201841518697,
      "r2": 0.5264953536187423,
      "n": 115488,
      "aami_pass": false,
      "aami_margin": -0.4737750957494704,
      "bhs": {
        "grade": "B",
        "pct5": 51.195795234136874,
        "pct10": 80.71401357716819,
        "pct15": 92.6936131892491
      }
    },
    "sbp_sd": 14.842180571376307,
    "dbp_sd": 8.47377509574947,
    "sbp_me_abs": 0.0346139486855154,
    "dbp_me_abs": 0.04565097832698599,
    "sbp_mae": 11.156821913036334,
    "dbp_mae": 6.280071807081718,
    "aami_margin": -6.842180571376307,
    "aami_pass_both": false,
    "error_signature": [
      0.037713581116787034,
      0.09035582173683283,
      0.08420820856085962,
      0.126404791262991,
      0.092769068169808,
      0.06682226528095825,
      0.06574775409547295,
      0.09336797604368505,
      0.1272943456050731,
      0.08904350889554342,
      0.0890523163642769,
      0.03722036286771182,
      0.006215218182763822,
      0.03168287651046272,
      0.05970770270973111,
      0.14395554862086302,
      0.13919661587004387,
      0.11109377437977844,
      0.11411036563166381,
      0.14811636414070492,
      0.15154903694457447,
      0.06021913628404501,
      0.029663147310206132,
      0.004490213415162705
    ]
  },
  "history": [
    {
      "epoch": 0,
      "train_loss": 0.3178155669831231,
      "val_aami_margin": -4.707337561023646,
      "val_sbp_mae": 9.436706666165433,
      "val_dbp_mae": 5.111322234897784
    },
    {
      "epoch": 1,
      "train_loss": 0.2873236439014821,
      "val_aami_margin": -4.864514437461754,
      "val_sbp_mae": 9.640723394418076,
      "val_dbp_mae": 5.3422191259323375
    },
    {
      "epoch": 2,
      "train_loss": 0.26472248258544984,
      "val_aami_margin": -5.838417509498866,
      "val_sbp_mae": 10.337217090618854,
      "val_dbp_mae": 5.364315901996782
    },
    {
      "epoch": 3,
      "train_loss": 0.24867017671860572,
      "val_aami_margin": -5.762395917111693,
      "val_sbp_mae": 10.338538315329195,
      "val_dbp_mae": 5.491077081303523
    },
    {
      "epoch": 4,
      "train_loss": 0.2353323292898376,
      "val_aami_margin": -5.097388715017798,
      "val_sbp_mae": 9.830275914609224,
      "val_dbp_mae": 5.374153425056313
    },
    {
      "epoch": 5,
      "train_loss": 0.225977467336062,
      "val_aami_margin": -7.300386066015198,
      "val_sbp_mae": 11.296555254965307,
      "val_dbp_mae": 6.144923233835232
    },
    {
      "epoch": 6,
      "train_loss": 0.21787998462732702,
      "val_aami_margin": -5.674101041695293,
      "val_sbp_mae": 10.330927087385952,
      "val_dbp_mae": 5.537751529370041
    },
    {
      "epoch": 7,
      "train_loss": 0.21080423143100782,
      "val_aami_margin": -5.034234736775998,
      "val_sbp_mae": 9.756803093234229,
      "val_dbp_mae": 5.199275258844963
    },
    {
      "epoch": 8,
      "train_loss": 0.20476355913386143,
      "val_aami_margin": -5.976965049075824,
      "val_sbp_mae": 10.531038805605023,
      "val_dbp_mae": 5.941373692185543
    },
    {
      "epoch": 9,
      "train_loss": 0.20019663607504104,
      "val_aami_margin": -5.34867941741715,
      "val_sbp_mae": 10.007973058241207,
      "val_dbp_mae": 5.469514207999724
    },
    {
      "epoch": 10,
      "train_loss": 0.195843870170554,
      "val_aami_margin": -6.28625022855657,
      "val_sbp_mae": 10.716998997541944,
      "val_dbp_mae": 5.728146957511612
    },
    {
      "epoch": 11,
      "train_loss": 0.19234181168000633,
      "val_aami_margin": -5.9600295986970355,
      "val_sbp_mae": 10.480020215140417,
      "val_dbp_mae": 6.264856073672052
    },
    {
      "epoch": 12,
      "train_loss": 0.18900208047937028,
      "val_aami_margin": -5.909699987119003,
      "val_sbp_mae": 10.518602699148675,
      "val_dbp_mae": 5.84403012094483
    },
    {
      "epoch": 13,
      "train_loss": 0.186410497743143,
      "val_aami_margin": -6.110006882257661,
      "val_sbp_mae": 10.611886030864548,
      "val_dbp_mae": 6.000816584092453
    },
    {
      "epoch": 14,
      "train_loss": 0.18348920273797997,
      "val_aami_margin": -5.246370111892698,
      "val_sbp_mae": 9.985902255598933,
      "val_dbp_mae": 5.669969172057295
    },
    {
      "epoch": 15,
      "train_loss": 0.18154658323167686,
      "val_aami_margin": -6.072753785701082,
      "val_sbp_mae": 10.652967723560632,
      "val_dbp_mae": 6.1031373629010215
    },
    {
      "epoch": 16,
      "train_loss": 0.1793187602670748,
      "val_aami_margin": -4.993719230141908,
      "val_sbp_mae": 9.779225598112967,
      "val_dbp_mae": 5.382805559645749
    },
    {
      "epoch": 17,
      "train_loss": 0.17709921202149106,
      "val_aami_margin": -6.707327312270152,
      "val_sbp_mae": 11.009236038834018,
      "val_dbp_mae": 6.604749477431843
    },
    {
      "epoch": 18,
      "train_loss": 0.1755890692806648,
      "val_aami_margin": -5.01832988161128,
      "val_sbp_mae": 9.760092211991518,
      "val_dbp_mae": 5.562816626763229
    },
    {
      "epoch": 19,
      "train_loss": 0.17379391439292907,
      "val_aami_margin": -5.5724655444159765,
      "val_sbp_mae": 10.260636489467526,
      "val_dbp_mae": 5.691822201860969
    },
    {
      "epoch": 20,
      "train_loss": 0.17213271350282847,
      "val_aami_margin": -5.437072172540443,
      "val_sbp_mae": 10.150309447766839,