{
  "name": "iter1_minirocket_cal_widerf",
  "best_val_metrics": {
    "sbp": {
      "mae": 9.531861200757744,
      "rmse": 12.649592539837599,
      "me": -0.10800811328695535,
      "sd": 12.649186183832262,
      "pearson_r": 0.7990458311536478,
      "r2": 0.6362780770873465,
      "n": 115488,
      "aami_pass": false,
      "aami_margin": -4.649186183832262,
      "bhs": {
        "grade": "D",
        "pct5": 35.42013022998061,
        "pct10": 62.843758658908285,
        "pct15": 80.06892490994736
      }
    },
    "dbp": {
      "mae": 5.208557308327595,
      "rmse": 7.129516117509503,
      "me": -0.07369952318474872,
      "sd": 7.129166047946816,
      "pearson_r": 0.8171334293540667,
      "r2": 0.6648172614163839,
      "n": 115488,
      "aami_pass": true,
      "aami_margin": 0.870833952053184,
      "bhs": {
        "grade": "B",
        "pct5": 59.607924632862286,
        "pct10": 87.13026461623718,
        "pct15": 95.90953172623996
      }
    },
    "sbp_sd": 12.649186183832262,
    "dbp_sd": 7.129166047946816,
    "sbp_me_abs": 0.10800811328695535,
    "dbp_me_abs": 0.07369952318474872,
    "sbp_mae": 9.531861200757744,
    "dbp_mae": 5.208557308327595,
    "aami_margin": -4.649186183832262,
    "aami_pass_both": false,
    "error_signature": [
      0.02547692951557214,
      0.07207128657622153,
      0.08456561922365989,
      0.13755972517699577,
      0.10420081609876887,
      0.0732047570885502,
      0.0745736407072856,
      0.10468036131552332,
      0.13857984863809159,
      0.08888152617444983,
      0.07348376521466188,
      0.02272172427021937,
      0.0035625438816992727,
      0.020456456352336456,
      0.043643329548311044,
      0.12897969089947733,
      0.15636187124567685,
      0.1345445404665112,
      0.13581873499354236,
      0.16997928350394828,
      0.14653237060857957,
      0.04424142085691749,
      0.014891606785302556,
      0.0009881508576976086
    ]
  },
  "final_val_metrics": {
    "sbp": {
      "mae": 9.531861200757744,
      "rmse": 12.649592539837599,
      "me": -0.10800811328695535,
      "sd": 12.649186183832262,
      "pearson_r": 0.7990458311536478,
      "r2": 0.6362780770873465,
      "n": 115488,
      "aami_pass": false,
      "aami_margin": -4.649186183832262,
      "bhs": {
        "grade": "D",
        "pct5": 35.42013022998061,
        "pct10": 62.843758658908285,
        "pct15": 80.06892490994736
      }
    },
    "dbp": {
      "mae": 5.208557308327595,
      "rmse": 7.129516117509503,
      "me": -0.07369952318474872,
      "sd": 7.129166047946816,
      "pearson_r": 0.8171334293540667,
      "r2": 0.6648172614163839,
      "n": 115488,
      "aami_pass": true,
      "aami_margin": 0.870833952053184,
      "bhs": {
        "grade": "B",
        "pct5": 59.607924632862286,
        "pct10": 87.13026461623718,
        "pct15": 95.90953172623996
      }
    },
    "sbp_sd": 12.649186183832262,
    "dbp_sd": 7.129166047946816,
    "sbp_me_abs": 0.10800811328695535,
    "dbp_me_abs": 0.07369952318474872,
    "sbp_mae": 9.531861200757744,
    "dbp_mae": 5.208557308327595,
    "aami_margin": -4.649186183832262,
    "aami_pass_both": false,
    "error_signature": [
      0.02547692951557214,
      0.07207128657622153,
      0.08456561922365989,
      0.13755972517699577,
      0.10420081609876887,
      0.0732047570885502,
      0.0745736407072856,
      0.10468036131552332,
      0.13857984863809159,
      0.08888152617444983,
      0.07348376521466188,
      0.02272172427021937,
      0.0035625438816992727,
      0.020456456352336456,
      0.043643329548311044,
      0.12897969089947733,
      0.15636187124567685,
      0.1345445404665112,
      0.13581873499354236,
      0.16997928350394828,
      0.14653237060857957,
      0.04424142085691749,
      0.014891606785302556,
      0.0009881508576976086
    ]
  },
  "history": [
    {
      "epoch": 0,
      "val_aami_margin": -4.649186183832262,
      "val_sbp_mae": 9.531861200757744,
      "val_dbp_mae": 5.208557308327595
    }
  ],
  "param_count": 2000,
  "train_seconds": 0.0,
  "inference_seconds": 0.0,
  "generalization_gap": 0.0,
  "device": "cpu",
  "spec": {
    "calibration": {
      "cal_fraction": 0.2,
      "mode": "per_subject"
    },
    "data": {
      "signals": [
        "ppg"
      ],
      "val_fraction": 0.2
    },
    "decode": {
      "strategy": "identity"
    },
    "feature_extraction": {
      "family": "minirocket",
      "kernel_length": 11,
      "num_kernels": 1000,
      "random_state": 42
    },
    "model": {
      "alphas": [
        0.01,
        0.1,
        1.0,
        10.0,
        100.0,
        1000.0
      ],
      "family": "ridge_regressor_cv"
    },
    "name": "iter1_minirocket_cal_widerf",
    "preprocessing": {
      "normalize": "per_channel_zscore"
    },
    "training": {
      "loss": "ridge_regression_cv",
      "seed": 42
    }
  }
}