{
  "name": "seed_mamba_ssm_free",
  "best_val_metrics": {
    "sbp": {
      "mae": 15.088412236105018,
      "rmse": 19.410961813212406,
      "me": -0.2873673876229961,
      "sd": 19.408901771738638,
      "pearson_r": 0.3831044430398298,
      "r2": 0.14658197044304666,
      "n": 144360,
      "aami_pass": false,
      "aami_margin": -11.408901771738638,
      "bhs": {
        "grade": "D",
        "pct5": 21.56137434192297,
        "pct10": 41.641729010806316,
        "pct15": 58.760044333610416
      }
    },
    "dbp": {
      "mae": 8.739584856162567,
      "rmse": 11.277641973856278,
      "me": 0.02579194347952849,
      "sd": 11.277651541685255,
      "pearson_r": 0.39894656034920395,
      "r2": 0.15915028288658684,
      "n": 144360,
      "aami_pass": false,
      "aami_margin": -3.2776515416852554,
      "bhs": {
        "grade": "D",
        "pct5": 35.62274868384594,
        "pct10": 65.66985314491549,
        "pct15": 84.06137434192297
      }
    },
    "sbp_sd": 19.408901771738638,
    "dbp_sd": 11.277651541685255,
    "sbp_me_abs": 0.2873673876229961,
    "dbp_me_abs": 0.02579194347952849,
    "sbp_mae": 15.088412236105018,
    "dbp_mae": 8.739584856162567,
    "aami_margin": -11.408901771738638,
    "aami_pass_both": false,
    "error_signature": [
      0.07248592523892677,
      0.10738843442284422,
      0.0766956735959656,
      0.09714302275872563,
      0.06461710128755986,
      0.044220471984523196,
      0.0472201894024476,
      0.06947171643250998,
      0.11289516204995181,
      0.10235992261598545,
      0.13533507713041526,
      0.07016730308014463,
      0.02169256235133744,
      0.06429873002183861,
      0.07902936389812355,
      0.12731774491939185,
      0.09572130030184585,
      0.06879859787734209,
      0.07347929504388588,
      0.11966031909418424,
      0.17436118568388254,
      0.10562518256805442,
      0.06509855197451697,
      0.004917166265596528
    ]
  },
  "final_val_metrics": {
    "sbp": {
      "mae": 15.177777077802505,
      "rmse": 19.516009715026243,
      "me": 0.26680289848414684,
      "sd": 19.514253490778483,
      "pearson_r": 0.374519096428092,
      "r2": 0.13731995068600067,
      "n": 144360,
      "aami_pass": false,
      "aami_margin": -11.514253490778483,
      "bhs": {
        "grade": "D",
        "pct5": 21.58077029648102,
        "pct10": 41.41313383208645,
        "pct15": 58.408146300914375
      }
    },
    "dbp": {
      "mae": 8.802396387708065,
      "rmse": 11.358939509419692,
      "me": 0.11660365748752838,
      "sd": 11.358380344650662,
      "pearson_r": 0.39177751210959344,
      "r2": 0.1469836613637041,
      "n": 144360,
      "aami_pass": false,
      "aami_margin": -3.358380344650662,
      "bhs": {
        "grade": "D",
        "pct5": 35.333887503463565,
        "pct10": 65.33942920476586,
        "pct15": 83.87642006095871
      }
    },
    "sbp_sd": 19.514253490778483,
    "dbp_sd": 11.358380344650662,
    "sbp_me_abs": 0.26680289848414684,
    "dbp_me_abs": 0.11660365748752838,
    "sbp_mae": 15.177777077802505,
    "dbp_mae": 8.802396387708065,
    "aami_margin": -11.514253490778483,
    "aami_pass_both": false,
    "error_signature": [
      0.07235768229072205,
      0.10071603200742874,
      0.07356920554543937,
      0.08999368847166704,
      0.06328939445601155,
      0.04500772618123517,
      0.045921809594973995,
      0.07179182112983612,
      0.11770637609454235,
      0.10441589344399063,
      0.14163214671764254,
      0.07359822406651045,
      0.022310806862294946,
      0.06365571649204825,
      0.0784252340999847,
      0.1242295223386345,
      0.09549748855588484,
      0.06843511291063155,
      0.07231011117140432,
      0.11861529685130302,
      0.1771159438438313,
      0.10774164823085806,
      0.06653587677922945,
      0.005127241863895034
    ]
  },
  "history": [
    {
      "epoch": 0,
      "train_loss": 0.3785241247016152,
      "val_aami_margin": -11.918206239697525,
      "val_sbp_mae": 15.593554953493124,
      "val_dbp_mae": 8.902895374294259
    },
    {
      "epoch": 1,
      "train_loss": 0.35511691322496297,
      "val_aami_margin": -11.579937379253728,
      "val_sbp_mae": 15.260354651504413,
      "val_dbp_mae": 8.732852254037015
    },
    {
      "epoch": 2,
      "train_loss": 0.34840263280644723,
      "val_aami_margin": -11.525246312609482,
      "val_sbp_mae": 15.196886695925585,
      "val_dbp_mae": 8.793675424747489
    },
    {
      "epoch": 3,
      "train_loss": 0.345180116176843,
      "val_aami_margin": -11.408901771738638,
      "val_sbp_mae": 15.088412236105018,
      "val_dbp_mae": 8.739584856162567
    },
    {
      "epoch": 4,
      "train_loss": 0.3426866320513125,
      "val_aami_margin": -11.468690119028075,
      "val_sbp_mae": 15.153493305885215,
      "val_dbp_mae": 8.778152219292576
    },
    {
      "epoch": 5,
      "train_loss": 0.34103992733302196,
      "val_aami_margin": -11.430303317838202,
      "val_sbp_mae": 15.09062603129435,
      "val_dbp_mae": 8.734669848880978
    },
    {
      "epoch": 6,
      "train_loss": 0.3396949057556977,
      "val_aami_margin": -11.462251406391204,
      "val_sbp_mae": 15.171074201080893,
      "val_dbp_mae": 8.798925188781094
    },
    {
      "epoch": 7,
      "train_loss": 0.3383830338105465,
      "val_aami_margin": -11.515752947058218,
      "val_sbp_mae": 15.179457782450589,
      "val_dbp_mae": 8.856189091000202
    },
    {
      "epoch": 8,
      "train_loss": 0.3371677860100729,
      "val_aami_margin": -11.540815321668017,
      "val_sbp_mae": 15.180242047826788,
      "val_dbp_mae": 8.811963744118662
    },
    {
      "epoch": 9,
      "train_loss": 0.336341862762158,
      "val_aami_margin": -11.427621040686066,
      "val_sbp_mae": 15.137558766928635,
      "val_dbp_mae": 8.80470653694646
    },
    {
      "epoch": 10,
      "train_loss": 0.3357607015422716,
      "val_aami_margin": -11.538825242846244,
      "val_sbp_mae": 15.219646476481989,
      "val_dbp_mae": 8.759338101138429
    },
    {
      "epoch": 11,
      "train_loss": 0.33493544656098395,
      "val_aami_margin": -11.487625218213964,
      "val_sbp_mae": 15.154002994608469,
      "val_dbp_mae": 8.7718109521439
    },
    {
      "epoch": 12,
      "train_loss": 0.33434111637424685,
      "val_aami_margin": -11.520815593247761,
      "val_sbp_mae": 15.17517606878235,
      "val_dbp_mae": 8.784944547845079
    },
    {
      "epoch": 13,
      "train_loss": 0.3337195573070553,
      "val_aami_margin": -11.47063363691263,
      "val_sbp_mae": 15.092660625981994,
      "val_dbp_mae": 8.791131537128667
    },
    {
      "epoch": 14,
      "train_loss": 0.3331802690586018,
      "val_aami_margin": -11.490942909735466,
      "val_sbp_mae": 15.161388687998475,
      "val_dbp_mae": 8.739175825328047
    },
    {
      "epoch": 15,
      "train_loss": 0.33260224194612814,
      "val_aami_margin": -11.432820387478554,
      "val_sbp_mae": 15.125640496881593,
      "val_dbp_mae": 8.806356642798
    },
    {
      "epoch": 16,
      "train_loss": 0.3321180636366468,
      "val_aami_margin": -11.478221401744058,
      "val_sbp_mae": 15.126083245843388,
      "val_dbp_mae": 8.802914842448601
    },
    {
      "epoch": 17,
      "train_loss": 0.3317800389251225,
      "val_aami_margin": -11.444443445362168,
      "val_sbp_mae": 15.127090144460409,
      "val_dbp_mae": 8.779794899593247
    },
    {
      "epoch": 18,
      "train_loss": 0.33153368678316764,
      "val_aami_margin": -11.490060891735165,
      "val_sbp_mae": 15.146597378103138,
      "val_dbp_mae": 8.764441130827858
    },
    {
      "epoch": 19,
      "train_loss": 0.3308482561568047,
      "val_aami_margin": -11.449905899369778,
      "val_sbp_mae": 15.079201447976894,
      "val_dbp_mae": 8.774966551975922
    },
    {
      "epoch": 20,
      "train_loss": 0.330556376524964,
      "val_aami_margin": -11.440441835311123,
      "val_sbp_mae": 15.084601538647133,