{
  "name": "lever_wavelet_net_sbp3x_s0",
  "best_val_metrics": {
    "sbp": {
      "mae": 8.685105835389981,
      "rmse": 11.657638297693461,
      "me": -0.062071842931746696,
      "sd": 11.65752351459016,
      "pearson_r": 0.8313928026500428,
      "r2": 0.6910860234844758,
      "n": 115488,
      "aami_pass": false,
      "aami_margin": -3.65752351459016,
      "bhs": {
        "grade": "D",
        "pct5": 39.31750484898864,
        "pct10": 67.23469105015239,
        "pct15": 83.42078830701026
      }
    },
    "dbp": {
      "mae": 4.657165979307121,
      "rmse": 6.490992619150023,
      "me": -0.06264140976168674,
      "sd": 6.490718452565881,
      "pearson_r": 0.849868921329287,
      "r2": 0.7221670403588762,
      "n": 115488,
      "aami_pass": true,
      "aami_margin": 1.509281547434119,
      "bhs": {
        "grade": "A",
        "pct5": 65.03706012745913,
        "pct10": 89.87167497921862,
        "pct15": 97.06203241895261
      }
    },
    "sbp_sd": 11.65752351459016,
    "dbp_sd": 6.490718452565881,
    "sbp_me_abs": 0.062071842931746696,
    "dbp_me_abs": 0.06264140976168674,
    "sbp_mae": 8.685105835389981,
    "dbp_mae": 4.657165979307121,
    "aami_margin": -3.65752351459016,
    "aami_pass_both": false,
    "error_signature": [
      0.020235265435484855,
      0.061280463913486405,
      0.07902550305183327,
      0.1381640240663828,
      0.11473325845240272,
      0.08301334796123606,
      0.08281308500727041,
      0.11480291513204294,
      0.14256110196867192,
      0.08373603601250337,
      0.062064101559438915,
      0.017570897439246315,
      0.0030243420539528758,
      0.016144267181989132,
      0.03713268109222943,
      0.11516763867344905,
      0.15698848323613265,
      0.15231765123876703,
      0.15782905968092759,
      0.18374827768486182,
      0.13337435115297624,
      0.0348275951714516,
      0.008908377167517353,
      0.00053727566574521
    ]
  },
  "final_val_metrics": {
    "sbp": {
      "mae": 9.268920810925627,
      "rmse": 12.257850790140504,
      "me": -0.052610222730110186,
      "sd": 12.257790958756065,
      "pearson_r": 0.8125643867305701,
      "r2": 0.6584572534840456,
      "n": 115488,
      "aami_pass": false,
      "aami_margin": -4.257790958756065,
      "bhs": {
        "grade": "D",
        "pct5": 36.41244111942366,
        "pct10": 63.668952618453865,
        "pct15": 80.62655860349128
      }
    },
    "dbp": {
      "mae": 4.896412765074509,
      "rmse": 6.733367505719569,
      "me": -0.05972733555152197,
      "sd": 6.7331317501309975,
      "pearson_r": 0.8377467197965716,
      "r2": 0.7010309906849248,
      "n": 115488,
      "aami_pass": true,
      "aami_margin": 1.2668682498690025,
      "bhs": {
        "grade": "A",
        "pct5": 62.251489332225,
        "pct10": 88.86291216403436,
        "pct15": 96.73905513992796
      }
    },
    "sbp_sd": 12.257790958756065,
    "dbp_sd": 6.7331317501309975,
    "sbp_me_abs": 0.052610222730110186,
    "dbp_me_abs": 0.05972733555152197,
    "sbp_mae": 9.268920810925627,
    "dbp_mae": 4.896412765074509,
    "aami_margin": -4.257790958756065,
    "aami_pass_both": false,
    "error_signature": [
      0.02301262516325642,
      0.07346103613408794,
      0.08228123639529822,
      0.1333391380060949,
      0.1035785807575098,
      0.07777100565955594,
      0.07542011319111885,
      0.10937744884632129,
      0.14074009577710056,
      0.08823683064867219,
      0.0730605137135394,
      0.01972137570744449,
      0.0033363085695468685,
      0.01664687990155723,
      0.040148357409638034,
      0.12502924686083694,
      0.15505602398675875,
      0.14252536894373338,
      0.14697089179094777,
      0.1784535126563082,
      0.14129483435444595,
      0.038675182197110844,
      0.011291454717193687,
      0.0005719386119223203
    ]
  },
  "history": [
    {
      "epoch": 0,
      "train_loss": 0.34611566275586103,
      "val_aami_margin": -3.848607555262232,
      "val_sbp_mae": 8.846630707232455,
      "val_dbp_mae": 4.712749809288683
    },
    {
      "epoch": 1,
      "train_loss": 0.3066064968736555,
      "val_aami_margin": -3.65752351459016,
      "val_sbp_mae": 8.685105835389981,
      "val_dbp_mae": 4.657165979307121
    },
    {
      "epoch": 2,
      "train_loss": 0.29580737485413167,
      "val_aami_margin": -3.870732175803859,
      "val_sbp_mae": 8.832042036836107,
      "val_dbp_mae": 4.678995851896701
    },
    {
      "epoch": 3,
      "train_loss": 0.2877957463119136,
      "val_aami_margin": -3.8805180397140315,
      "val_sbp_mae": 8.857548078891982,
      "val_dbp_mae": 4.707369547983738
    },
    {
      "epoch": 4,
      "train_loss": 0.28109220826155484,
      "val_aami_margin": -3.91818058484038,
      "val_sbp_mae": 8.925490152180872,
      "val_dbp_mae": 4.718145374814598
    },
    {
      "epoch": 5,
      "train_loss": 0.2764246100519576,
      "val_aami_margin": -3.8139134709864937,
      "val_sbp_mae": 8.860433531404562,
      "val_dbp_mae": 4.724406657392371
    },
    {
      "epoch": 6,
      "train_loss": 0.2725527075340303,
      "val_aami_margin": -3.8499848826087817,
      "val_sbp_mae": 8.879896823358864,
      "val_dbp_mae": 4.682912235515688
    },
    {
      "epoch": 7,
      "train_loss": 0.2693600475632879,
      "val_aami_margin": -3.973281087078769,
      "val_sbp_mae": 8.973126163248585,
      "val_dbp_mae": 4.731717743509407
    },
    {
      "epoch": 8,
      "train_loss": 0.2663380449635087,
      "val_aami_margin": -4.074923650938393,
      "val_sbp_mae": 9.076829344484945,
      "val_dbp_mae": 4.778357690457229
    },
    {
      "epoch": 9,
      "train_loss": 0.26432659163960437,
      "val_aami_margin": -4.092606400949155,
      "val_sbp_mae": 9.078255919637574,
      "val_dbp_mae": 4.770619039267032
    },
    {
      "epoch": 10,
      "train_loss": 0.2624184366067471,
      "val_aami_margin": -4.109553738986662,
      "val_sbp_mae": 9.139574004459472,
      "val_dbp_mae": 4.778214724028502
    },
    {
      "epoch": 11,
      "train_loss": 0.26068508552696384,
      "val_aami_margin": -4.010041782989015,
      "val_sbp_mae": 9.052177910228322,
      "val_dbp_mae": 4.761096444533666
    },
    {
      "epoch": 12,
      "train_loss": 0.25913359420825094,
      "val_aami_margin": -4.014883765823061,
      "val_sbp_mae": 9.057326402603536,
      "val_dbp_mae": 4.7753969015906845
    },
    {
      "epoch": 13,
      "train_loss": 0.25784891576588875,
      "val_aami_margin": -4.031951726498562,
      "val_sbp_mae": 9.06189769982493,
      "val_dbp_mae": 4.79232807821758
    },
    {
      "epoch": 14,
      "train_loss": 0.2567134947856329,
      "val_aami_margin": -4.095342969941067,
      "val_sbp_mae": 9.11813919451051,
      "val_dbp_mae": 4.765933757529905
    },
    {
      "epoch": 15,
      "train_loss": 0.25562953182612663,
      "val_aami_margin": -4.104146459417507,
      "val_sbp_mae": 9.13553924448751,
      "val_dbp_mae": 4.842016447482659
    },
    {
      "epoch": 16,
      "train_loss": 0.2548660996281148,
      "val_aami_margin": -4.108264401787627,
      "val_sbp_mae": 9.148541117706925,
      "val_dbp_mae": 4.825536633883337
    },
    {
      "epoch": 17,
      "train_loss": 0.2540878897431049,
      "val_aami_margin": -4.202128957274233,
      "val_sbp_mae": 9.214881324693566,
      "val_dbp_mae": 4.869455994349557
    },
    {
      "epoch": 18,
      "train_loss": 0.25321737350364437,
      "val_aami_margin": -4.104603364288749,
      "val_sbp_mae": 9.130726465289658,
      "val_dbp_mae": 4.811963832604126
    },
    {
      "epoch": 19,
      "train_loss": 0.2523841174303078,
      "val_aami_margin": -4.219689221406501,
      "val_sbp_mae": 9.233435821581928,
      "val_dbp_mae": 4.855229050421134
    },
    {
      "epoch": 20,
      "train_loss": 0.2517633856393196,
      "val_aami_margin": -4.211863976298709,
      "val_sbp_mae": 9.22829773001288,