{
  "name": "lever_wavelet_net_vpg_s1",
  "best_val_metrics": {
    "sbp": {
      "mae": 8.370299090468801,
      "rmse": 11.43369538010001,
      "me": -0.024805623829522724,
      "sd": 11.433717973792207,
      "pearson_r": 0.828710356750956,
      "r2": 0.6862814299702131,
      "n": 115488,
      "aami_pass": false,
      "aami_margin": -3.4337179737922074,
      "bhs": {
        "grade": "D",
        "pct5": 41.54717373233583,
        "pct10": 69.11713771127737,
        "pct15": 84.38712247159879
      }
    },
    "dbp": {
      "mae": 4.612436477358679,
      "rmse": 6.574935159977446,
      "me": 0.01570172571833165,
      "sd": 6.574944877142131,
      "pearson_r": 0.8426397229691432,
      "r2": 0.7098939513562508,
      "n": 115488,
      "aami_pass": true,
      "aami_margin": 1.4250551228578692,
      "bhs": {
        "grade": "A",
        "pct5": 65.85532696037684,
        "pct10": 90.29163203103353,
        "pct15": 97.2014408423386
      }
    },
    "sbp_sd": 11.433717973792207,
    "dbp_sd": 6.574944877142131,
    "sbp_me_abs": 0.024805623829522724,
    "dbp_me_abs": 0.01570172571833165,
    "sbp_mae": 8.370299090468801,
    "dbp_mae": 4.612436477358679,
    "aami_margin": -3.4337179737922074,
    "aami_pass_both": false,
    "error_signature": [
      0.017413498728178683,
      0.05825986968187045,
      0.07564723509529948,
      0.13365448273459005,
      0.11656329488832363,
      0.08906233666678282,
      0.08968082511585769,
      0.12266977943482352,
      0.143707097808286,
      0.0779731001080177,
      0.0602634238126764,
      0.015105055925293565,
      0.00410926839417767,
      0.014035665675471829,
      0.034555999618548924,
      0.10849682268593573,
      0.15639494057165645,
      0.15211228532540377,
      0.1624288030238667,
      0.18841082280730653,
      0.1361606949345031,
      0.034625354359378926,
      0.008357246270015344,
      0.00031209633373501287
    ]
  },
  "final_val_metrics": {
    "sbp": {
      "mae": 9.067017907136428,
      "rmse": 12.20549420082706,
      "me": -0.06631035283482768,
      "sd": 12.205366915811922,
      "pearson_r": 0.8027714116952704,
      "r2": 0.6424986144421221,
      "n": 115488,
      "aami_pass": false,
      "aami_margin": -4.205366915811922,
      "bhs": {
        "grade": "D",
        "pct5": 37.96844693821003,
        "pct10": 65.42151565530618,
        "pct15": 81.83101274591299
      }
    },
    "dbp": {
      "mae": 4.975327559908539,
      "rmse": 6.952850906306988,
      "me": -0.014910638106936264,
      "sd": 6.952865020264965,
      "pearson_r": 0.8235197466068215,
      "r2": 0.6755859396582946,
      "n": 115488,
      "aami_pass": true,
      "aami_margin": 1.047134979735035,
      "bhs": {
        "grade": "A",
        "pct5": 61.84452064283735,
        "pct10": 88.52001939595456,
        "pct15": 96.67844278193405
      }
    },
    "sbp_sd": 12.205366915811922,
    "dbp_sd": 6.952865020264965,
    "sbp_me_abs": 0.06631035283482768,
    "dbp_me_abs": 0.014910638106936264,
    "sbp_mae": 9.067017907136428,
    "dbp_mae": 4.975327559908539,
    "aami_margin": -4.205366915811922,
    "aami_pass_both": false,
    "error_signature": [
      0.022609560016043806,
      0.06680850321748077,
      0.08101250370577054,
      0.13378267617669115,
      0.10867063111452138,
      0.07973946253247999,
      0.081701341052962,
      0.1122281708316621,
      0.1426678060094519,
      0.08422998447936104,
      0.0673491097431247,
      0.019200251120450623,
      0.004404446062876068,
      0.01584039952140665,
      0.038911720335015346,
      0.12340252128526591,
      0.15533475524111742,
      0.14061280757426,
      0.14675128752015815,
      0.17655065979989248,
      0.14369938788603928,
      0.04277861589415457,
      0.011253879900813262,
      0.0004595189790008497
    ]
  },
  "history": [
    {
      "epoch": 0,
      "train_loss": 0.3189719171504494,
      "val_aami_margin": -3.4337179737922074,
      "val_sbp_mae": 8.370299090468801,
      "val_dbp_mae": 4.612436477358679
    },
    {
      "epoch": 1,
      "train_loss": 0.28845694486415535,
      "val_aami_margin": -3.4446462407618625,
      "val_sbp_mae": 8.398366829448582,
      "val_dbp_mae": 4.612075065074197
    },
    {
      "epoch": 2,
      "train_loss": 0.27710276983812937,
      "val_aami_margin": -3.5254359394445665,
      "val_sbp_mae": 8.475159864724741,
      "val_dbp_mae": 4.690419858561139
    },
    {
      "epoch": 3,
      "train_loss": 0.2694093503481557,
      "val_aami_margin": -3.6506884838779285,
      "val_sbp_mae": 8.565272874892822,
      "val_dbp_mae": 4.686603196552612
    },
    {
      "epoch": 4,
      "train_loss": 0.2630948962584496,
      "val_aami_margin": -3.5068066671002747,
      "val_sbp_mae": 8.453599411874142,
      "val_dbp_mae": 4.6921379363676
    },
    {
      "epoch": 5,
      "train_loss": 0.2578548136018906,
      "val_aami_margin": -3.714983452101377,
      "val_sbp_mae": 8.634114392473949,
      "val_dbp_mae": 4.761404502129558
    },
    {
      "epoch": 6,
      "train_loss": 0.25432675769551555,
      "val_aami_margin": -3.636006190756106,
      "val_sbp_mae": 8.581409359171873,
      "val_dbp_mae": 4.783492594042683
    },
    {
      "epoch": 7,
      "train_loss": 0.2505540465216646,
      "val_aami_margin": -3.885573166733016,
      "val_sbp_mae": 8.764917656734985,
      "val_dbp_mae": 4.880404250078694
    },
    {
      "epoch": 8,
      "train_loss": 0.24750462510653692,
      "val_aami_margin": -3.9135654742801087,
      "val_sbp_mae": 8.80460646057308,
      "val_dbp_mae": 4.829666891204388
    },
    {
      "epoch": 9,
      "train_loss": 0.24521663998680238,
      "val_aami_margin": -3.744109655757695,
      "val_sbp_mae": 8.66286001411054,
      "val_dbp_mae": 4.874503693854758
    },
    {
      "epoch": 10,
      "train_loss": 0.24320674475988843,
      "val_aami_margin": -3.8831752206494894,
      "val_sbp_mae": 8.78669317965428,
      "val_dbp_mae": 4.832170574205297
    },
    {
      "epoch": 11,
      "train_loss": 0.24137180043002737,
      "val_aami_margin": -3.977890765505867,
      "val_sbp_mae": 8.876407017962894,
      "val_dbp_mae": 4.963245457411767
    },
    {
      "epoch": 12,
      "train_loss": 0.2397350545691424,
      "val_aami_margin": -4.10953128559626,
      "val_sbp_mae": 8.971205475295932,
      "val_dbp_mae": 4.977059886420895
    },
    {
      "epoch": 13,
      "train_loss": 0.23869550025319097,
      "val_aami_margin": -3.8485062203400613,
      "val_sbp_mae": 8.746356609434535,
      "val_dbp_mae": 4.935753718389514
    },
    {
      "epoch": 14,
      "train_loss": 0.2374101501785175,
      "val_aami_margin": -3.967284410709814,
      "val_sbp_mae": 8.860837914723248,
      "val_dbp_mae": 4.945275794072251
    },
    {
      "epoch": 15,
      "train_loss": 0.2362900087891668,
      "val_aami_margin": -3.9533960094881007,
      "val_sbp_mae": 8.821811625457478,
      "val_dbp_mae": 4.972854480144397
    },
    {
      "epoch": 16,
      "train_loss": 0.23555778331289162,
      "val_aami_margin": -4.167123272313068,
      "val_sbp_mae": 9.012075369022476,
      "val_dbp_mae": 5.055575716252831
    },
    {
      "epoch": 17,
      "train_loss": 0.23441423520992458,
      "val_aami_margin": -3.9893987755819467,
      "val_sbp_mae": 8.874849677500745,
      "val_dbp_mae": 4.989326885323746
    },
    {
      "epoch": 18,
      "train_loss": 0.23380155697965335,
      "val_aami_margin": -3.986718262384956,
      "val_sbp_mae": 8.870950654292388,
      "val_dbp_mae": 4.960469280771413
    },
    {
      "epoch": 19,
      "train_loss": 0.23287619098444598,
      "val_aami_margin": -4.08569915054985,
      "val_sbp_mae": 8.984954386893392,
      "val_dbp_mae": 5.109095157834271
    },
    {
      "epoch": 20,
      "train_loss": 0.23259248351074435,
      "val_aami_margin": -4.008398554460966,
      "val_sbp_mae": 8.900995765058473,