{
  "name": "lever_wavelet_net_sbp2x_s2",
  "best_val_metrics": {
    "sbp": {
      "mae": 8.765157991466085,
      "rmse": 11.817433284923789,
      "me": -0.11056604889833811,
      "sd": 11.816967196729822,
      "pearson_r": 0.8105025296025051,
      "r2": 0.6568835815135168,
      "n": 115488,
      "aami_pass": false,
      "aami_margin": -3.8169671967298218,
      "bhs": {
        "grade": "D",
        "pct5": 38.95383070102522,
        "pct10": 67.3888196176226,
        "pct15": 83.29956359102243
      }
    },
    "dbp": {
      "mae": 4.619425511930531,
      "rmse": 6.46145575248055,
      "me": -0.05596294105447378,
      "sd": 6.4612413729467715,
      "pearson_r": 0.8594069190251186,
      "r2": 0.7385250234809346,
      "n": 115488,
      "aami_pass": true,
      "aami_margin": 1.5387586270532285,
      "bhs": {
        "grade": "A",
        "pct5": 65.39380714879468,
        "pct10": 90.4258451094486,
        "pct15": 97.19278193405376
      }
    },
    "sbp_sd": 11.816967196729822,
    "dbp_sd": 6.4612413729467715,
    "sbp_me_abs": 0.11056604889833811,
    "dbp_me_abs": 0.05596294105447378,
    "sbp_mae": 8.765157991466085,
    "dbp_mae": 4.619425511930531,
    "aami_margin": -3.8169671967298218,
    "aami_pass_both": false,
    "error_signature": [
      0.02120498735722382,
      0.062315807829802075,
      0.07796669282413463,
      0.13899206556805302,
      0.11236376318772343,
      0.08146307437440056,
      0.08231755166099922,
      0.11610428110558899,
      0.14733629784636848,
      0.08224779841311361,
      0.06078995553230447,
      0.01689772430028773,
      0.0026613266756822357,
      0.01425153438052637,
      0.0344065328201394,
      0.11696834148202087,
      0.16461215714830613,
      0.14933770241686606,
      0.15892541350254863,
      0.18181108915010924,
      0.1336384756753008,
      0.03334026838655987,
      0.009544367003016748,
      0.0005027913589236798
    ]
  },
  "final_val_metrics": {
    "sbp": {
      "mae": 9.058905168925486,
      "rmse": 12.141468844399963,
      "me": -0.1417220713355334,
      "sd": 12.140694248947739,
      "pearson_r": 0.7997309178678996,
      "r2": 0.6378090110407377,
      "n": 115488,
      "aami_pass": false,
      "aami_margin": -4.140694248947739,
      "bhs": {
        "grade": "D",
        "pct5": 37.53030617899695,
        "pct10": 65.42844278193405,
        "pct15": 82.134940426711
      }
    },
    "dbp": {
      "mae": 4.801044297514389,
      "rmse": 6.667580752701419,
      "me": -0.08217705154573901,
      "sd": 6.667103187799092,
      "pearson_r": 0.8503626423023108,
      "r2": 0.7215764594537319,
      "n": 115488,
      "aami_pass": true,
      "aami_margin": 1.3328968122009082,
      "bhs": {
        "grade": "A",
        "pct5": 63.500969797727905,
        "pct10": 89.59026045996121,
        "pct15": 96.88712247159879
      }
    },
    "sbp_sd": 12.140694248947739,
    "dbp_sd": 6.667103187799092,
    "sbp_me_abs": 0.1417220713355334,
    "dbp_me_abs": 0.08217705154573901,
    "sbp_mae": 9.058905168925486,
    "dbp_mae": 4.801044297514389,
    "aami_margin": -4.140694248947739,
    "aami_pass_both": false,
    "error_signature": [
      0.0222177637432614,
      0.06647882900957798,
      0.08184895060974547,
      0.13792110818402276,
      0.10762574364521363,
      0.0791186168635182,
      0.07915350930755945,
      0.11218793070360614,
      0.14312880545717824,
      0.08645475322318952,
      0.06549311746541286,
      0.01837087178771437,
      0.003077189788930785,
      0.016200754128201794,
      0.036518874875395485,
      0.1228102110692151,
      0.16126208122047414,
      0.14568543319030902,
      0.14862393273523167,
      0.18011528626533177,
      0.1383608546786287,
      0.036527543015645994,
      0.010081047111342261,
      0.0007367919212932865
    ]
  },
  "history": [
    {
      "epoch": 0,
      "train_loss": 0.36405668335922486,
      "val_aami_margin": -4.397534100679817,
      "val_sbp_mae": 9.17582279484193,
      "val_dbp_mae": 4.772398600580128
    },
    {
      "epoch": 1,
      "train_loss": 0.3443042008212648,
      "val_aami_margin": -4.254907654800716,
      "val_sbp_mae": 9.061207114506374,
      "val_dbp_mae": 4.716257495893275
    },
    {
      "epoch": 2,
      "train_loss": 0.3223359554371865,
      "val_aami_margin": -3.954761530580745,
      "val_sbp_mae": 8.8609661061949,
      "val_dbp_mae": 4.67377870738647
    },
    {
      "epoch": 3,
      "train_loss": 0.2959903927556456,
      "val_aami_margin": -3.819236338203604,
      "val_sbp_mae": 8.765301897110175,
      "val_dbp_mae": 4.643372116975119
    },
    {
      "epoch": 4,
      "train_loss": 0.28876161211995266,
      "val_aami_margin": -3.8169671967298218,
      "val_sbp_mae": 8.765157991466085,
      "val_dbp_mae": 4.619425511930531
    },
    {
      "epoch": 5,
      "train_loss": 0.282903805890356,
      "val_aami_margin": -3.8752528418009486,
      "val_sbp_mae": 8.829510557775063,
      "val_dbp_mae": 4.670579943573383
    },
    {
      "epoch": 6,
      "train_loss": 0.27821120732238575,
      "val_aami_margin": -3.925944734834797,
      "val_sbp_mae": 8.857581132210756,
      "val_dbp_mae": 4.642501737792903
    },
    {
      "epoch": 7,
      "train_loss": 0.2743756071147588,
      "val_aami_margin": -3.868178148973902,
      "val_sbp_mae": 8.820997523926012,
      "val_dbp_mae": 4.665454207269959
    },
    {
      "epoch": 8,
      "train_loss": 0.2709642928174181,
      "val_aami_margin": -3.9036269545884412,
      "val_sbp_mae": 8.854750881681204,
      "val_dbp_mae": 4.698627140926181
    },
    {
      "epoch": 9,
      "train_loss": 0.26832984094079126,
      "val_aami_margin": -3.9807255969101085,
      "val_sbp_mae": 8.925214450694725,
      "val_dbp_mae": 4.69395692831639
    },
    {
      "epoch": 10,
      "train_loss": 0.26597295386817255,
      "val_aami_margin": -3.964922513049702,
      "val_sbp_mae": 8.934469990775613,
      "val_dbp_mae": 4.684035389229011
    },
    {
      "epoch": 11,
      "train_loss": 0.26378933156915957,
      "val_aami_margin": -3.9498704105272964,
      "val_sbp_mae": 8.901263488749809,
      "val_dbp_mae": 4.735002528029701
    },
    {
      "epoch": 12,
      "train_loss": 0.26199302595688,
      "val_aami_margin": -4.070057822397178,
      "val_sbp_mae": 8.992810592682789,
      "val_dbp_mae": 4.7480270202352814
    },
    {
      "epoch": 13,
      "train_loss": 0.26076644686291517,
      "val_aami_margin": -3.9705877438560915,
      "val_sbp_mae": 8.904395196774988,
      "val_dbp_mae": 4.732388720644641
    },
    {
      "epoch": 14,
      "train_loss": 0.2589683101682696,
      "val_aami_margin": -4.031004083481784,
      "val_sbp_mae": 8.961859225405943,
      "val_dbp_mae": 4.737393847494753
    },
    {
      "epoch": 15,
      "train_loss": 0.25780395334924017,
      "val_aami_margin": -4.03311806793158,
      "val_sbp_mae": 8.981156144861135,
      "val_dbp_mae": 4.741314510080712
    },
    {
      "epoch": 16,
      "train_loss": 0.2563954105626106,
      "val_aami_margin": -4.019728216794343,
      "val_sbp_mae": 8.951063362063241,
      "val_dbp_mae": 4.752430418568168
    },
    {
      "epoch": 17,
      "train_loss": 0.2555703275681044,
      "val_aami_margin": -4.064934382649421,
      "val_sbp_mae": 8.999574605223938,
      "val_dbp_mae": 4.71763485497647
    },
    {
      "epoch": 18,
      "train_loss": 0.2549708981455449,
      "val_aami_margin": -4.0550206276353755,
      "val_sbp_mae": 9.011486407528679,
      "val_dbp_mae": 4.722411086060785
    },
    {
      "epoch": 19,
      "train_loss": 0.25393180670857657,
      "val_aami_margin": -4.138899953484449,
      "val_sbp_mae": 9.07953663871319,
      "val_dbp_mae": 4.820109905059428
    },
    {
      "epoch": 20,
      "train_loss": 0.25305131139696324,
      "val_aami_margin": -4.117283883283228,
      "val_sbp_mae": 9.060085861162882,