{
  "name": "lever_resunet_sa_vpg_s0",
  "best_val_metrics": {
    "sbp": {
      "mae": 8.974315064770797,
      "rmse": 12.02380275575878,
      "me": -0.08073291535789254,
      "sd": 12.023583770840219,
      "pearson_r": 0.8198469286103897,
      "r2": 0.6713753838121137,
      "n": 115488,
      "aami_pass": false,
      "aami_margin": -4.023583770840219,
      "bhs": {
        "grade": "D",
        "pct5": 37.88532141867553,
        "pct10": 65.78172623995566,
        "pct15": 82.25962870601275
      }
    },
    "dbp": {
      "mae": 4.761467208957037,
      "rmse": 6.637074034548644,
      "me": -0.07276491849065893,
      "sd": 6.636703880360479,
      "pearson_r": 0.8426018922534856,
      "r2": 0.7095209210186221,
      "n": 115488,
      "aami_pass": true,
      "aami_margin": 1.3632961196395206,
      "bhs": {
        "grade": "A",
        "pct5": 63.985868661679135,
        "pct10": 89.38331255195345,
        "pct15": 96.76762953726794
      }
    },
    "sbp_sd": 12.023583770840219,
    "dbp_sd": 6.636703880360479,
    "sbp_me_abs": 0.08073291535789254,
    "dbp_me_abs": 0.07276491849065893,
    "sbp_mae": 8.974315064770797,
    "dbp_mae": 4.761467208957037,
    "aami_margin": -4.023583770840219,
    "aami_pass_both": false,
    "error_signature": [
      0.021633211599306205,
      0.06514368392152077,
      0.08125092607926367,
      0.13865476636654436,
      0.11074600587461104,
      0.08003939650138149,
      0.08016142106318258,
      0.11040608030959374,
      0.1421498984581325,
      0.08461531756892209,
      0.06706992878995215,
      0.018129363467589404,
      0.00329295135097662,
      0.01675072358273107,
      0.03827622662437824,
      0.11936948647290248,
      0.15542730376609645,
      0.14822613910119758,
      0.15649318012443889,
      0.1802110955129205,
      0.1348030295152429,
      0.035624534220697064,
      0.01073675453647377,
      0.0007885751919444011
    ]
  },
  "final_val_metrics": {
    "sbp": {
      "mae": 10.687813964060485,
      "rmse": 14.073032662715653,
      "me": -0.061183951703869914,
      "sd": 14.072960588706492,
      "pearson_r": 0.7650835759967302,
      "r2": 0.5498141953223403,
      "n": 115488,
      "aami_pass": false,
      "aami_margin": -6.072960588706492,
      "bhs": {
        "grade": "D",
        "pct5": 31.631857855361595,
        "pct10": 57.37652396785813,
        "pct15": 75.24937655860349
      }
    },
    "dbp": {
      "mae": 6.192568634062159,
      "rmse": 8.407556403440308,
      "me": -0.07401105117756525,
      "sd": 8.407267039382853,
      "pearson_r": 0.7633587174706528,
      "r2": 0.5338763766009941,
      "n": 115488,
      "aami_pass": false,
      "aami_margin": -0.40726703938285347,
      "bhs": {
        "grade": "B",
        "pct5": 52.3786021058465,
        "pct10": 81.03006372956497,
        "pct15": 92.90575644222776
      }
    },
    "sbp_sd": 14.072960588706492,
    "dbp_sd": 8.407267039382853,
    "sbp_me_abs": 0.061183951703869914,
    "dbp_me_abs": 0.07401105117756525,
    "sbp_mae": 10.687813964060485,
    "dbp_mae": 6.192568634062159,
    "aami_margin": -6.072960588706492,
    "aami_pass_both": false,
    "error_signature": [
      0.034198443852516476,
      0.08637669984578719,
      0.0884270293004346,
      0.12670860787887284,
      0.09288693396887705,
      0.06646046544231039,
      0.066337796158699,
      0.0944027758306463,
      0.13380590214496005,
      0.09243130520117762,
      0.08548296649376139,
      0.032481073881957104,
      0.005367765656705805,
      0.03189441370818086,
      0.06041554657555629,
      0.13929308520786002,
      0.1444700740560884,
      0.11412788983506478,
      0.11552402920619505,
      0.1504361851575643,
      0.14764390641530376,
      0.058516450163894625,
      0.027653965556114397,
      0.004656688461471757
    ]
  },
  "history": [
    {
      "epoch": 0,
      "train_loss": 0.29491111355412897,
      "val_aami_margin": -4.023583770840219,
      "val_sbp_mae": 8.974315064770797,
      "val_dbp_mae": 4.761467208957037
    },
    {
      "epoch": 1,
      "train_loss": 0.24075008516570331,
      "val_aami_margin": -4.612016981247072,
      "val_sbp_mae": 9.52897165509515,
      "val_dbp_mae": 5.0848354407883285
    },
    {
      "epoch": 2,
      "train_loss": 0.21209870874600995,
      "val_aami_margin": -4.619040820010325,
      "val_sbp_mae": 9.56300710482189,
      "val_dbp_mae": 5.2102014760177715
    },
    {
      "epoch": 3,
      "train_loss": 0.19306481052505908,
      "val_aami_margin": -4.6759190557169426,
      "val_sbp_mae": 9.611556749103594,
      "val_dbp_mae": 5.262585991293481
    },
    {
      "epoch": 4,
      "train_loss": 0.1792469053112931,
      "val_aami_margin": -5.138335423755677,
      "val_sbp_mae": 9.947231856213618,
      "val_dbp_mae": 5.4001949235710995
    },
    {
      "epoch": 5,
      "train_loss": 0.1696511206203589,
      "val_aami_margin": -4.985067535350851,
      "val_sbp_mae": 9.853976504672396,
      "val_dbp_mae": 5.3175554981079936
    },
    {
      "epoch": 6,
      "train_loss": 0.16084841648959985,
      "val_aami_margin": -5.181540834063945,
      "val_sbp_mae": 9.996523235027738,
      "val_dbp_mae": 5.435990817762815
    },
    {
      "epoch": 7,
      "train_loss": 0.15469408512923044,
      "val_aami_margin": -5.0406608578349275,
      "val_sbp_mae": 9.92111179052523,
      "val_dbp_mae": 5.539203997831595
    },
    {
      "epoch": 8,
      "train_loss": 0.1493529474426106,
      "val_aami_margin": -4.927517920378346,
      "val_sbp_mae": 9.77187679033703,
      "val_dbp_mae": 5.412327230716394
    },
    {
      "epoch": 9,
      "train_loss": 0.14556875177843337,
      "val_aami_margin": -5.1631404218303345,
      "val_sbp_mae": 9.96750609199225,
      "val_dbp_mae": 5.53296134700807
    },
    {
      "epoch": 10,
      "train_loss": 0.14211632445855904,
      "val_aami_margin": -4.950435921664585,
      "val_sbp_mae": 9.851465551368491,
      "val_dbp_mae": 5.440025821285642
    },
    {
      "epoch": 11,
      "train_loss": 0.13860312297818045,
      "val_aami_margin": -5.471091842536293,
      "val_sbp_mae": 10.169436181389946,
      "val_dbp_mae": 5.523238482304565
    },
    {
      "epoch": 12,
      "train_loss": 0.13597604276487096,
      "val_aami_margin": -5.22865631095153,
      "val_sbp_mae": 10.011591621290494,
      "val_dbp_mae": 5.504524921261689
    },
    {
      "epoch": 13,
      "train_loss": 0.13322119334916788,
      "val_aami_margin": -5.476167368990119,
      "val_sbp_mae": 10.194825326656773,
      "val_dbp_mae": 5.613663244620851
    },
    {
      "epoch": 14,
      "train_loss": 0.1311552018302052,
      "val_aami_margin": -5.487957919645986,
      "val_sbp_mae": 10.118749473485165,
      "val_dbp_mae": 5.644414011797532
    },
    {
      "epoch": 15,
      "train_loss": 0.12959913861625386,
      "val_aami_margin": -5.550025890008161,
      "val_sbp_mae": 10.226282141075359,
      "val_dbp_mae": 5.693091472275657
    },
    {
      "epoch": 16,
      "train_loss": 0.12755953153168217,
      "val_aami_margin": -5.390827666559945,
      "val_sbp_mae": 10.136621573677404,
      "val_dbp_mae": 5.65194916683733
    },
    {
      "epoch": 17,
      "train_loss": 0.12596926718634843,
      "val_aami_margin": -5.561238987229162,
      "val_sbp_mae": 10.281156325702593,
      "val_dbp_mae": 5.675559174491431
    },
    {
      "epoch": 18,
      "train_loss": 0.12438830696801897,
      "val_aami_margin": -5.562434045003066,
      "val_sbp_mae": 10.25501695501467,
      "val_dbp_mae": 5.675480694664253
    },
    {
      "epoch": 19,
      "train_loss": 0.12336401805648264,
      "val_aami_margin": -5.665725940571081,
      "val_sbp_mae": 10.3434864303031,
      "val_dbp_mae": 5.711539949216307
    },
    {
      "epoch": 20,
      "train_loss": 0.12196173135384836,
      "val_aami_margin": -5.61531742642066,
      "val_sbp_mae": 10.2813532458611,