{
  "name": "screen_wavelet_net",
  "best_val_metrics": {
    "sbp": {
      "mae": 8.746322959213815,
      "rmse": 11.7561771134815,
      "me": -0.07769262071955399,
      "sd": 11.755971285526726,
      "pearson_r": 0.82829352808664,
      "r2": 0.6858416219684191,
      "n": 115488,
      "aami_pass": false,
      "aami_margin": -3.7559712855267264,
      "bhs": {
        "grade": "D",
        "pct5": 39.084580216126355,
        "pct10": 67.03986561374342,
        "pct15": 83.18266832917706
      }
    },
    "dbp": {
      "mae": 4.647309534578124,
      "rmse": 6.4951562819503765,
      "me": -0.06549243443361706,
      "sd": 6.4948542037412205,
      "pearson_r": 0.8496922016542032,
      "r2": 0.7218104928033269,
      "n": 115488,
      "aami_pass": true,
      "aami_margin": 1.5051457962587795,
      "bhs": {
        "grade": "A",
        "pct5": 65.1045996120809,
        "pct10": 89.94008035466888,
        "pct15": 97.05510529232474
      }
    },
    "sbp_sd": 11.755971285526726,
    "dbp_sd": 6.4948542037412205,
    "sbp_me_abs": 0.07769262071955399,
    "dbp_me_abs": 0.06549243443361706,
    "sbp_mae": 8.746322959213815,
    "dbp_mae": 4.647309534578124,
    "aami_margin": -3.7559712855267264,
    "aami_pass_both": false,
    "error_signature": [
      0.02123434424373334,
      0.06102043304823453,
      0.07964185552284564,
      0.13857195115578239,
      0.11220757050533907,
      0.08378769139651959,
      0.08207187276812933,
      0.11507307471214312,
      0.14262197989792186,
      0.08273381294964029,
      0.06400787360426428,
      0.01702754019544655,
      0.0032495667244367417,
      0.01590987868284229,
      0.037322357019064126,
      0.11449740034662045,
      0.15658578856152514,
      0.15098786828422878,
      0.161473136915078,
      0.18249566724436742,
      0.1340467937608319,
      0.033882149046793764,
      0.008838821490467937,
      0.0007105719237435009
    ]
  },
  "final_val_metrics": {
    "sbp": {
      "mae": 9.140329862847903,
      "rmse": 12.147521250629309,
      "me": -0.101010306973739,
      "sd": 12.147153868428417,
      "pearson_r": 0.8154706449154823,
      "r2": 0.6645778484877101,
      "n": 115488,
      "aami_pass": false,
      "aami_margin": -4.147153868428417,
      "bhs": {
        "grade": "D",
        "pct5": 37.250623441396506,
        "pct10": 64.42054585757828,
        "pct15": 81.33052784704904
      }
    },
    "dbp": {
      "mae": 4.896124254994698,
      "rmse": 6.738556218144898,
      "me": -0.08390825298049892,
      "sd": 6.738062958858431,
      "pearson_r": 0.8374509429635001,
      "r2": 0.7005700439411641,
      "n": 115488,
      "aami_pass": true,
      "aami_margin": 1.261937041141569,
      "bhs": {
        "grade": "A",
        "pct5": 62.35972568578554,
        "pct10": 88.77545719035744,
        "pct15": 96.65592962039347
      }
    },
    "sbp_sd": 12.147153868428417,
    "dbp_sd": 6.738062958858431,
    "sbp_me_abs": 0.101010306973739,
    "dbp_me_abs": 0.08390825298049892,
    "sbp_mae": 9.140329862847903,
    "dbp_mae": 4.896124254994698,
    "aami_margin": -4.147153868428417,
    "aami_pass_both": false,
    "error_signature": [
      0.022595621989355493,
      0.07014747258299144,
      0.08344003972090835,
      0.13424970165765107,
      0.1081175251086663,
      0.07766482870358273,
      0.07786517539045827,
      0.11108788250973424,
      0.13907544359369692,
      0.08667171888746614,
      0.07021715838712206,
      0.018867431468367002,
      0.0031629116117850953,
      0.017850953206239167,
      0.04058058925476603,
      0.12305892547660312,
      0.15836221837088388,
      0.14253032928942808,
      0.14611785095320623,
      0.17706239168110918,
      0.1412998266897747,
      0.0382842287694974,
      0.01097053726169844,
      0.0007192374350086655
    ]
  },
  "history": [
    {
      "epoch": 0,
      "train_loss": 0.3425435952220459,
      "val_aami_margin": -4.041307884599535,
      "val_sbp_mae": 8.975569766119728,
      "val_dbp_mae": 4.703432456342986
    },
    {
      "epoch": 1,
      "train_loss": 0.3012916650992598,
      "val_aami_margin": -3.7559712855267264,
      "val_sbp_mae": 8.746322959213815,
      "val_dbp_mae": 4.647309534578124
    },
    {
      "epoch": 2,
      "train_loss": 0.2928178470933119,
      "val_aami_margin": -3.927773541882285,
      "val_sbp_mae": 8.872628786486581,
      "val_dbp_mae": 4.667536887554831
    },
    {
      "epoch": 3,
      "train_loss": 0.2857585028053374,
      "val_aami_margin": -3.8087803146757544,
      "val_sbp_mae": 8.819608506313008,
      "val_dbp_mae": 4.680718715595173
    },
    {
      "epoch": 4,
      "train_loss": 0.28047324950066427,
      "val_aami_margin": -3.959265116636322,
      "val_sbp_mae": 8.903443082581502,
      "val_dbp_mae": 4.713663618604478
    },
    {
      "epoch": 5,
      "train_loss": 0.27637272105933847,
      "val_aami_margin": -3.8651460335304115,
      "val_sbp_mae": 8.876374984462732,
      "val_dbp_mae": 4.69372876494485
    },
    {
      "epoch": 6,
      "train_loss": 0.27263408553820945,
      "val_aami_margin": -3.939662498495684,
      "val_sbp_mae": 8.92822276864108,
      "val_dbp_mae": 4.736685942337631
    },
    {
      "epoch": 7,
      "train_loss": 0.2699469517432149,
      "val_aami_margin": -3.8025523518430813,
      "val_sbp_mae": 8.82758667097146,
      "val_dbp_mae": 4.720225173560505
    },
    {
      "epoch": 8,
      "train_loss": 0.26706403348552377,
      "val_aami_margin": -3.997530390424245,
      "val_sbp_mae": 8.984062832956853,
      "val_dbp_mae": 4.773337769667446
    },
    {
      "epoch": 9,
      "train_loss": 0.26508322882636426,
      "val_aami_margin": -3.9755886955815125,
      "val_sbp_mae": 8.97085924417605,
      "val_dbp_mae": 4.815346228797301
    },
    {
      "epoch": 10,
      "train_loss": 0.2633327819942886,
      "val_aami_margin": -4.0850549061261034,
      "val_sbp_mae": 9.074702202810705,
      "val_dbp_mae": 4.8029384083633655
    },
    {
      "epoch": 11,
      "train_loss": 0.26141882883918455,
      "val_aami_margin": -3.866129450414318,
      "val_sbp_mae": 8.892346847067321,
      "val_dbp_mae": 4.7454524967399925
    },
    {
      "epoch": 12,
      "train_loss": 0.2594738652347316,
      "val_aami_margin": -4.006442356294993,
      "val_sbp_mae": 9.011979075477631,
      "val_dbp_mae": 4.777296127951362
    },
    {
      "epoch": 13,
      "train_loss": 0.2582305149573333,
      "val_aami_margin": -4.077880465713704,
      "val_sbp_mae": 9.067676012440355,
      "val_dbp_mae": 4.833560936587492
    },
    {
      "epoch": 14,
      "train_loss": 0.25693833709066993,
      "val_aami_margin": -3.9494906731656823,
      "val_sbp_mae": 8.96113414359027,
      "val_dbp_mae": 4.812002005063511
    },
    {
      "epoch": 15,
      "train_loss": 0.2556393814234885,
      "val_aami_margin": -4.009976172329882,
      "val_sbp_mae": 9.027677442949786,
      "val_dbp_mae": 4.7930772970167705
    },
    {
      "epoch": 16,
      "train_loss": 0.25459482894792773,
      "val_aami_margin": -3.99445822481141,
      "val_sbp_mae": 9.010213677518818,
      "val_dbp_mae": 4.828667584310341
    },
    {
      "epoch": 17,
      "train_loss": 0.25394606327523045,
      "val_aami_margin": -4.029588685451229,
      "val_sbp_mae": 9.037866993576134,
      "val_dbp_mae": 4.8618795517515005
    },
    {
      "epoch": 18,
      "train_loss": 0.25270996986333355,
      "val_aami_margin": -4.1709877289976465,
      "val_sbp_mae": 9.150218290805679,
      "val_dbp_mae": 4.905414487517315
    },
    {
      "epoch": 19,
      "train_loss": 0.2522475377070353,
      "val_aami_margin": -4.0476376514494365,
      "val_sbp_mae": 9.057221083356183,
      "val_dbp_mae": 4.90238792819921
    },
    {
      "epoch": 20,
      "train_loss": 0.25133983807223975,
      "val_aami_margin": -4.125437522205992,
      "val_sbp_mae": 9.136841525728897,