{
  "name": "lever_wavelet_net_std_s2",
  "best_val_metrics": {
    "sbp": {
      "mae": 8.67297604393336,
      "rmse": 11.6839822590003,
      "me": -0.07776123245771942,
      "sd": 11.683774075696755,
      "pearson_r": 0.8156019358826749,
      "r2": 0.6645892641809138,
      "n": 115488,
      "aami_pass": false,
      "aami_margin": -3.683774075696755,
      "bhs": {
        "grade": "D",
        "pct5": 39.163376281518424,
        "pct10": 67.52822804100859,
        "pct15": 83.62340676087558
      }
    },
    "dbp": {
      "mae": 4.538431769872387,
      "rmse": 6.3942517979529265,
      "me": -0.04659597258713631,
      "sd": 6.394109702476277,
      "pearson_r": 0.8625448618498582,
      "r2": 0.7439358074782921,
      "n": 115488,
      "aami_pass": true,
      "aami_margin": 1.6058902975237226,
      "bhs": {
        "grade": "A",
        "pct5": 66.61211554447215,
        "pct10": 90.79731227486837,
        "pct15": 97.16680520919923
      }
    },
    "sbp_sd": 11.683774075696755,
    "dbp_sd": 6.394109702476277,
    "sbp_me_abs": 0.07776123245771942,
    "dbp_me_abs": 0.04659597258713631,
    "sbp_mae": 8.67297604393336,
    "dbp_mae": 4.538431769872387,
    "aami_margin": -3.683774075696755,
    "aami_pass_both": false,
    "error_signature": [
      0.019567833411813947,
      0.06254905038455502,
      0.07755628804129824,
      0.14039310068190936,
      0.11055302673572961,
      0.08173320078829419,
      0.08462826348558573,
      0.11748548108617171,
      0.14525889882976684,
      0.08453234273356704,
      0.06005511083206892,
      0.015687402989239436,
      0.002912621359223301,
      0.014649791955617199,
      0.03209951456310679,
      0.11253467406380027,
      0.16526525658807212,
      0.15204576976421635,
      0.163002773925104,
      0.18654646324549237,
      0.12958564493758667,
      0.031666088765603326,
      0.009283980582524273,
      0.00040742024965325935
    ]
  },
  "final_val_metrics": {
    "sbp": {
      "mae": 9.04821850337682,
      "rmse": 12.103619579511887,
      "me": -0.07305644766567697,
      "sd": 12.103451497614607,
      "pearson_r": 0.8006853359275146,
      "r2": 0.6400636468635739,
      "n": 115488,
      "aami_pass": false,
      "aami_margin": -4.103451497614607,
      "bhs": {
        "grade": "D",
        "pct5": 37.34240786921585,
        "pct10": 65.2821072319202,
        "pct15": 82.1964186755334
      }
    },
    "dbp": {
      "mae": 4.822353926221442,
      "rmse": 6.657567384811143,
      "me": -0.011385949202580375,
      "sd": 6.657586472304836,
      "pearson_r": 0.8510668122802283,
      "r2": 0.7224121040354727,
      "n": 115488,
      "aami_pass": true,
      "aami_margin": 1.3424135276951636,
      "bhs": {
        "grade": "A",
        "pct5": 62.95719035743973,
        "pct10": 89.44565669160433,
        "pct15": 96.98063868107509
      }
    },
    "sbp_sd": 12.103451497614607,
    "dbp_sd": 6.657586472304836,
    "sbp_me_abs": 0.07305644766567697,
    "dbp_me_abs": 0.011385949202580375,
    "sbp_mae": 9.04821850337682,
    "dbp_mae": 4.822353926221442,
    "aami_margin": -4.103451497614607,
    "aami_pass_both": false,
    "error_signature": [
      0.021129586655732557,
      0.06615427564426919,
      0.08348018774100117,
      0.13729869314117216,
      0.10836982883464484,
      0.07724251042520894,
      0.0802697468288172,
      0.11035018233210615,
      0.14419939629752412,
      0.08693490133128609,
      0.06626768795910178,
      0.0183030028091358,
      0.0030077925229918434,
      0.015246994374474503,
      0.036388221935215445,
      0.12455034801979768,
      0.15882358039994104,
      0.14476410065269965,
      0.14893340383298517,
      0.17771113056593307,
      0.14061213345237372,
      0.03904062686903534,
      0.010245564156127835,
      0.0006761032184246795
    ]
  },
  "history": [
    {
      "epoch": 0,
      "train_loss": 0.36185684821121605,
      "val_aami_margin": -4.418595467328135,
      "val_sbp_mae": 9.19309012436709,
      "val_dbp_mae": 4.7563936572656385
    },
    {
      "epoch": 1,
      "train_loss": 0.33282509452089376,
      "val_aami_margin": -3.683774075696755,
      "val_sbp_mae": 8.67297604393336,
      "val_dbp_mae": 4.538431769872387
    },
    {
      "epoch": 2,
      "train_loss": 0.30063925725775864,
      "val_aami_margin": -3.789555646604274,
      "val_sbp_mae": 8.75027968364916,
      "val_dbp_mae": 4.61170074829633
    },
    {
      "epoch": 3,
      "train_loss": 0.292381376206419,
      "val_aami_margin": -3.7592280369160704,
      "val_sbp_mae": 8.751587036443091,
      "val_dbp_mae": 4.587167470715487
    },
    {
      "epoch": 4,
      "train_loss": 0.2854697577713942,
      "val_aami_margin": -3.835975453169141,
      "val_sbp_mae": 8.804219488905865,
      "val_dbp_mae": 4.630460501781564
    },
    {
      "epoch": 5,
      "train_loss": 0.2804732798479698,
      "val_aami_margin": -3.8012679875791555,
      "val_sbp_mae": 8.805488460360683,
      "val_dbp_mae": 4.643830422566314
    },
    {
      "epoch": 6,
      "train_loss": 0.27597679482830956,
      "val_aami_margin": -3.8127359117284048,
      "val_sbp_mae": 8.795397706046035,
      "val_dbp_mae": 4.630306702696073
    },
    {
      "epoch": 7,
      "train_loss": 0.2721122146944216,
      "val_aami_margin": -3.9577932480246325,
      "val_sbp_mae": 8.91106314904032,
      "val_dbp_mae": 4.70653435378715
    },
    {
      "epoch": 8,
      "train_loss": 0.2687101586125556,
      "val_aami_margin": -3.878301423384908,
      "val_sbp_mae": 8.84544603147552,
      "val_dbp_mae": 4.656909168168394
    },
    {
      "epoch": 9,
      "train_loss": 0.26594218147490645,
      "val_aami_margin": -3.914076739066383,
      "val_sbp_mae": 8.882089727939011,
      "val_dbp_mae": 4.718827900657211
    },
    {
      "epoch": 10,
      "train_loss": 0.26369016216395896,
      "val_aami_margin": -4.012388801770191,
      "val_sbp_mae": 8.98275079380073,
      "val_dbp_mae": 4.682197951077882
    },
    {
      "epoch": 11,
      "train_loss": 0.2617921044497404,
      "val_aami_margin": -3.9892254902731814,
      "val_sbp_mae": 8.942171595104337,
      "val_dbp_mae": 4.731768418676188
    },
    {
      "epoch": 12,
      "train_loss": 0.25981358857624126,
      "val_aami_margin": -3.9646188866104524,
      "val_sbp_mae": 8.90981400912236,
      "val_dbp_mae": 4.719951883831052
    },
    {
      "epoch": 13,
      "train_loss": 0.2585096523127719,
      "val_aami_margin": -3.895499302317102,
      "val_sbp_mae": 8.88343284533265,
      "val_dbp_mae": 4.702729311016851
    },
    {
      "epoch": 14,
      "train_loss": 0.257016793549041,
      "val_aami_margin": -4.013948866785286,
      "val_sbp_mae": 8.978812468121328,
      "val_dbp_mae": 4.736975745117633
    },
    {
      "epoch": 15,
      "train_loss": 0.25589633015060087,
      "val_aami_margin": -3.9069763970980063,
      "val_sbp_mae": 8.891201999455621,
      "val_dbp_mae": 4.73208293499177
    },
    {
      "epoch": 16,
      "train_loss": 0.25472864351574603,
      "val_aami_margin": -4.03220085945399,
      "val_sbp_mae": 9.005053051985122,
      "val_dbp_mae": 4.786277581589514
    },
    {
      "epoch": 17,
      "train_loss": 0.25389168559216774,
      "val_aami_margin": -3.91243949121883,
      "val_sbp_mae": 8.90794830590826,
      "val_dbp_mae": 4.762272937886241
    },
    {
      "epoch": 18,
      "train_loss": 0.2531323364898554,
      "val_aami_margin": -4.02970276775986,
      "val_sbp_mae": 8.991112918222866,
      "val_dbp_mae": 4.7788637536772605
    },
    {
      "epoch": 19,
      "train_loss": 0.2519877431504441,
      "val_aami_margin": -4.050410450539317,
      "val_sbp_mae": 9.028103465242966,
      "val_dbp_mae": 4.784189110560779
    },
    {
      "epoch": 20,
      "train_loss": 0.2513506929843769,
      "val_aami_margin": -4.204433315620346,
      "val_sbp_mae": 9.126618819155421,