{
  "name": "lever_resunet_sa_vpg_apg_s0",
  "best_val_metrics": {
    "sbp": {
      "mae": 8.684369343115593,
      "rmse": 11.600570978725331,
      "me": -0.0398804139201091,
      "sd": 11.600552652298592,
      "pearson_r": 0.8332984426209343,
      "r2": 0.6941030571004062,
      "n": 115488,
      "aami_pass": false,
      "aami_margin": -3.6005526522985924,
      "bhs": {
        "grade": "D",
        "pct5": 39.129606539207536,
        "pct10": 67.02341368800222,
        "pct15": 83.26665973954005
      }
    },
    "dbp": {
      "mae": 4.671960080463009,
      "rmse": 6.488709352927562,
      "me": -0.0606753720146489,
      "sd": 6.488453753115399,
      "pearson_r": 0.8499346456657031,
      "r2": 0.7223624665678738,
      "n": 115488,
      "aami_pass": true,
      "aami_margin": 1.5115462468846008,
      "bhs": {
        "grade": "A",
        "pct5": 64.76690218897203,
        "pct10": 89.95999584372403,
        "pct15": 97.08541147132169
      }
    },
    "sbp_sd": 11.600552652298592,
    "dbp_sd": 6.488453753115399,
    "sbp_me_abs": 0.0398804139201091,
    "dbp_me_abs": 0.0606753720146489,
    "sbp_mae": 8.684369343115593,
    "dbp_mae": 4.671960080463009,
    "aami_margin": -3.6005526522985924,
    "aami_pass_both": false,
    "error_signature": [
      0.01998816547451226,
      0.062279190379226926,
      0.07981343218642858,
      0.1378722219321603,
      0.11423797838458727,
      0.08248490227814616,
      0.08257192084790894,
      0.1139421152473938,
      0.14244939870168294,
      0.08342470283158426,
      0.06348004664195339,
      0.01745592509441515,
      0.003240901213171577,
      0.01548526863084922,
      0.03706239168110918,
      0.11753032928942808,
      0.15723570190641248,
      0.14863951473136916,
      0.1574696707105719,
      0.18481802426343155,
      0.13459272097053726,
      0.034246100519930676,
      0.00917677642980936,
      0.0005025996533795494
    ]
  },
  "final_val_metrics": {
    "sbp": {
      "mae": 10.610020205622266,
      "rmse": 13.93561947735767,
      "me": -0.021257615630187604,
      "sd": 13.935663597942819,
      "pearson_r": 0.7693545496754419,
      "r2": 0.5585627643373958,
      "n": 115488,
      "aami_pass": false,
      "aami_margin": -5.935663597942819,
      "bhs": {
        "grade": "D",
        "pct5": 31.62319894707675,
        "pct10": 57.49601690218897,
        "pct15": 75.41216403435855
      }
    },
    "dbp": {
      "mae": 5.949840607924773,
      "rmse": 7.991036600553529,
      "me": -0.04831172932733479,
      "sd": 7.990925155561582,
      "pearson_r": 0.7814273607408718,
      "r2": 0.5789169360416789,
      "n": 115488,
      "aami_pass": true,
      "aami_margin": 0.009074844438417884,
      "bhs": {
        "grade": "B",
        "pct5": 53.168294541424224,
        "pct10": 82.59039900249377,
        "pct15": 94.0045719035744
      }
    },
    "sbp_sd": 13.935663597942819,
    "dbp_sd": 7.990925155561582,
    "sbp_me_abs": 0.021257615630187604,
    "dbp_me_abs": 0.04831172932733479,
    "sbp_mae": 10.610020205622266,
    "dbp_mae": 5.949840607924773,
    "aami_margin": -5.935663597942819,
    "aami_pass_both": false,
    "error_signature": [
      0.03254914316721805,
      0.08578830366363843,
      0.08942043445535543,
      0.12962768471354302,
      0.093446410754608,
      0.06575469551366206,
      0.06549213184197168,
      0.09494302368324319,
      0.13188573229008035,
      0.09166972990950305,
      0.08778378756848536,
      0.03163892243869138,
      0.004498296887594581,
      0.02680776931277464,
      0.05655373254634806,
      0.1435468074226232,
      0.14688369432382536,
      0.11609766244572142,
      0.11744975168361112,
      0.1517633497144145,
      0.1509572965149033,
      0.05769780805533165,
      0.024926978513915253,
      0.0028168525789368766
    ]
  },
  "history": [
    {
      "epoch": 0,
      "train_loss": 0.3216937243621365,
      "val_aami_margin": -3.6005526522985924,
      "val_sbp_mae": 8.684369343115593,
      "val_dbp_mae": 4.671960080463009
    },
    {
      "epoch": 1,
      "train_loss": 0.26689766483984384,
      "val_aami_margin": -4.4447383578784105,
      "val_sbp_mae": 9.348515466169163,
      "val_dbp_mae": 4.9999855080812
    },
    {
      "epoch": 2,
      "train_loss": 0.2257588636532639,
      "val_aami_margin": -4.555027011797188,
      "val_sbp_mae": 9.50475501818272,
      "val_dbp_mae": 5.130581116868786
    },
    {
      "epoch": 3,
      "train_loss": 0.20132611487830782,
      "val_aami_margin": -4.587724447573825,
      "val_sbp_mae": 9.55892703660061,
      "val_dbp_mae": 5.321676654475718
    },
    {
      "epoch": 4,
      "train_loss": 0.18470836943980531,
      "val_aami_margin": -4.725294531917273,
      "val_sbp_mae": 9.673830975115553,
      "val_dbp_mae": 5.199017875463093
    },
    {
      "epoch": 5,
      "train_loss": 0.17317364985482678,
      "val_aami_margin": -4.87090636773609,
      "val_sbp_mae": 9.786620743706035,
      "val_dbp_mae": 5.298964074243093
    },
    {
      "epoch": 6,
      "train_loss": 0.16472792598921246,
      "val_aami_margin": -5.182937743900828,
      "val_sbp_mae": 10.007009168598826,
      "val_dbp_mae": 5.476039328529461
    },
    {
      "epoch": 7,
      "train_loss": 0.15774711151434448,
      "val_aami_margin": -4.890405508162447,
      "val_sbp_mae": 9.75519040208559,
      "val_dbp_mae": 5.435460848426349
    },
    {
      "epoch": 8,
      "train_loss": 0.15204806804118606,
      "val_aami_margin": -5.026686849874297,
      "val_sbp_mae": 9.900674952918164,
      "val_dbp_mae": 5.539308490055821
    },
    {
      "epoch": 9,
      "train_loss": 0.14743833984611146,
      "val_aami_margin": -5.403302947412069,
      "val_sbp_mae": 10.147452659875032,
      "val_dbp_mae": 5.574765689811634
    },
    {
      "epoch": 10,
      "train_loss": 0.14372789638640676,
      "val_aami_margin": -5.344461251792776,
      "val_sbp_mae": 10.09031663445551,
      "val_dbp_mae": 5.482088553157955
    },
    {
      "epoch": 11,
      "train_loss": 0.1403033292472402,
      "val_aami_margin": -5.366871164080791,
      "val_sbp_mae": 10.115732865106324,
      "val_dbp_mae": 5.540630476293352
    },
    {
      "epoch": 12,
      "train_loss": 0.13748481069645754,
      "val_aami_margin": -5.398417634114036,
      "val_sbp_mae": 10.13025058073324,
      "val_dbp_mae": 5.568459996616484
    },
    {
      "epoch": 13,
      "train_loss": 0.13464272879109498,
      "val_aami_margin": -5.538777251889183,
      "val_sbp_mae": 10.269640884597665,
      "val_dbp_mae": 5.6238178707126645
    },
    {
      "epoch": 14,
      "train_loss": 0.13260806920581789,
      "val_aami_margin": -5.379258309625232,
      "val_sbp_mae": 10.146334565361572,
      "val_dbp_mae": 5.5831326924234475
    },
    {
      "epoch": 15,
      "train_loss": 0.13062913062189868,
      "val_aami_margin": -5.313080106887808,
      "val_sbp_mae": 10.039190853646831,
      "val_dbp_mae": 5.501373928240016
    },
    {
      "epoch": 16,
      "train_loss": 0.12866801534198571,
      "val_aami_margin": -5.265011017242726,
      "val_sbp_mae": 10.053487214792982,
      "val_dbp_mae": 5.610855281349596
    },
    {
      "epoch": 17,
      "train_loss": 0.12700672774506186,
      "val_aami_margin": -5.254170273171475,
      "val_sbp_mae": 10.056193674435676,
      "val_dbp_mae": 5.4340123394372215
    },
    {
      "epoch": 18,
      "train_loss": 0.12581581036835515,
      "val_aami_margin": -5.7977975494784495,
      "val_sbp_mae": 10.489020754677771,
      "val_dbp_mae": 5.766386151040478
    },
    {
      "epoch": 19,
      "train_loss": 0.1242441985622803,
      "val_aami_margin": -5.553790428026488,
      "val_sbp_mae": 10.287895271191106,
      "val_dbp_mae": 5.607068469372858
    },
    {
      "epoch": 20,
      "train_loss": 0.12289622234463177,
      "val_aami_margin": -5.658538500743253,
      "val_sbp_mae": 10.392482335238038,