{
  "name": "screen_inception1d",
  "best_val_metrics": {
    "sbp": {
      "mae": 8.888487143958468,
      "rmse": 11.82997704854034,
      "me": -0.0876111275652723,
      "sd": 11.829703842587723,
      "pearson_r": 0.8259555048140432,
      "r2": 0.6818849548133856,
      "n": 115488,
      "aami_pass": false,
      "aami_margin": -3.8297038425877226,
      "bhs": {
        "grade": "D",
        "pct5": 37.77015793848712,
        "pct10": 65.80856885563868,
        "pct15": 82.74712524244944
      }
    },
    "dbp": {
      "mae": 4.803257547553474,
      "rmse": 6.639056819076821,
      "me": -0.07500498314379386,
      "sd": 6.638661861653998,
      "pearson_r": 0.8426507780192649,
      "r2": 0.709347337462853,
      "n": 115488,
      "aami_pass": true,
      "aami_margin": 1.3613381383460021,
      "bhs": {
        "grade": "A",
        "pct5": 63.203969243557765,
        "pct10": 89.21186616791354,
        "pct15": 96.8420961485176
      }
    },
    "sbp_sd": 11.829703842587723,
    "dbp_sd": 6.638661861653998,
    "sbp_me_abs": 0.0876111275652723,
    "dbp_me_abs": 0.07500498314379386,
    "sbp_mae": 8.888487143958468,
    "dbp_mae": 4.803257547553474,
    "aami_margin": -3.8297038425877226,
    "aami_pass_both": false,
    "error_signature": [
      0.020492730913206234,
      0.06562200748672413,
      0.08303299381909986,
      0.13755549751893445,
      0.11065552363541395,
      0.08077827108905719,
      0.07855837033167928,
      0.10974144685296422,
      0.1443370766953948,
      0.08726386349786715,
      0.06408984068947506,
      0.017872377470183685,
      0.0032062113846500462,
      0.01603972235942496,
      0.039332414797098814,
      0.12258126012772853,
      0.15674040952851362,
      0.14593461061862548,
      0.15254633841994436,
      0.17729482413497283,
      0.1376937808164574,
      0.03702740877462067,
      0.010883787835460698,
      0.0007192312025025779
    ]
  },
  "final_val_metrics": {
    "sbp": {
      "mae": 9.603270050996601,
      "rmse": 12.620824523796971,
      "me": -0.07791566506645915,
      "sd": 12.620638652818904,
      "pearson_r": 0.8025056318426631,
      "r2": 0.6379305666578222,
      "n": 115488,
      "aami_pass": false,
      "aami_margin": -4.620638652818904,
      "bhs": {
        "grade": "D",
        "pct5": 34.68239124411194,
        "pct10": 61.88781518426156,
        "pct15": 79.51995012468828
      }
    },
    "dbp": {
      "mae": 5.220516900925252,
      "rmse": 7.067128584612741,
      "me": -0.0653814082436216,
      "sd": 7.066856736400221,
      "pearson_r": 0.8221665368500459,
      "r2": 0.6706576946024858,
      "n": 115488,
      "aami_pass": true,
      "aami_margin": 0.9331432635997787,
      "bhs": {
        "grade": "B",
        "pct5": 58.99054447215295,
        "pct10": 87.02202826267664,
        "pct15": 96.24203380437794
      }
    },
    "sbp_sd": 12.620638652818904,
    "dbp_sd": 7.066856736400221,
    "sbp_me_abs": 0.07791566506645915,
    "dbp_me_abs": 0.0653814082436216,
    "sbp_mae": 9.603270050996601,
    "dbp_mae": 5.220516900925252,
    "aami_margin": -4.620638652818904,
    "aami_pass_both": false,
    "error_signature": [
      0.025584050052719177,
      0.07519235964063821,
      0.0871914185379796,
      0.134107128852639,
      0.1020399271516831,
      0.07317944562082276,
      0.07118395942801872,
      0.10262375935656462,
      0.13967531958277782,
      0.09025000217847838,
      0.07745797715211879,
      0.021514652445559824,
      0.0033277581829053754,
      0.01911727747783661,
      0.047333893737055106,
      0.1306491728267746,
      0.15451543854479907,
      0.13079649545466362,
      0.1336129574584247,
      0.17146620678897334,
      0.14989644085863094,
      0.044942067543091865,
      0.013631676098203531,
      0.0007106150286412521
    ]
  },
  "history": [
    {
      "epoch": 0,
      "train_loss": 0.35145764165828036,
      "val_aami_margin": -4.236028791922793,
      "val_sbp_mae": 9.094872638454289,
      "val_dbp_mae": 4.823209321371406
    },
    {
      "epoch": 1,
      "train_loss": 0.3313279136475314,
      "val_aami_margin": -4.311097619921853,
      "val_sbp_mae": 9.195131057653136,
      "val_dbp_mae": 4.937781254588465
    },
    {
      "epoch": 2,
      "train_loss": 0.2839244227296138,
      "val_aami_margin": -4.020080508387803,
      "val_sbp_mae": 9.007169857702038,
      "val_dbp_mae": 4.815226055455925
    },
    {
      "epoch": 3,
      "train_loss": 0.2607277914292134,
      "val_aami_margin": -3.8297038425877226,
      "val_sbp_mae": 8.888487143958468,
      "val_dbp_mae": 4.803257547553474
    },
    {
      "epoch": 4,
      "train_loss": 0.246989008785285,
      "val_aami_margin": -4.097412445642538,
      "val_sbp_mae": 9.075666550487016,
      "val_dbp_mae": 4.929564957805157
    },
    {
      "epoch": 5,
      "train_loss": 0.23690395276515827,
      "val_aami_margin": -4.01057406237366,
      "val_sbp_mae": 9.04705025435545,
      "val_dbp_mae": 4.8916636236872835
    },
    {
      "epoch": 6,
      "train_loss": 0.22772861779509,
      "val_aami_margin": -4.289564491348477,
      "val_sbp_mae": 9.283677007461423,
      "val_dbp_mae": 5.061892401069882
    },
    {
      "epoch": 7,
      "train_loss": 0.22065051680794712,
      "val_aami_margin": -4.274225395508681,
      "val_sbp_mae": 9.292708963413679,
      "val_dbp_mae": 5.083400130068127
    },
    {
      "epoch": 8,
      "train_loss": 0.2142701515232025,
      "val_aami_margin": -4.206055434652752,
      "val_sbp_mae": 9.230460301806412,
      "val_dbp_mae": 5.186276909498853
    },
    {
      "epoch": 9,
      "train_loss": 0.20890384647348273,
      "val_aami_margin": -4.310151247134426,
      "val_sbp_mae": 9.321183616054467,
      "val_dbp_mae": 5.065570275857089
    },
    {
      "epoch": 10,
      "train_loss": 0.20423928150069248,
      "val_aami_margin": -4.344379128567056,
      "val_sbp_mae": 9.358688138314072,
      "val_dbp_mae": 5.141516724908916
    },
    {
      "epoch": 11,
      "train_loss": 0.2001355210614154,
      "val_aami_margin": -4.4753110839747325,
      "val_sbp_mae": 9.440456174419202,
      "val_dbp_mae": 5.199488886694043
    },
    {
      "epoch": 12,
      "train_loss": 0.19667323581378104,
      "val_aami_margin": -4.450251104148897,
      "val_sbp_mae": 9.434834874799318,
      "val_dbp_mae": 5.184086307172606
    },
    {
      "epoch": 13,
      "train_loss": 0.19364460251765467,
      "val_aami_margin": -4.441474166791988,
      "val_sbp_mae": 9.412825466367565,
      "val_dbp_mae": 5.231027083867786
    },
    {
      "epoch": 14,
      "train_loss": 0.1908456294139975,
      "val_aami_margin": -4.4442483064652745,
      "val_sbp_mae": 9.442362649687588,
      "val_dbp_mae": 5.210366293007075
    },
    {
      "epoch": 15,
      "train_loss": 0.18864915279995031,
      "val_aami_margin": -4.594258097757972,
      "val_sbp_mae": 9.571173690015415,
      "val_dbp_mae": 5.227627514767866
    },
    {
      "epoch": 16,
      "train_loss": 0.18678635644513725,
      "val_aami_margin": -4.547341631638043,
      "val_sbp_mae": 9.50351019394957,
      "val_dbp_mae": 5.235399140292708
    },
    {
      "epoch": 17,
      "train_loss": 0.18468215852764458,
      "val_aami_margin": -4.534188900613675,
      "val_sbp_mae": 9.513949964120865,
      "val_dbp_mae": 5.24477854339804
    },
    {
      "epoch": 18,
      "train_loss": 0.18296129802873812,
      "val_aami_margin": -4.621189488226548,
      "val_sbp_mae": 9.571181383816445,
      "val_dbp_mae": 5.215061132798551
    },
    {
      "epoch": 19,
      "train_loss": 0.18142627970921707,
      "val_aami_margin": -4.799591642178331,
      "val_sbp_mae": 9.709022364807216,
      "val_dbp_mae": 5.253485463425178
    },
    {
      "epoch": 20,
      "train_loss": 0.17997525007880263,
      "val_aami_margin": -4.54503352313283,
      "val_sbp_mae": 9.534246259676445,