{
  "name": "seed_resunet_sa_cal",
  "best_val_metrics": {
    "sbp": {
      "mae": 9.058019201907406,
      "rmse": 12.182631599244536,
      "me": -0.03718447290942233,
      "sd": 12.182627595145984,
      "pearson_r": 0.814041929286469,
      "r2": 0.6626360847592847,
      "n": 115488,
      "aami_pass": false,
      "aami_margin": -4.182627595145984,
      "bhs": {
        "grade": "D",
        "pct5": 38.52521474092546,
        "pct10": 65.62673178165697,
        "pct15": 81.74442366306455
      }
    },
    "dbp": {
      "mae": 4.826504314297972,
      "rmse": 6.732552953458919,
      "me": -0.06483557443511605,
      "sd": 6.7322699048005115,
      "pearson_r": 0.8373744434854201,
      "r2": 0.7011033203631216,
      "n": 115488,
      "aami_pass": true,
      "aami_margin": 1.2677300951994885,
      "bhs": {
        "grade": "A",
        "pct5": 64.00058880576337,
        "pct10": 88.90360903297312,
        "pct15": 96.52691188694929
      }
    },
    "sbp_sd": 12.182627595145984,
    "dbp_sd": 6.7322699048005115,
    "sbp_me_abs": 0.03718447290942233,
    "dbp_me_abs": 0.06483557443511605,
    "sbp_mae": 9.058019201907406,
    "dbp_mae": 4.826504314297972,
    "aami_margin": -4.182627595145984,
    "aami_pass_both": false,
    "error_signature": [
      0.024811388148380464,
      0.06443294478420714,
      0.07950446918613768,
      0.1344676180021954,
      0.11408185667241649,
      0.08010558778945168,
      0.0818392486888645,
      0.11158155175718293,
      0.13820500757932153,
      0.08265816388758211,
      0.06661962260205949,
      0.021692540902200616,
      0.003518593949058386,
      0.018650281227521298,
      0.03912052484248659,
      0.1150302893740196,
      0.15850139097125326,
      0.14318770745404594,
      0.15414214772894694,
      0.18473484881312452,
      0.13421789283021485,
      0.037179231629212994,
      0.010902441349545443,
      0.0008146498305701682
    ]
  },
  "final_val_metrics": {
    "sbp": {
      "mae": 10.570515177725111,
      "rmse": 13.911550465877722,
      "me": -0.10464129179410421,
      "sd": 13.911217137750262,
      "pearson_r": 0.7687538755785569,
      "r2": 0.5600863108753238,
      "n": 115488,
      "aami_pass": false,
      "aami_margin": -5.911217137750262,
      "bhs": {
        "grade": "D",
        "pct5": 32.13926988085342,
        "pct10": 57.78002909393184,
        "pct15": 75.45459268495428
      }
    },
    "dbp": {
      "mae": 5.870597610052355,
      "rmse": 7.895285043631974,
      "me": -0.05097928452232777,
      "sd": 7.895154638923812,
      "pearson_r": 0.7848841704218743,
      "r2": 0.5889476242321594,
      "n": 115488,
      "aami_pass": true,
      "aami_margin": 0.1048453610761877,
      "bhs": {
        "grade": "B",
        "pct5": 53.95105985037406,
        "pct10": 83.03460099750623,
        "pct15": 94.22277639235244
      }
    },
    "sbp_sd": 13.911217137750262,
    "dbp_sd": 7.895154638923812,
    "sbp_me_abs": 0.10464129179410421,
    "dbp_me_abs": 0.05097928452232777,
    "sbp_mae": 10.570515177725111,
    "dbp_mae": 5.870597610052355,
    "aami_margin": -5.911217137750262,
    "aami_pass_both": false,
    "error_signature": [
      0.032924116915640705,
      0.08773051260047986,
      0.08843978214041785,
      0.12709059386000246,
      0.09498082345317946,
      0.06604963135496751,
      0.06800231169331536,
      0.09597905465753664,
      0.13220433967881473,
      0.0902961419239593,
      0.08554140908215267,
      0.03076128263953346,
      0.0046888542208355,
      0.026009707054948865,
      0.05431617264690588,
      0.14141965678627144,
      0.15197607904316174,
      0.1172300225342347,
      0.11898942624371642,
      0.15182007280291213,
      0.14968798751950077,
      0.05767030681227249,
      0.023860287744843126,
      0.0023314265903969494
    ]
  },
  "history": [
    {
      "epoch": 0,
      "train_loss": 0.34475900929049197,
      "val_aami_margin": -4.182627595145984,
      "val_sbp_mae": 9.058019201907406,
      "val_dbp_mae": 4.826504314297972
    },
    {
      "epoch": 1,
      "train_loss": 0.2869244388204634,
      "val_aami_margin": -4.320759169206719,
      "val_sbp_mae": 9.232883376098101,
      "val_dbp_mae": 4.886604297272705
    },
    {
      "epoch": 2,
      "train_loss": 0.24109653358886607,
      "val_aami_margin": -4.463139096837063,
      "val_sbp_mae": 9.41250440753272,
      "val_dbp_mae": 5.104930111071549
    },
    {
      "epoch": 3,
      "train_loss": 0.21657529897153027,
      "val_aami_margin": -4.809030885917412,
      "val_sbp_mae": 9.647053502671731,
      "val_dbp_mae": 5.20068586721722
    },
    {
      "epoch": 4,
      "train_loss": 0.1995099929057018,
      "val_aami_margin": -4.824695087054302,
      "val_sbp_mae": 9.697285298113497,
      "val_dbp_mae": 5.3265228154781825
    },
    {
      "epoch": 5,
      "train_loss": 0.18724510310646914,
      "val_aami_margin": -4.914521218447547,
      "val_sbp_mae": 9.812123484462516,
      "val_dbp_mae": 5.40864421700073
    },
    {
      "epoch": 6,
      "train_loss": 0.17752688312202206,
      "val_aami_margin": -5.072059155737682,
      "val_sbp_mae": 9.88103293131942,
      "val_dbp_mae": 5.44409668234599
    },
    {
      "epoch": 7,
      "train_loss": 0.1697637084592846,
      "val_aami_margin": -5.110770370388687,
      "val_sbp_mae": 9.900915445086703,
      "val_dbp_mae": 5.387442533739064
    },
    {
      "epoch": 8,
      "train_loss": 0.16346729093045576,
      "val_aami_margin": -4.836089565567242,
      "val_sbp_mae": 9.703834795865587,
      "val_dbp_mae": 5.311018690735398
    },
    {
      "epoch": 9,
      "train_loss": 0.1576976554356181,
      "val_aami_margin": -5.049362445475186,
      "val_sbp_mae": 9.917529940029869,
      "val_dbp_mae": 5.476157631451098
    },
    {
      "epoch": 10,
      "train_loss": 0.15308524262039094,
      "val_aami_margin": -5.219440959541414,
      "val_sbp_mae": 10.016268530320033,
      "val_dbp_mae": 5.514130040397964
    },
    {
      "epoch": 11,
      "train_loss": 0.1489900004688023,
      "val_aami_margin": -5.11547448992992,
      "val_sbp_mae": 9.960883422521524,
      "val_dbp_mae": 5.462699902478219
    },
    {
      "epoch": 12,
      "train_loss": 0.14545882238436603,
      "val_aami_margin": -5.168917104358243,
      "val_sbp_mae": 10.004882219017055,
      "val_dbp_mae": 5.534339080535037
    },
    {
      "epoch": 13,
      "train_loss": 0.14188617199104456,
      "val_aami_margin": -5.180726200810835,
      "val_sbp_mae": 10.029074352775089,
      "val_dbp_mae": 5.566627163317704
    },
    {
      "epoch": 14,
      "train_loss": 0.1388271377753963,
      "val_aami_margin": -5.522202358446373,
      "val_sbp_mae": 10.305618035197341,
      "val_dbp_mae": 5.7316152189223715
    },
    {
      "epoch": 15,
      "train_loss": 0.13637105596907106,
      "val_aami_margin": -5.547960427590535,
      "val_sbp_mae": 10.298021146787717,
      "val_dbp_mae": 5.645616201173267
    },
    {
      "epoch": 16,
      "train_loss": 0.13359911682024955,
      "val_aami_margin": -5.437826041559415,
      "val_sbp_mae": 10.225774634033563,
      "val_dbp_mae": 5.585572466157008
    },
    {
      "epoch": 17,
      "train_loss": 0.131825103782754,
      "val_aami_margin": -5.652137768091105,
      "val_sbp_mae": 10.361304329599005,
      "val_dbp_mae": 5.712719515580167
    },
    {
      "epoch": 18,
      "train_loss": 0.1295639977394167,
      "val_aami_margin": -5.70324742437843,
      "val_sbp_mae": 10.432923450470383,
      "val_dbp_mae": 5.702268341882281
    },
    {
      "epoch": 19,
      "train_loss": 0.1276411905122592,
      "val_aami_margin": -5.190260077779673,
      "val_sbp_mae": 10.005342523411112,
      "val_dbp_mae": 5.633673452837178
    },
    {
      "epoch": 20,
      "train_loss": 0.1257243393376927,
      "val_aami_margin": -5.485413912625086,
      "val_sbp_mae": 10.23881020318701,