{
  "name": "screen_tcn",
  "best_val_metrics": {
    "sbp": {
      "mae": 9.101578989527532,
      "rmse": 12.227198610233927,
      "me": -0.022877911285171484,
      "sd": 12.227230144506331,
      "pearson_r": 0.8126097739797062,
      "r2": 0.6601632524195047,
      "n": 115488,
      "aami_pass": false,
      "aami_margin": -4.227230144506331,
      "bhs": {
        "grade": "D",
        "pct5": 38.226482405098366,
        "pct10": 65.42151565530618,
        "pct15": 81.53660986422831
      }
    },
    "dbp": {
      "mae": 4.803291534527596,
      "rmse": 6.7144083341271905,
      "me": -0.05778744469237268,
      "sd": 6.7141887250119465,
      "pearson_r": 0.8384311026636424,
      "r2": 0.7027122370299259,
      "n": 115488,
      "aami_pass": true,
      "aami_margin": 1.2858112749880535,
      "bhs": {
        "grade": "A",
        "pct5": 64.15211970074813,
        "pct10": 88.90967026877252,
        "pct15": 96.58579246328623
      }
    },
    "sbp_sd": 12.227230144506331,
    "dbp_sd": 6.7141887250119465,
    "sbp_me_abs": 0.022877911285171484,
    "dbp_me_abs": 0.05778744469237268,
    "sbp_mae": 9.101578989527532,
    "dbp_mae": 4.803291534527596,
    "aami_margin": -4.227230144506331,
    "aami_pass_both": false,
    "error_signature": [
      0.02559679386652727,
      0.06466283324621014,
      0.07923854330022652,
      0.13389963408259278,
      0.11207527443805541,
      0.079133995469594,
      0.0805279665446942,
      0.1128855201254574,
      0.13972817564035547,
      0.0829064296915839,
      0.06787767903815996,
      0.021467154556542953,
      0.003457958504497946,
      0.018277780666632,
      0.04024751702979564,
      0.11403463158442098,
      0.1544988126809145,
      0.1448615949941934,
      0.15676945209990814,
      0.1859584351654447,
      0.13375972821659474,
      0.03658156102126774,
      0.010729204582878338,
      0.0008233234534518919
    ]
  },
  "final_val_metrics": {
    "sbp": {
      "mae": 10.585757905670057,
      "rmse": 13.949613774706306,
      "me": -0.025650505249581623,
      "sd": 13.949650586156066,
      "pearson_r": 0.7609030824088397,
      "r2": 0.557675727237328,
      "n": 115488,
      "aami_pass": false,
      "aami_margin": -5.949650586156066,
      "bhs": {
        "grade": "D",
        "pct5": 32.520261845386536,
        "pct10": 58.15928927680798,
        "pct15": 75.2874757550568
      }
    },
    "dbp": {
      "mae": 5.8979126808710145,
      "rmse": 7.999338740966907,
      "me": -0.05770510255250534,
      "sd": 7.999165235720493,
      "pearson_r": 0.7762493606142871,
      "r2": 0.5780415285336968,
      "n": 115488,
      "aami_pass": true,
      "aami_margin": 0.0008347642795065724,
      "bhs": {
        "grade": "B",
        "pct5": 54.45067885840953,
        "pct10": 82.43713632585204,
        "pct15": 93.78550152396787
      }
    },
    "sbp_sd": 13.949650586156066,
    "dbp_sd": 7.999165235720493,
    "sbp_me_abs": 0.025650505249581623,
    "dbp_me_abs": 0.05770510255250534,
    "sbp_mae": 10.585757905670057,
    "dbp_mae": 5.8979126808710145,
    "aami_margin": -5.949650586156066,
    "aami_pass_both": false,
    "error_signature": [
      0.03417741455646361,
      0.08516353709115727,
      0.08751728120679698,
      0.12934217664455838,
      0.09956600108499729,
      0.06573858565353587,
      0.06765483086292284,
      0.09566351084122289,
      0.1297446756383109,
      0.08556603608490979,
      0.08576728558178605,
      0.034098664753338115,
      0.004619678269310775,
      0.029789557620302314,
      0.05650221883233948,
      0.13436936624601303,
      0.14212661212037164,
      0.11739009846068506,
      0.12519068090417418,
      0.16032797115517958,
      0.14576688392733325,
      0.05709159617251421,
      0.023904451532381084,
      0.002920884759395368
    ]
  },
  "history": [
    {
      "epoch": 0,
      "train_loss": 0.37290895511190314,
      "val_aami_margin": -4.4551426046612885,
      "val_sbp_mae": 9.289207006559064,
      "val_dbp_mae": 4.8700765949403415
    },
    {
      "epoch": 1,
      "train_loss": 0.34519317289862866,
      "val_aami_margin": -4.227230144506331,
      "val_sbp_mae": 9.101578989527532,
      "val_dbp_mae": 4.803291534527596
    },
    {
      "epoch": 2,
      "train_loss": 0.3380897282913309,
      "val_aami_margin": -4.238628801467618,
      "val_sbp_mae": 9.149102988259155,
      "val_dbp_mae": 4.892828904083145
    },
    {
      "epoch": 3,
      "train_loss": 0.3323822605442105,
      "val_aami_margin": -4.363329751072044,
      "val_sbp_mae": 9.239220295348598,
      "val_dbp_mae": 4.992761949239004
    },
    {
      "epoch": 4,
      "train_loss": 0.3267068484828832,
      "val_aami_margin": -4.516978534514067,
      "val_sbp_mae": 9.401887803316615,
      "val_dbp_mae": 5.0966741006589205
    },
    {
      "epoch": 5,
      "train_loss": 0.32187284091901425,
      "val_aami_margin": -4.626903273303666,
      "val_sbp_mae": 9.513185454566983,
      "val_dbp_mae": 5.2252624841870965
    },
    {
      "epoch": 6,
      "train_loss": 0.31783984388789066,
      "val_aami_margin": -4.732457858941805,
      "val_sbp_mae": 9.588104979162317,
      "val_dbp_mae": 5.212716380849334
    },
    {
      "epoch": 7,
      "train_loss": 0.31410032090459816,
      "val_aami_margin": -4.988300364754018,
      "val_sbp_mae": 9.81914448931269,
      "val_dbp_mae": 5.45652632133274
    },
    {
      "epoch": 8,
      "train_loss": 0.310941455011937,
      "val_aami_margin": -4.949964530751307,
      "val_sbp_mae": 9.785458685160979,
      "val_dbp_mae": 5.3572727799213045
    },
    {
      "epoch": 9,
      "train_loss": 0.3086145651435609,
      "val_aami_margin": -5.031734755119517,
      "val_sbp_mae": 9.835217309008074,
      "val_dbp_mae": 5.458767628235523
    },
    {
      "epoch": 10,
      "train_loss": 0.3061959626047624,
      "val_aami_margin": -5.087870881843335,
      "val_sbp_mae": 9.880626139873,
      "val_dbp_mae": 5.483160687365755
    },
    {
      "epoch": 11,
      "train_loss": 0.30405870478657654,
      "val_aami_margin": -5.124902986121693,
      "val_sbp_mae": 9.91108336688342,
      "val_dbp_mae": 5.469930279944567
    },
    {
      "epoch": 12,
      "train_loss": 0.3025180355588018,
      "val_aami_margin": -5.27173480180271,
      "val_sbp_mae": 10.03848399578615,
      "val_dbp_mae": 5.506302403755164
    },
    {
      "epoch": 13,
      "train_loss": 0.300583018229249,
      "val_aami_margin": -5.3548508428741375,
      "val_sbp_mae": 10.126409099066016,
      "val_dbp_mae": 5.639815926244236
    },
    {
      "epoch": 14,
      "train_loss": 0.29914990866790653,
      "val_aami_margin": -5.378473689542066,
      "val_sbp_mae": 10.153437766879255,
      "val_dbp_mae": 5.454466756416132
    },
    {
      "epoch": 15,
      "train_loss": 0.2979632574690428,
      "val_aami_margin": -5.69438457750441,
      "val_sbp_mae": 10.389396278874742,
      "val_dbp_mae": 5.690680988098041
    },
    {
      "epoch": 16,
      "train_loss": 0.29691098167522906,
      "val_aami_margin": -5.332969040650612,
      "val_sbp_mae": 10.09954175089959,
      "val_dbp_mae": 5.5213733156903295
    },
    {
      "epoch": 17,
      "train_loss": 0.2957532825985756,
      "val_aami_margin": -5.670716085083548,
      "val_sbp_mae": 10.347379331678239,
      "val_dbp_mae": 5.652785791961512
    },
    {
      "epoch": 18,
      "train_loss": 0.2948641176136822,
      "val_aami_margin": -5.206722640451163,
      "val_sbp_mae": 10.011409826252628,
      "val_dbp_mae": 5.568452966684394
    },
    {
      "epoch": 19,
      "train_loss": 0.29401285187025944,
      "val_aami_margin": -5.698227313792115,
      "val_sbp_mae": 10.400192460003758,
      "val_dbp_mae": 5.687696573036893
    },
    {
      "epoch": 20,
      "train_loss": 0.2932633149489111,
      "val_aami_margin": -5.58077510206004,
      "val_sbp_mae": 10.314688437595832,