{
  "name": "lever_wavelet_net_equal_s0",
  "best_val_metrics": {
    "sbp": {
      "mae": 8.781721023179696,
      "rmse": 11.805054223331345,
      "me": -0.05734280673211044,
      "sd": 11.804966060930802,
      "pearson_r": 0.8267084522791284,
      "r2": 0.6832239217662264,
      "n": 115488,
      "aami_pass": false,
      "aami_margin": -3.804966060930802,
      "bhs": {
        "grade": "D",
        "pct5": 38.88109587143253,
        "pct10": 66.87534635633139,
        "pct15": 83.12119008035467
      }
    },
    "dbp": {
      "mae": 4.607956799823579,
      "rmse": 6.452084944099746,
      "me": -0.06084109666611402,
      "sd": 6.451826014630398,
      "pearson_r": 0.8519070589029166,
      "r2": 0.7254877764978054,
      "n": 115488,
      "aami_pass": true,
      "aami_margin": 1.5481739853696022,
      "bhs": {
        "grade": "A",
        "pct5": 65.4535536159601,
        "pct10": 90.13490579107786,
        "pct15": 97.12264477694652
      }
    },
    "sbp_sd": 11.804966060930802,
    "dbp_sd": 6.451826014630398,
    "sbp_me_abs": 0.05734280673211044,
    "dbp_me_abs": 0.06084109666611402,
    "sbp_mae": 8.781721023179696,
    "dbp_mae": 4.607956799823579,
    "aami_margin": -3.804966060930802,
    "aami_pass_both": false,
    "error_signature": [
      0.021124797463282052,
      0.0615101834590658,
      0.07926372458490862,
      0.13845671376552782,
      0.11198320469710961,
      0.08271338223252087,
      0.08194679164416259,
      0.11451818039270345,
      0.14317821488927993,
      0.0841768733557503,
      0.0633395473631026,
      0.01778838615258637,
      0.0031630212485701413,
      0.015598460951852751,
      0.036864362716212,
      0.11379943845540573,
      0.15473673264237928,
      0.15539533432701308,
      0.16092412215328086,
      0.18400117855038303,
      0.1332108565288225,
      0.03306873721792783,
      0.008657145828278277,
      0.000580609379874519
    ]
  },
  "final_val_metrics": {
    "sbp": {
      "mae": 9.160982448711533,
      "rmse": 12.157171898116527,
      "me": -0.06324005227989656,
      "sd": 12.157060047222629,
      "pearson_r": 0.8153852986368082,
      "r2": 0.664044681808355,
      "n": 115488,
      "aami_pass": false,
      "aami_margin": -4.157060047222629,
      "bhs": {
        "grade": "D",
        "pct5": 36.841922970351895,
        "pct10": 64.27074674425049,
        "pct15": 81.32879606539207
      }
    },
    "dbp": {
      "mae": 4.928728231812707,
      "rmse": 6.78640234124908,
      "me": -0.07303968097697346,
      "sd": 6.786038659469683,
      "pearson_r": 0.8350079944494214,
      "r2": 0.6963028318281145,
      "n": 115488,
      "aami_pass": true,
      "aami_margin": 1.2139613405303171,
      "bhs": {
        "grade": "A",
        "pct5": 61.98306317539485,
        "pct10": 88.69146577999446,
        "pct15": 96.5814630091438
      }
    },
    "sbp_sd": 12.157060047222629,
    "dbp_sd": 6.786038659469683,
    "sbp_me_abs": 0.06324005227989656,
    "dbp_me_abs": 0.07303968097697346,
    "sbp_mae": 9.160982448711533,
    "dbp_mae": 4.928728231812707,
    "aami_margin": -4.157060047222629,
    "aami_pass_both": false,
    "error_signature": [
      0.022675006097773443,
      0.06865221784731175,
      0.08398376250043556,
      0.13492630405240602,
      0.10644970208021186,
      0.07753754486219032,
      0.07884421059967246,
      0.10780863444719328,
      0.14101536638907278,
      0.08762500435555245,
      0.0714223492107739,
      0.019059897557406183,
      0.003544163395464511,
      0.01795478375404026,
      0.04067555740418194,
      0.12317050978761016,
      0.15599518201748686,
      0.14397622204313654,
      0.1439068985537387,
      0.17641961508132512,
      0.1441148690219322,
      0.0382838970199565,
      0.011256401590974081,
      0.0007019003301531183
    ]
  },
  "history": [
    {
      "epoch": 0,
      "train_loss": 0.341402739344224,
      "val_aami_margin": -3.9640335995062266,
      "val_sbp_mae": 8.914587323442815,
      "val_dbp_mae": 4.688961759628628
    },
    {
      "epoch": 1,
      "train_loss": 0.30355670039780347,
      "val_aami_margin": -3.804966060930802,
      "val_sbp_mae": 8.781721023179696,
      "val_dbp_mae": 4.607956799823579
    },
    {
      "epoch": 2,
      "train_loss": 0.2948581835065728,
      "val_aami_margin": -3.82498541964366,
      "val_sbp_mae": 8.782251278103253,
      "val_dbp_mae": 4.649835732802106
    },
    {
      "epoch": 3,
      "train_loss": 0.28817686954312743,
      "val_aami_margin": -3.943745926870795,
      "val_sbp_mae": 8.909716274905607,
      "val_dbp_mae": 4.710232591303711
    },
    {
      "epoch": 4,
      "train_loss": 0.2826183647937948,
      "val_aami_margin": -3.9331460178073954,
      "val_sbp_mae": 8.91038003822413,
      "val_dbp_mae": 4.684439239017521
    },
    {
      "epoch": 5,
      "train_loss": 0.2784076067374919,
      "val_aami_margin": -3.8848471736027985,
      "val_sbp_mae": 8.8796435197245,
      "val_dbp_mae": 4.7040538278478055
    },
    {
      "epoch": 6,
      "train_loss": 0.2747639362819705,
      "val_aami_margin": -3.9328412827016788,
      "val_sbp_mae": 8.903297572440806,
      "val_dbp_mae": 4.7311084794486735
    },
    {
      "epoch": 7,
      "train_loss": 0.2717093236081341,
      "val_aami_margin": -3.885991895268731,
      "val_sbp_mae": 8.88026019700633,
      "val_dbp_mae": 4.74424661951617
    },
    {
      "epoch": 8,
      "train_loss": 0.268584075182673,
      "val_aami_margin": -4.056054379939672,
      "val_sbp_mae": 9.026118667547152,
      "val_dbp_mae": 4.786100853985978
    },
    {
      "epoch": 9,
      "train_loss": 0.26651031576542084,
      "val_aami_margin": -4.075284838509775,
      "val_sbp_mae": 9.018633339590748,
      "val_dbp_mae": 4.8318259946848805
    },
    {
      "epoch": 10,
      "train_loss": 0.26451954639111236,
      "val_aami_margin": -4.103579937113681,
      "val_sbp_mae": 9.085885814577848,
      "val_dbp_mae": 4.788912341247578
    },
    {
      "epoch": 11,
      "train_loss": 0.2629648021272766,
      "val_aami_margin": -3.9902366968675285,
      "val_sbp_mae": 8.97588764906788,
      "val_dbp_mae": 4.785948315679844
    },
    {
      "epoch": 12,
      "train_loss": 0.2612280633346371,
      "val_aami_margin": -4.035475749952804,
      "val_sbp_mae": 9.045186501889656,
      "val_dbp_mae": 4.8069028573577794
    },
    {
      "epoch": 13,
      "train_loss": 0.2597117961959169,
      "val_aami_margin": -4.1396949574533135,
      "val_sbp_mae": 9.109157468792207,
      "val_dbp_mae": 4.8276828075540195
    },
    {
      "epoch": 14,
      "train_loss": 0.2586123528068192,
      "val_aami_margin": -4.100840761394412,
      "val_sbp_mae": 9.085756389735119,
      "val_dbp_mae": 4.787386011721415
    },
    {
      "epoch": 15,
      "train_loss": 0.25742859477335184,
      "val_aami_margin": -4.032439539896464,
      "val_sbp_mae": 9.028933476425788,
      "val_dbp_mae": 4.807185114226375
    },
    {
      "epoch": 16,
      "train_loss": 0.25651636062420935,
      "val_aami_margin": -4.059959958395632,
      "val_sbp_mae": 9.074881554774835,
      "val_dbp_mae": 4.866710814748375
    },
    {
      "epoch": 17,
      "train_loss": 0.25560030462035555,
      "val_aami_margin": -4.120864560313461,
      "val_sbp_mae": 9.112298191198175,
      "val_dbp_mae": 4.8847607334812055
    },
    {
      "epoch": 18,
      "train_loss": 0.2545821810840807,
      "val_aami_margin": -4.090581648949982,
      "val_sbp_mae": 9.089670497227194,
      "val_dbp_mae": 4.888210910832539
    },
    {
      "epoch": 19,
      "train_loss": 0.2537951645417923,
      "val_aami_margin": -4.115919851299806,
      "val_sbp_mae": 9.121754971591198,
      "val_dbp_mae": 4.896795114719484
    },
    {
      "epoch": 20,
      "train_loss": 0.25314896467300657,
      "val_aami_margin": -4.221071243194412,
      "val_sbp_mae": 9.185784022871381,