{
  "name": "lever_resunet_sa_vpg_s1",
  "best_val_metrics": {
    "sbp": {
      "mae": 8.519569312040932,
      "rmse": 11.603700512469437,
      "me": -0.043626177318161936,
      "sd": 11.603668739650937,
      "pearson_r": 0.8227961309792824,
      "r2": 0.6768828463390419,
      "n": 115488,
      "aami_pass": false,
      "aami_margin": -3.603668739650937,
      "bhs": {
        "grade": "D",
        "pct5": 40.7574812967581,
        "pct10": 68.2573081185924,
        "pct15": 83.93426156830147
      }
    },
    "dbp": {
      "mae": 4.684910845225745,
      "rmse": 6.662410985671639,
      "me": -0.010063056057161209,
      "sd": 6.662432230690969,
      "pearson_r": 0.8382797180873046,
      "r2": 0.7021232036086784,
      "n": 115488,
      "aami_pass": true,
      "aami_margin": 1.3375677693090307,
      "bhs": {
        "grade": "A",
        "pct5": 65.11325852036576,
        "pct10": 90.1219174286506,
        "pct15": 97.0577029648102
      }
    },
    "sbp_sd": 11.603668739650937,
    "dbp_sd": 6.662432230690969,
    "sbp_me_abs": 0.043626177318161936,
    "dbp_me_abs": 0.010063056057161209,
    "sbp_mae": 8.519569312040932,
    "dbp_mae": 4.684910845225745,
    "aami_margin": -3.603668739650937,
    "aami_pass_both": false,
    "error_signature": [
      0.01956495215519495,
      0.05927003991424538,
      0.0757934917121294,
      0.13416589685043487,
      0.1132152754780123,
      0.0867568368396284,
      0.08719258187649243,
      0.12304568350966483,
      0.14261063566485976,
      0.08198978613633591,
      0.06150976940372649,
      0.01488505045927527,
      0.0037975671293687197,
      0.014444627482941294,
      0.03528789547153125,
      0.112747860617148,
      0.15674935189921707,
      0.15003858258841482,
      0.15921170136209542,
      0.18598541664860366,
      0.13766614356190987,
      0.03416076367514328,
      0.009268491464144204,
      0.0006415980994823864
    ]
  },
  "final_val_metrics": {
    "sbp": {
      "mae": 10.427304580429317,
      "rmse": 13.863234256892252,
      "me": -0.04017757597130112,
      "sd": 13.863236057050424,
      "pearson_r": 0.7549946157684012,
      "r2": 0.5387927605588599,
      "n": 115488,
      "aami_pass": false,
      "aami_margin": -5.863236057050424,
      "bhs": {
        "grade": "D",
        "pct5": 32.572215295095596,
        "pct10": 59.03903435854807,
        "pct15": 76.49625935162095
      }
    },
    "dbp": {
      "mae": 6.02599230628914,
      "rmse": 8.210810277807722,
      "me": 0.01084646855670587,
      "sd": 8.210838662246333,
      "pearson_r": 0.7640217239078126,
      "r2": 0.5475757555753953,
      "n": 115488,
      "aami_pass": false,
      "aami_margin": -0.21083866224633319,
      "bhs": {
        "grade": "B",
        "pct5": 53.03581324466611,
        "pct10": 82.17303962316431,
        "pct15": 93.64782488223885
      }
    },
    "sbp_sd": 13.863236057050424,
    "dbp_sd": 8.210838662246333,
    "sbp_me_abs": 0.04017757597130112,
    "dbp_me_abs": 0.01084646855670587,
    "sbp_mae": 10.427304580429317,
    "dbp_mae": 6.02599230628914,
    "aami_margin": -5.863236057050424,
    "aami_pass_both": false,
    "error_signature": [
      0.03251619236263881,
      0.0813868901022814,
      0.08656669325223275,
      0.1320280112535825,
      0.09648807593538831,
      0.06763543300875571,
      0.06780195798311962,
      0.09776768889628999,
      0.13586685013628755,
      0.09013383349255458,
      0.08277167673120239,
      0.029036696845666406,
      0.005185885372854752,
      0.027681180786207973,
      0.05471195788852948,
      0.1397153833479313,
      0.14378257438450132,
      0.1171940717872226,
      0.11898918595474925,
      0.151197176380807,
      0.15209906948912957,
      0.060210037029649735,
      0.025990131208103163,
      0.0032433463703138415
    ]
  },
  "history": [
    {
      "epoch": 0,
      "train_loss": 0.3190815675325356,
      "val_aami_margin": -3.603668739650937,
      "val_sbp_mae": 8.519569312040932,
      "val_dbp_mae": 4.684910845225745
    },
    {
      "epoch": 1,
      "train_loss": 0.25641648584315585,
      "val_aami_margin": -4.091279090120064,
      "val_sbp_mae": 8.979637866609966,
      "val_dbp_mae": 4.930175620567319
    },
    {
      "epoch": 2,
      "train_loss": 0.21983434357575615,
      "val_aami_margin": -4.510203748704473,
      "val_sbp_mae": 9.300862015289882,
      "val_dbp_mae": 5.185513547956554
    },
    {
      "epoch": 3,
      "train_loss": 0.1974821856548236,
      "val_aami_margin": -4.433885548770686,
      "val_sbp_mae": 9.261669481511506,
      "val_dbp_mae": 5.232070706148827
    },
    {
      "epoch": 4,
      "train_loss": 0.18230452569195188,
      "val_aami_margin": -4.726869580687101,
      "val_sbp_mae": 9.476065431138114,
      "val_dbp_mae": 5.480686632878045
    },
    {
      "epoch": 5,
      "train_loss": 0.17134630831853787,
      "val_aami_margin": -4.968513722895917,
      "val_sbp_mae": 9.688907897052816,
      "val_dbp_mae": 5.604264253974484
    },
    {
      "epoch": 6,
      "train_loss": 0.1628074674954518,
      "val_aami_margin": -5.049364474953222,
      "val_sbp_mae": 9.749835720026697,
      "val_dbp_mae": 5.5693327352963955
    },
    {
      "epoch": 7,
      "train_loss": 0.15621095459698098,
      "val_aami_margin": -5.411524606134353,
      "val_sbp_mae": 10.008225030504498,
      "val_dbp_mae": 5.614628542472325
    },
    {
      "epoch": 8,
      "train_loss": 0.1506936811129521,
      "val_aami_margin": -4.930768359519272,
      "val_sbp_mae": 9.689633332818072,
      "val_dbp_mae": 5.588133576623825
    },
    {
      "epoch": 9,
      "train_loss": 0.14610144961924665,
      "val_aami_margin": -5.306508384179466,
      "val_sbp_mae": 9.989383100132837,
      "val_dbp_mae": 5.630229174423198
    },
    {
      "epoch": 10,
      "train_loss": 0.1417963670065665,
      "val_aami_margin": -5.174320119960175,
      "val_sbp_mae": 9.888706522004892,
      "val_dbp_mae": 5.739323743352539
    },
    {
      "epoch": 11,
      "train_loss": 0.1384846161781361,
      "val_aami_margin": -5.526836041825884,
      "val_sbp_mae": 10.113284535140235,
      "val_dbp_mae": 5.827619547179535
    },
    {
      "epoch": 12,
      "train_loss": 0.13548439874820667,
      "val_aami_margin": -5.196334035502259,
      "val_sbp_mae": 9.932371133693287,
      "val_dbp_mae": 5.7834088108255965
    },
    {
      "epoch": 13,
      "train_loss": 0.13299894758880926,
      "val_aami_margin": -5.17172546847684,
      "val_sbp_mae": 9.868826508145691,
      "val_dbp_mae": 5.71385535138065
    },
    {
      "epoch": 14,
      "train_loss": 0.13085942190818825,
      "val_aami_margin": -5.289440389133553,
      "val_sbp_mae": 9.962119360730194,
      "val_dbp_mae": 5.830322824306838
    },
    {
      "epoch": 15,
      "train_loss": 0.12850294851949934,
      "val_aami_margin": -5.023312529191166,
      "val_sbp_mae": 9.735630888841941,
      "val_dbp_mae": 5.70486520301296
    },
    {
      "epoch": 16,
      "train_loss": 0.1266846215367073,
      "val_aami_margin": -5.466917649435141,
      "val_sbp_mae": 10.059426700753782,
      "val_dbp_mae": 5.777933552760864
    },
    {
      "epoch": 17,
      "train_loss": 0.12476935622313394,
      "val_aami_margin": -5.403994264117522,
      "val_sbp_mae": 9.988458036556278,
      "val_dbp_mae": 5.698498484762188
    },
    {
      "epoch": 18,
      "train_loss": 0.12342397091082653,
      "val_aami_margin": -5.484131346356625,
      "val_sbp_mae": 10.071384091723168,
      "val_dbp_mae": 5.746830854451386
    },
    {
      "epoch": 19,
      "train_loss": 0.12191309725260253,
      "val_aami_margin": -5.405744606105735,
      "val_sbp_mae": 10.069992407401363,
      "val_dbp_mae": 5.822605479925432
    },
    {
      "epoch": 20,
      "train_loss": 0.12066674205316325,
      "val_aami_margin": -5.592583599105504,
      "val_sbp_mae": 10.196096837766817,