{
  "name": "screen_xresnet1d",
  "best_val_metrics": {
    "sbp": {
      "mae": 8.838863139103545,
      "rmse": 11.84068635423646,
      "me": -0.07791199193576137,
      "sd": 11.84048128303293,
      "pearson_r": 0.8254682416456317,
      "r2": 0.6813087350486506,
      "n": 115488,
      "aami_pass": false,
      "aami_margin": -3.840481283032929,
      "bhs": {
        "grade": "D",
        "pct5": 38.56591160986423,
        "pct10": 66.23805070656692,
        "pct15": 82.89865613743419
      }
    },
    "dbp": {
      "mae": 4.734779174742594,
      "rmse": 6.566730506806282,
      "me": -0.06117901961122843,
      "sd": 6.566473942414573,
      "pearson_r": 0.8461952258061722,
      "r2": 0.7156456202429802,
      "n": 115488,
      "aami_pass": true,
      "aami_margin": 1.4335260575854267,
      "bhs": {
        "grade": "A",
        "pct5": 64.01877251316154,
        "pct10": 89.56601551676364,
        "pct15": 96.95119839290662
      }
    },
    "sbp_sd": 11.84048128303293,
    "dbp_sd": 6.566473942414573,
    "sbp_me_abs": 0.07791199193576137,
    "dbp_me_abs": 0.06117901961122843,
    "sbp_mae": 8.838863139103545,
    "dbp_mae": 4.734779174742594,
    "aami_margin": -3.840481283032929,
    "aami_pass_both": false,
    "error_signature": [
      0.020914998519137962,
      0.06306730082405616,
      0.08174358438300319,
      0.13549887628704332,
      0.11190090419693723,
      0.08075053572361887,
      0.08127319291276852,
      0.11405250962560323,
      0.1428857645603582,
      0.08586386522413282,
      0.06390355232669559,
      0.01814491541664489,
      0.0029896272931307895,
      0.015979341242125147,
      0.03879583011984506,
      0.11896116950753473,
      0.15535663220651824,
      0.1475316077262368,
      0.15693376892347422,
      0.18085945285487742,
      0.13670829036646764,
      0.0351129559181622,
      0.010078076933075676,
      0.0006932469085520671
    ]
  },
  "final_val_metrics": {
    "sbp": {
      "mae": 10.741279205441572,
      "rmse": 14.139460546226397,
      "me": -0.08034582535103466,
      "sd": 14.139293482076711,
      "pearson_r": 0.763683358116258,
      "r2": 0.5455542081798421,
      "n": 115488,
      "aami_pass": false,
      "aami_margin": -6.139293482076711,
      "bhs": {
        "grade": "D",
        "pct5": 31.67168883347188,
        "pct10": 57.1513923524522,
        "pct15": 74.75581878636741
      }
    },
    "dbp": {
      "mae": 5.990234148609251,
      "rmse": 8.023146782676552,
      "me": -0.06776945933557743,
      "sd": 8.022895296798785,
      "pearson_r": 0.780638506836791,
      "r2": 0.5755260819620822,
      "n": 115488,
      "aami_pass": false,
      "aami_margin": -0.02289529679878477,
      "bhs": {
        "grade": "B",
        "pct5": 52.634905791077855,
        "pct10": 82.2959961208091,
        "pct15": 94.04440288168468
      }
    },
    "sbp_sd": 14.139293482076711,
    "dbp_sd": 8.022895296798785,
    "sbp_me_abs": 0.08034582535103466,
    "dbp_me_abs": 0.06776945933557743,
    "sbp_mae": 10.741279205441572,
    "dbp_mae": 5.990234148609251,
    "aami_margin": -6.139293482076711,
    "aami_pass_both": false,
    "error_signature": [
      0.03481780667093055,
      0.08925238967206077,
      0.08828863558705766,
      0.12532307665349537,
      0.09300226920280015,
      0.06555280058175701,
      0.06818122081358367,
      0.09372946546693886,
      0.1324899024856094,
      0.08983940352383539,
      0.08693061846728055,
      0.03259241087465064,
      0.004083295765856365,
      0.02677983146651871,
      0.05859659465270312,
      0.1451954086763533,
      0.1454641606269723,
      0.11512119846031141,
      0.11636092520026355,
      0.15004161320525713,
      0.15177549675763777,
      0.05903006554079828,
      0.02499393140756667,
      0.0025574782397614175
    ]
  },
  "history": [
    {
      "epoch": 0,
      "train_loss": 0.32085583808283896,
      "val_aami_margin": -3.840481283032929,
      "val_sbp_mae": 8.838863139103545,
      "val_dbp_mae": 4.734779174742594
    },
    {
      "epoch": 1,
      "train_loss": 0.2665815765433865,
      "val_aami_margin": -4.140094644302927,
      "val_sbp_mae": 9.112352320022243,
      "val_dbp_mae": 4.904456580603659
    },
    {
      "epoch": 2,
      "train_loss": 0.23799870812557997,
      "val_aami_margin": -4.589037069301744,
      "val_sbp_mae": 9.515950727392378,
      "val_dbp_mae": 5.214321329867367
    },
    {
      "epoch": 3,
      "train_loss": 0.2166653356271177,
      "val_aami_margin": -4.768991673917187,
      "val_sbp_mae": 9.62559572551382,
      "val_dbp_mae": 5.383876274001803
    },
    {
      "epoch": 4,
      "train_loss": 0.20068732631582387,
      "val_aami_margin": -5.134257635560447,
      "val_sbp_mae": 9.952267870703128,
      "val_dbp_mae": 5.553303537774466
    },
    {
      "epoch": 5,
      "train_loss": 0.18758286696179644,
      "val_aami_margin": -5.068297352813481,
      "val_sbp_mae": 9.855827972753545,
      "val_dbp_mae": 5.436271252258873
    },
    {
      "epoch": 6,
      "train_loss": 0.17651150568247925,
      "val_aami_margin": -5.628343303034365,
      "val_sbp_mae": 10.310250742953377,
      "val_dbp_mae": 5.619551768920455
    },
    {
      "epoch": 7,
      "train_loss": 0.16781652319293242,
      "val_aami_margin": -5.309351204204715,
      "val_sbp_mae": 10.09015732958628,
      "val_dbp_mae": 5.616965534637603
    },
    {
      "epoch": 8,
      "train_loss": 0.16081025997726084,
      "val_aami_margin": -5.692233489324158,
      "val_sbp_mae": 10.392051484632427,
      "val_dbp_mae": 5.805185158295756
    },
    {
      "epoch": 9,
      "train_loss": 0.15434642310078706,
      "val_aami_margin": -5.540739068725811,
      "val_sbp_mae": 10.27037412117684,
      "val_dbp_mae": 5.722102530631548
    },
    {
      "epoch": 10,
      "train_loss": 0.14874679676896913,
      "val_aami_margin": -5.603967824204574,
      "val_sbp_mae": 10.315800563934616,
      "val_dbp_mae": 5.80004510030101
    },
    {
      "epoch": 11,
      "train_loss": 0.14397088967319022,
      "val_aami_margin": -5.769424093605448,
      "val_sbp_mae": 10.440459643327548,
      "val_dbp_mae": 5.769778285718733
    },
    {
      "epoch": 12,
      "train_loss": 0.14019339750479082,
      "val_aami_margin": -5.436353310501492,
      "val_sbp_mae": 10.223507570606122,
      "val_dbp_mae": 5.72696049094191
    },
    {
      "epoch": 13,
      "train_loss": 0.1364844143506258,
      "val_aami_margin": -5.405286168933504,
      "val_sbp_mae": 10.172401457226295,
      "val_dbp_mae": 5.749937939995
    },
    {
      "epoch": 14,
      "train_loss": 0.13306369716954922,
      "val_aami_margin": -5.760028076119452,
      "val_sbp_mae": 10.434726196556257,
      "val_dbp_mae": 5.717918129257251
    },
    {
      "epoch": 15,
      "train_loss": 0.13035503459988432,
      "val_aami_margin": -5.841483550812146,
      "val_sbp_mae": 10.506379338077092,
      "val_dbp_mae": 5.883155551386274
    },
    {
      "epoch": 16,
      "train_loss": 0.12788820217138422,
      "val_aami_margin": -5.912709686029732,
      "val_sbp_mae": 10.576594179392195,
      "val_dbp_mae": 5.969885836284659
    },
    {
      "epoch": 17,
      "train_loss": 0.1251713368762171,
      "val_aami_margin": -5.911139085735936,
      "val_sbp_mae": 10.568358067966535,
      "val_dbp_mae": 5.817173015124059
    },
    {
      "epoch": 18,
      "train_loss": 0.1230699076066125,
      "val_aami_margin": -5.907287911003937,
      "val_sbp_mae": 10.604491147423834,
      "val_dbp_mae": 5.9997663528483605
    },
    {
      "epoch": 19,
      "train_loss": 0.1211391719485266,
      "val_aami_margin": -6.0103794261334365,
      "val_sbp_mae": 10.59399721014068,
      "val_dbp_mae": 5.90185505618235
    },
    {
      "epoch": 20,
      "train_loss": 0.11968040153067128,
      "val_aami_margin": -6.209330752763314,
      "val_sbp_mae": 10.7827888891722,