{
  "name": "lever_resunet_sa_sbp3x_s0",
  "best_val_metrics": {
    "sbp": {
      "mae": 8.980088334469661,
      "rmse": 12.103670016280754,
      "me": -0.05725133835425108,
      "sd": 12.103587015830765,
      "pearson_r": 0.8168107002769928,
      "r2": 0.6669951526779643,
      "n": 115488,
      "aami_pass": false,
      "aami_margin": -4.103587015830765,
      "bhs": {
        "grade": "D",
        "pct5": 38.347707121086174,
        "pct10": 65.76700609587142,
        "pct15": 82.3003255749515
      }
    },
    "dbp": {
      "mae": 4.684029196764906,
      "rmse": 6.534851856108664,
      "me": -0.03911518824779318,
      "sd": 6.534763082607412,
      "pearson_r": 0.8475906525960518,
      "r2": 0.7183997551974464,
      "n": 115488,
      "aami_pass": true,
      "aami_margin": 1.4652369173925877,
      "bhs": {
        "grade": "A",
        "pct5": 64.53397755610972,
        "pct10": 89.81539207536714,
        "pct15": 97.0022859517872
      }
    },
    "sbp_sd": 12.103587015830765,
    "dbp_sd": 6.534763082607412,
    "sbp_me_abs": 0.05725133835425108,
    "dbp_me_abs": 0.03911518824779318,
    "sbp_mae": 8.980088334469661,
    "dbp_mae": 4.684029196764906,
    "aami_margin": -4.103587015830765,
    "aami_pass_both": false,
    "error_signature": [
      0.022662864816316564,
      0.06352403623965609,
      0.08008301287920405,
      0.13618646506396004,
      0.11086404897062285,
      0.08281232287824487,
      0.08148690715986083,
      0.11101228625491581,
      0.13993599637254645,
      0.08641361690253835,
      0.06639286368273734,
      0.018625578779396763,
      0.0032152947497963357,
      0.01631913750368329,
      0.03652956164526026,
      0.1169379300781724,
      0.15389215329416048,
      0.14808555630665765,
      0.16079940374048846,
      0.1831331357357045,
      0.13609970013693168,
      0.035402908498431356,
      0.008900559859948348,
      0.0006846584507652575
    ]
  },
  "final_val_metrics": {
    "sbp": {
      "mae": 10.59585888903366,
      "rmse": 14.00453355478975,
      "me": 0.08518632317372483,
      "sd": 14.004335099347099,
      "pearson_r": 0.7654577224478972,
      "r2": 0.5541860003094763,
      "n": 115488,
      "aami_pass": false,
      "aami_margin": -6.004335099347099,
      "bhs": {
        "grade": "D",
        "pct5": 31.992068440011085,
        "pct10": 57.987842892768086,
        "pct15": 75.58447630922693
      }
    },
    "dbp": {
      "mae": 5.731400275891802,
      "rmse": 7.75256767174629,
      "me": -0.044786689299800383,
      "sd": 7.752471868053186,
      "pearson_r": 0.789616132791112,
      "r2": 0.603673906616518,
      "n": 115488,
      "aami_pass": true,
      "aami_margin": 0.24752813194681433,
      "bhs": {
        "grade": "B",
        "pct5": 55.092303962316436,
        "pct10": 83.82342754225547,
        "pct15": 94.73538376281519
      }
    },
    "sbp_sd": 14.004335099347099,
    "dbp_sd": 7.752471868053186,
    "sbp_me_abs": 0.08518632317372483,
    "dbp_me_abs": 0.044786689299800383,
    "sbp_mae": 10.59585888903366,
    "dbp_mae": 5.731400275891802,
    "aami_margin": -6.004335099347099,
    "aami_pass_both": false,
    "error_signature": [
      0.03188530415632047,
      0.08271402374288196,
      0.08674136403120092,
      0.13030507760746154,
      0.09311140553298645,
      0.06791201270498635,
      0.06632388941046406,
      0.09683165015661879,
      0.13311280939888218,
      0.09156715304770512,
      0.08839968062050872,
      0.031095629589983416,
      0.004030929801140797,
      0.024636349451273427,
      0.05447389864595433,
      0.13757173321312782,
      0.14897102931742923,
      0.12087588203678983,
      0.1223235492987049,
      0.15937342880424418,
      0.1500632812635448,
      0.05476863329808076,
      0.020449383657830406,
      0.0024619012118795402
    ]
  },
  "history": [
    {
      "epoch": 0,
      "train_loss": 0.33525429812857493,
      "val_aami_margin": -4.103587015830765,
      "val_sbp_mae": 8.980088334469661,
      "val_dbp_mae": 4.684029196764906
    },
    {
      "epoch": 1,
      "train_loss": 0.2621620422926708,
      "val_aami_margin": -4.204167490299019,
      "val_sbp_mae": 9.119125617449829,
      "val_dbp_mae": 4.919768950393505
    },
    {
      "epoch": 2,
      "train_loss": 0.2299169967336836,
      "val_aami_margin": -4.654007982385696,
      "val_sbp_mae": 9.541550201976229,
      "val_dbp_mae": 5.108764454780761
    },
    {
      "epoch": 3,
      "train_loss": 0.20877930723113364,
      "val_aami_margin": -4.82518098467766,
      "val_sbp_mae": 9.607078650723414,
      "val_dbp_mae": 5.144707849742536
    },
    {
      "epoch": 4,
      "train_loss": 0.1936175343750335,
      "val_aami_margin": -4.987469757977859,
      "val_sbp_mae": 9.836260150914294,
      "val_dbp_mae": 5.309920421095456
    },
    {
      "epoch": 5,
      "train_loss": 0.18230039401182802,
      "val_aami_margin": -5.168905857211632,
      "val_sbp_mae": 9.981451523050634,
      "val_dbp_mae": 5.40396086967864
    },
    {
      "epoch": 6,
      "train_loss": 0.17341663732515342,
      "val_aami_margin": -5.072806369266926,
      "val_sbp_mae": 9.887824716470368,
      "val_dbp_mae": 5.272064882413854
    },
    {
      "epoch": 7,
      "train_loss": 0.16620013576814688,
      "val_aami_margin": -5.129885284260544,
      "val_sbp_mae": 9.970151597827245,
      "val_dbp_mae": 5.341102384802586
    },
    {
      "epoch": 8,
      "train_loss": 0.1606060136730954,
      "val_aami_margin": -5.330831692513566,
      "val_sbp_mae": 10.087458535800307,
      "val_dbp_mae": 5.33265283183307
    },
    {
      "epoch": 9,
      "train_loss": 0.1553340921787231,
      "val_aami_margin": -5.215388248556231,
      "val_sbp_mae": 10.015498229778053,
      "val_dbp_mae": 5.364132490951754
    },
    {
      "epoch": 10,
      "train_loss": 0.15147726663356212,
      "val_aami_margin": -5.298377023023596,
      "val_sbp_mae": 10.067402054049367,
      "val_dbp_mae": 5.393826258123665
    },
    {
      "epoch": 11,
      "train_loss": 0.1479954975801152,
      "val_aami_margin": -5.3582749204705244,
      "val_sbp_mae": 10.124006985570642,
      "val_dbp_mae": 5.377440202342158
    },
    {
      "epoch": 12,
      "train_loss": 0.14480253539225565,
      "val_aami_margin": -5.193435429059864,
      "val_sbp_mae": 9.979388424185718,
      "val_dbp_mae": 5.3921642785541435
    },
    {
      "epoch": 13,
      "train_loss": 0.1417543250040602,
      "val_aami_margin": -5.479293209174646,
      "val_sbp_mae": 10.200070597442695,
      "val_dbp_mae": 5.499048558911263
    },
    {
      "epoch": 14,
      "train_loss": 0.1393320727657812,
      "val_aami_margin": -5.535068582103948,
      "val_sbp_mae": 10.244595575002174,
      "val_dbp_mae": 5.695303006786861
    },
    {
      "epoch": 15,
      "train_loss": 0.13701895471308456,
      "val_aami_margin": -5.482723712087747,
      "val_sbp_mae": 10.237727203355503,
      "val_dbp_mae": 5.49365168092298
    },
    {
      "epoch": 16,
      "train_loss": 0.13497776439995363,
      "val_aami_margin": -5.620367658785483,
      "val_sbp_mae": 10.318508140172389,
      "val_dbp_mae": 5.500252506093571
    },
    {
      "epoch": 17,
      "train_loss": 0.13336494431076326,
      "val_aami_margin": -5.6201174523575474,
      "val_sbp_mae": 10.324020504495586,
      "val_dbp_mae": 5.502663297204653
    },
    {
      "epoch": 18,
      "train_loss": 0.13128368458608944,
      "val_aami_margin": -5.795181202387134,
      "val_sbp_mae": 10.44057664868548,
      "val_dbp_mae": 5.597255644304704
    },
    {
      "epoch": 19,
      "train_loss": 0.13014324655388698,
      "val_aami_margin": -5.424179647060571,
      "val_sbp_mae": 10.149355045886226,
      "val_dbp_mae": 5.513091239768206
    },
    {
      "epoch": 20,
      "train_loss": 0.12848045843785807,
      "val_aami_margin": -5.9108370161488395,
      "val_sbp_mae": 10.48577590767124,