{
  "name": "lever_wavelet_net_vpg_apg_s1",
  "best_val_metrics": {
    "sbp": {
      "mae": 8.51907985227349,
      "rmse": 11.598928426867507,
      "me": -0.031088202239129777,
      "sd": 11.598936981656514,
      "pearson_r": 0.823110058253677,
      "r2": 0.6771485591000455,
      "n": 115488,
      "aami_pass": false,
      "aami_margin": -3.5989369816565144,
      "bhs": {
        "grade": "D",
        "pct5": 40.602486838459406,
        "pct10": 68.3681421446384,
        "pct15": 84.01392352452203
      }
    },
    "dbp": {
      "mae": 4.706567714843429,
      "rmse": 6.656383591550716,
      "me": 0.025524840069831974,
      "sd": 6.656363470557078,
      "pearson_r": 0.8390930286797911,
      "r2": 0.7026619301173166,
      "n": 115488,
      "aami_pass": true,
      "aami_margin": 1.3436365294429216,
      "bhs": {
        "grade": "A",
        "pct5": 64.67165419783873,
        "pct10": 89.99549736769188,
        "pct15": 97.15554862842892
      }
    },
    "sbp_sd": 11.598936981656514,
    "dbp_sd": 6.656363470557078,
    "sbp_me_abs": 0.031088202239129777,
    "dbp_me_abs": 0.025524840069831974,
    "sbp_mae": 8.51907985227349,
    "dbp_mae": 4.706567714843429,
    "aami_margin": -3.5989369816565144,
    "aami_pass_both": false,
    "error_signature": [
      0.019231942278030968,
      0.059944055700305865,
      0.07637878299363002,
      0.13298535165610811,
      0.113770837508823,
      0.08722779438291346,
      0.08778549456678024,
      0.1198271129430013,
      0.14643986859189417,
      0.08107566422963305,
      0.05988305724269544,
      0.015450037906184372,
      0.003979814795546769,
      0.01389900461277009,
      0.03525474282939687,
      0.11372385807928416,
      0.1571289841501058,
      0.1477733846634065,
      0.15698158360212255,
      0.18570734921791004,
      0.139857108174661,
      0.036442617833732184,
      0.008818021017584018,
      0.00043353102348004025
    ]
  },
  "final_val_metrics": {
    "sbp": {
      "mae": 9.052030340360853,
      "rmse": 12.199881120419061,
      "me": -0.052659717746936945,
      "sd": 12.19982028803804,
      "pearson_r": 0.8034439781928874,
      "r2": 0.6428273553471138,
      "n": 115488,
      "aami_pass": false,
      "aami_margin": -4.19982028803804,
      "bhs": {
        "grade": "D",
        "pct5": 38.056767802715434,
        "pct10": 65.48472568578553,
        "pct15": 81.84919645331117
      }
    },
    "dbp": {
      "mae": 4.997531991454211,
      "rmse": 6.98916949981439,
      "me": -0.008241981756905785,
      "sd": 6.989194899596384,
      "pearson_r": 0.8215497097614959,
      "r2": 0.6721878990019168,
      "n": 115488,
      "aami_pass": true,
      "aami_margin": 1.0108051004036156,
      "bhs": {
        "grade": "A",
        "pct5": 61.75533388750346,
        "pct10": 88.37281795511221,
        "pct15": 96.54163203103353
      }
    },
    "sbp_sd": 12.19982028803804,
    "dbp_sd": 6.989194899596384,
    "sbp_me_abs": 0.052659717746936945,
    "dbp_me_abs": 0.008241981756905785,
    "sbp_mae": 9.052030340360853,
    "dbp_mae": 4.997531991454211,
    "aami_margin": -4.19982028803804,
    "aami_pass_both": false,
    "error_signature": [
      0.022164867551401218,
      0.06731423190276058,
      0.08028878851821496,
      0.13330310587168442,
      0.11057147341436618,
      0.08002720471548402,
      0.08142231833004901,
      0.11120799400101146,
      0.1428945119718187,
      0.084500287742183,
      0.06673874753675252,
      0.01956646844427393,
      0.004395775893460958,
      0.016213216806256394,
      0.04005618269780992,
      0.12237077112486779,
      0.15476252405972013,
      0.1401186079175987,
      0.14415890686504015,
      0.1793164438433127,
      0.14415023669562504,
      0.04173819556434133,
      0.012233609044720734,
      0.0004855294872461808
    ]
  },
  "history": [
    {
      "epoch": 0,
      "train_loss": 0.3162845828445843,
      "val_aami_margin": -3.6439504607107143,
      "val_sbp_mae": 8.557381317717043,
      "val_dbp_mae": 4.666852645476054
    },
    {
      "epoch": 1,
      "train_loss": 0.2852386005646398,
      "val_aami_margin": -3.6431926803387373,
      "val_sbp_mae": 8.55242030270954,
      "val_dbp_mae": 4.709670391605874
    },
    {
      "epoch": 2,
      "train_loss": 0.27275146111626325,
      "val_aami_margin": -3.5989369816565144,
      "val_sbp_mae": 8.51907985227349,
      "val_dbp_mae": 4.706567714843429
    },
    {
      "epoch": 3,
      "train_loss": 0.26458461333785027,
      "val_aami_margin": -3.7105262525764644,
      "val_sbp_mae": 8.624837580386748,
      "val_dbp_mae": 4.7393007621466285
    },
    {
      "epoch": 4,
      "train_loss": 0.25857250936429277,
      "val_aami_margin": -3.828597011606986,
      "val_sbp_mae": 8.724104177091823,
      "val_dbp_mae": 4.80001020323794
    },
    {
      "epoch": 5,
      "train_loss": 0.2535608024557797,
      "val_aami_margin": -3.7472405214078197,
      "val_sbp_mae": 8.644058222040258,
      "val_dbp_mae": 4.786966665787286
    },
    {
      "epoch": 6,
      "train_loss": 0.24928442500824807,
      "val_aami_margin": -4.106623902525783,
      "val_sbp_mae": 8.96470909669151,
      "val_dbp_mae": 4.913738275203688
    },
    {
      "epoch": 7,
      "train_loss": 0.24574170949704022,
      "val_aami_margin": -3.8483592146369414,
      "val_sbp_mae": 8.772346025053466,
      "val_dbp_mae": 4.80572434769758
    },
    {
      "epoch": 8,
      "train_loss": 0.24268132532090791,
      "val_aami_margin": -4.021329550783543,
      "val_sbp_mae": 8.891690916755604,
      "val_dbp_mae": 4.856986918943086
    },
    {
      "epoch": 9,
      "train_loss": 0.24018576237521996,
      "val_aami_margin": -4.04872847139486,
      "val_sbp_mae": 8.929605654878062,
      "val_dbp_mae": 4.955653531926606
    },
    {
      "epoch": 10,
      "train_loss": 0.23794332219804454,
      "val_aami_margin": -4.041020901941474,
      "val_sbp_mae": 8.903731344111488,
      "val_dbp_mae": 4.94094113423992
    },
    {
      "epoch": 11,
      "train_loss": 0.23615091951580675,
      "val_aami_margin": -3.9421117052806345,
      "val_sbp_mae": 8.836717517378215,
      "val_dbp_mae": 4.880872756813329
    },
    {
      "epoch": 12,
      "train_loss": 0.2345643549510173,
      "val_aami_margin": -4.109765939219233,
      "val_sbp_mae": 8.988803725589937,
      "val_dbp_mae": 5.06293379633281
    },
    {
      "epoch": 13,
      "train_loss": 0.233365977922221,
      "val_aami_margin": -4.172452381617191,
      "val_sbp_mae": 9.053204825948804,
      "val_dbp_mae": 4.972215867304555
    },
    {
      "epoch": 14,
      "train_loss": 0.2323112283638968,
      "val_aami_margin": -4.182150131296305,
      "val_sbp_mae": 9.041844479951596,
      "val_dbp_mae": 4.993397698217956
    },
    {
      "epoch": 15,
      "train_loss": 0.23074689537788803,
      "val_aami_margin": -4.261202041696752,
      "val_sbp_mae": 9.113153353376768,
      "val_dbp_mae": 5.082279487997343
    },
    {
      "epoch": 16,
      "train_loss": 0.229912609401952,
      "val_aami_margin": -4.101413447662836,
      "val_sbp_mae": 8.987805584502606,
      "val_dbp_mae": 4.961772392431156
    },
    {
      "epoch": 17,
      "train_loss": 0.2288965735046533,
      "val_aami_margin": -4.125201515772524,
      "val_sbp_mae": 8.998189713111328,
      "val_dbp_mae": 5.087017411657564
    },
    {
      "epoch": 18,
      "train_loss": 0.22812153250524003,
      "val_aami_margin": -4.144527116124287,
      "val_sbp_mae": 9.028632061081412,
      "val_dbp_mae": 5.084819716857488
    },
    {
      "epoch": 19,
      "train_loss": 0.22743307523388934,
      "val_aami_margin": -3.960515886646725,
      "val_sbp_mae": 8.85473708267499,
      "val_dbp_mae": 4.905436209179013
    },
    {
      "epoch": 20,
      "train_loss": 0.2265135682718817,
      "val_aami_margin": -4.080546470650116,
      "val_sbp_mae": 8.949654069580658,