{
  "name": "seed_resunet_sa_free",
  "best_val_metrics": {
    "sbp": {
      "mae": 13.711893082731711,
      "rmse": 17.78727625180116,
      "me": 1.2422843167491668,
      "sd": 17.743903378712947,
      "pearson_r": 0.5422256810502423,
      "r2": 0.28338383021637104,
      "n": 144360,
      "aami_pass": false,
      "aami_margin": -9.743903378712947,
      "bhs": {
        "grade": "D",
        "pct5": 23.949154890551398,
        "pct10": 46.19977833194791,
        "pct15": 63.596564145192566
      }
    },
    "dbp": {
      "mae": 8.478931334031216,
      "rmse": 11.064713580398998,
      "me": 0.6925605248403719,
      "sd": 11.043056247819097,
      "pearson_r": 0.4708858658011902,
      "r2": 0.19060199649095377,
      "n": 144360,
      "aami_pass": false,
      "aami_margin": -3.043056247819097,
      "bhs": {
        "grade": "D",
        "pct5": 37.18412302576891,
        "pct10": 67.37738985868663,
        "pct15": 85.4869770019396
      }
    },
    "sbp_sd": 17.743903378712947,
    "dbp_sd": 11.043056247819097,
    "sbp_me_abs": 1.2422843167491668,
    "dbp_me_abs": 0.6925605248403719,
    "sbp_mae": 13.711893082731711,
    "dbp_mae": 8.478931334031216,
    "aami_margin": -9.743903378712947,
    "aami_pass_both": false,
    "error_signature": [
      0.05523287043336891,
      0.09429408352252788,
      0.07302312589971853,
      0.09999498664298452,
      0.06952093792747821,
      0.04937440466385441,
      0.05044153351429165,
      0.07827282688878226,
      0.1300536429200656,
      0.10684179993840733,
      0.1328038273399844,
      0.06014596030853631,
      0.018340453362648373,
      0.05232873662385372,
      0.06887410767710783,
      0.12180816275412938,
      0.1029737138722291,
      0.07316004063287088,
      0.07737639675493647,
      0.11997133434451665,
      0.18145638228295508,
      0.11302060865814119,
      0.061735524539749245,
      0.008954538496862084
    ]
  },
  "final_val_metrics": {
    "sbp": {
      "mae": 15.278660267585028,
      "rmse": 19.809477072579597,
      "me": 0.8639591997101199,
      "sd": 19.79069654028237,
      "pearson_r": 0.49347479013766976,
      "r2": 0.11118018971117083,
      "n": 144360,
      "aami_pass": false,
      "aami_margin": -11.790696540282369,
      "bhs": {
        "grade": "D",
        "pct5": 21.885563868107507,
        "pct10": 41.93059019118869,
        "pct15": 58.55361596009975
      }
    },
    "dbp": {
      "mae": 9.039228099418056,
      "rmse": 11.78285595005054,
      "me": -0.11875787556216856,
      "sd": 11.782298271051944,
      "pearson_r": 0.4459510173434461,
      "r2": 0.08212632823992749,
      "n": 144360,
      "aami_pass": false,
      "aami_margin": -3.7822982710519444,
      "bhs": {
        "grade": "D",
        "pct5": 35.53200332502078,
        "pct10": 64.03920753671377,
        "pct15": 82.01787198669992
      }
    },
    "sbp_sd": 19.79069654028237,
    "dbp_sd": 11.782298271051944,
    "sbp_me_abs": 0.8639591997101199,
    "dbp_me_abs": 0.11875787556216856,
    "sbp_mae": 15.278660267585028,
    "dbp_mae": 9.039228099418056,
    "aami_margin": -11.790696540282369,
    "aami_pass_both": false,
    "error_signature": [
      0.06633128512769737,
      0.10740702990768514,
      0.08116136171699817,
      0.09942776434957337,
      0.06616383703660561,
      0.04737324907539532,
      0.04714027781822418,
      0.06933807041556247,
      0.11124377529922246,
      0.09354524010600192,
      0.1305803896444276,
      0.08028771950260637,
      0.020381872876162888,
      0.071862291794329,
      0.08152052810428388,
      0.1341359812823798,
      0.10119909754331236,
      0.0726143390340371,
      0.07461979833992535,
      0.10874742354186397,
      0.15242883404824245,
      0.09920756503815943,
      0.07303214305609715,
      0.010250125341206617
    ]
  },
  "history": [
    {
      "epoch": 0,
      "train_loss": 0.3144009871333821,
      "val_aami_margin": -9.743903378712947,
      "val_sbp_mae": 13.711893082731711,
      "val_dbp_mae": 8.478931334031216
    },
    {
      "epoch": 1,
      "train_loss": 0.2583994092647852,
      "val_aami_margin": -10.567054768049783,
      "val_sbp_mae": 14.529566668591618,
      "val_dbp_mae": 8.527457659555058
    },
    {
      "epoch": 2,
      "train_loss": 0.22764828023150321,
      "val_aami_margin": -11.034598580918857,
      "val_sbp_mae": 14.89263651756785,
      "val_dbp_mae": 10.184409805085302
    },
    {
      "epoch": 3,
      "train_loss": 0.20628768889348867,
      "val_aami_margin": -10.374684362814861,
      "val_sbp_mae": 14.18976327724672,
      "val_dbp_mae": 8.47958303051137
    },
    {
      "epoch": 4,
      "train_loss": 0.19114367008394192,
      "val_aami_margin": -10.555110275841301,
      "val_sbp_mae": 14.355310545703448,
      "val_dbp_mae": 8.712914136857494
    },
    {
      "epoch": 5,
      "train_loss": 0.17998113208799765,
      "val_aami_margin": -10.410425405159465,
      "val_sbp_mae": 14.290061296965359,
      "val_dbp_mae": 8.551916756367746
    },
    {
      "epoch": 6,
      "train_loss": 0.1710652068396055,
      "val_aami_margin": -10.80342604980327,
      "val_sbp_mae": 14.59857496514236,
      "val_dbp_mae": 8.683759238892096
    },
    {
      "epoch": 7,
      "train_loss": 0.16377011272623998,
      "val_aami_margin": -11.006587302323272,
      "val_sbp_mae": 14.707457767984481,
      "val_dbp_mae": 8.770237786169522
    },
    {
      "epoch": 8,
      "train_loss": 0.15769768058411446,
      "val_aami_margin": -11.305667570430376,
      "val_sbp_mae": 15.05960259102788,
      "val_dbp_mae": 9.08195384493323
    },
    {
      "epoch": 9,
      "train_loss": 0.15290755836847786,
      "val_aami_margin": -10.823124991032461,
      "val_sbp_mae": 14.588399658907562,
      "val_dbp_mae": 8.662544001326697
    },
    {
      "epoch": 10,
      "train_loss": 0.14852686804793275,
      "val_aami_margin": -11.028400976185129,
      "val_sbp_mae": 14.762995475212078,
      "val_dbp_mae": 8.960500067731576
    },
    {
      "epoch": 11,
      "train_loss": 0.14460412168795447,
      "val_aami_margin": -10.702415254134031,
      "val_sbp_mae": 14.482442831967077,
      "val_dbp_mae": 8.765455254968053
    },
    {
      "epoch": 12,
      "train_loss": 0.14149967415474424,
      "val_aami_margin": -11.140725353351822,
      "val_sbp_mae": 14.752312155317053,
      "val_dbp_mae": 8.842968536193787
    },
    {
      "epoch": 13,
      "train_loss": 0.13799911092545258,
      "val_aami_margin": -11.000753221028432,
      "val_sbp_mae": 14.642557118794105,
      "val_dbp_mae": 8.961793235757225
    },
    {
      "epoch": 14,
      "train_loss": 0.13520392462417977,
      "val_aami_margin": -11.186479872405435,
      "val_sbp_mae": 14.98586574688713,
      "val_dbp_mae": 8.769125087325476
    },
    {
      "epoch": 15,
      "train_loss": 0.13281274058199716,
      "val_aami_margin": -11.452871330464085,
      "val_sbp_mae": 14.92373980484177,
      "val_dbp_mae": 8.89844309347247
    },
    {
      "epoch": 16,
      "train_loss": 0.13070413525757446,
      "val_aami_margin": -11.062674885602917,
      "val_sbp_mae": 14.777399454587,
      "val_dbp_mae": 8.737789926110302
    },
    {
      "epoch": 17,
      "train_loss": 0.12859728367992795,
      "val_aami_margin": -10.936388675297788,
      "val_sbp_mae": 14.580225780623882,
      "val_dbp_mae": 8.767658964631881
    },
    {
      "epoch": 18,
      "train_loss": 0.12633628656758011,
      "val_aami_margin": -11.134460819694617,
      "val_sbp_mae": 14.726224430313616,
      "val_dbp_mae": 9.021890320734649
    },
    {
      "epoch": 19,
      "train_loss": 0.12457626399383978,
      "val_aami_margin": -11.034703848478248,
      "val_sbp_mae": 14.606074244248806,
      "val_dbp_mae": 8.866081968744751
    },
    {
      "epoch": 20,
      "train_loss": 0.12310908740661129,
      "val_aami_margin": -11.493847940101844,
      "val_sbp_mae": 15.03335221850952,