{
  "name": "lever_wavelet_net_equal_s2",
  "best_val_metrics": {
    "sbp": {
      "mae": 8.66764816040463,
      "rmse": 11.683873231626485,
      "me": -0.09356765041526748,
      "sd": 11.683549151459356,
      "pearson_r": 0.8156116761090155,
      "r2": 0.6645955238242864,
      "n": 115488,
      "aami_pass": false,
      "aami_margin": -3.6835491514593564,
      "bhs": {
        "grade": "D",
        "pct5": 39.37205597118315,
        "pct10": 67.61395123302853,
        "pct15": 83.66064006650042
      }
    },
    "dbp": {
      "mae": 4.540381171526982,
      "rmse": 6.3844162636353055,
      "me": -0.04049781762152583,
      "sd": 6.384315459528264,
      "pearson_r": 0.8630116876726217,
      "r2": 0.7447229491965166,
      "n": 115488,
      "aami_pass": true,
      "aami_margin": 1.6156845404717357,
      "bhs": {
        "grade": "A",
        "pct5": 66.52812413410916,
        "pct10": 90.81203241895261,
        "pct15": 97.23694236630645
      }
    },
    "sbp_sd": 11.683549151459356,
    "dbp_sd": 6.384315459528264,
    "sbp_me_abs": 0.09356765041526748,
    "dbp_me_abs": 0.04049781762152583,
    "sbp_mae": 8.66764816040463,
    "dbp_mae": 4.540381171526982,
    "aami_margin": -3.6835491514593564,
    "aami_pass_both": false,
    "error_signature": [
      0.020452465018961686,
      0.061836885924763524,
      0.07728520988622989,
      0.13898260755851968,
      0.11162547404210801,
      0.08066780000871801,
      0.08500937186696308,
      0.11910553158101216,
      0.14536419510919316,
      0.08427705854147596,
      0.05943943158537117,
      0.015953968876683666,
      0.0028520159158091835,
      0.014329429510129424,
      0.03250778019539343,
      0.1124595819932904,
      0.16468874884055584,
      0.1518503428487218,
      0.16233951992510207,
      0.1871581265116118,
      0.13065527016132528,
      0.03181428088455837,
      0.009050166006397532,
      0.00029473720710490044
    ]
  },
  "final_val_metrics": {
    "sbp": {
      "mae": 9.140344338579004,
      "rmse": 12.265455085207764,
      "me": -0.10060303313383329,
      "sd": 12.265095599252396,
      "pearson_r": 0.7950314339122617,
      "r2": 0.6303739982182486,
      "n": 115488,
      "aami_pass": false,
      "aami_margin": -4.265095599252396,
      "bhs": {
        "grade": "D",
        "pct5": 37.380507065669164,
        "pct10": 65.1600166251039,
        "pct15": 81.74875311720699
      }
    },
    "dbp": {
      "mae": 4.882467703201765,
      "rmse": 6.742210756890318,
      "me": -0.03765755916027194,
      "sd": 6.742134780705821,
      "pearson_r": 0.8470159540907236,
      "r2": 0.7153088074544169,
      "n": 115488,
      "aami_pass": true,
      "aami_margin": 1.257865219294179,
      "bhs": {
        "grade": "A",
        "pct5": 62.56407592130784,
        "pct10": 89.22139096702688,
        "pct15": 96.77109310058188
      }
    },
    "sbp_sd": 12.265095599252396,
    "dbp_sd": 6.742134780705821,
    "sbp_me_abs": 0.10060303313383329,
    "dbp_me_abs": 0.03765755916027194,
    "sbp_mae": 9.140344338579004,
    "dbp_mae": 4.882467703201765,
    "aami_margin": -4.265095599252396,
    "aami_pass_both": false,
    "error_signature": [
      0.022726479315761914,
      0.06674812358177692,
      0.08127072787572003,
      0.1390644091464479,
      0.10599581078722291,
      0.07761389422237738,
      0.07940303717926339,
      0.11375458195147495,
      0.14093209984290453,
      0.08593122709024263,
      0.06717577238610578,
      0.019383836620701693,
      0.0032334405367684667,
      0.016357914994321973,
      0.03790840607852146,
      0.12336485865617171,
      0.1611865773208388,
      0.14006952330591121,
      0.1468224728451676,
      0.17827266659153757,
      0.1435110136359302,
      0.03767435006111463,
      0.010827257990412372,
      0.0007715179833040041
    ]
  },
  "history": [
    {
      "epoch": 0,
      "train_loss": 0.3616203889424159,
      "val_aami_margin": -4.4426665461856025,
      "val_sbp_mae": 9.208387513684158,
      "val_dbp_mae": 4.75542132823073
    },
    {
      "epoch": 1,
      "train_loss": 0.3328635973378373,
      "val_aami_margin": -3.6835491514593564,
      "val_sbp_mae": 8.66764816040463,
      "val_dbp_mae": 4.540381171526982
    },
    {
      "epoch": 2,
      "train_loss": 0.29785602068367306,
      "val_aami_margin": -3.8752543222496314,
      "val_sbp_mae": 8.797963828322983,
      "val_dbp_mae": 4.694596478718891
    },
    {
      "epoch": 3,
      "train_loss": 0.28999457031960735,
      "val_aami_margin": -3.7929761952933276,
      "val_sbp_mae": 8.745041582224971,
      "val_dbp_mae": 4.600613898258858
    },
    {
      "epoch": 4,
      "train_loss": 0.28379503380832155,
      "val_aami_margin": -3.845216543680463,
      "val_sbp_mae": 8.796641090920556,
      "val_dbp_mae": 4.630847490570139
    },
    {
      "epoch": 5,
      "train_loss": 0.2782601042136931,
      "val_aami_margin": -3.8901486930697082,
      "val_sbp_mae": 8.848063807450021,
      "val_dbp_mae": 4.648587281885587
    },
    {
      "epoch": 6,
      "train_loss": 0.27444530360439484,
      "val_aami_margin": -3.8418073777285837,
      "val_sbp_mae": 8.803523310553134,
      "val_dbp_mae": 4.633764897414253
    },
    {
      "epoch": 7,
      "train_loss": 0.2706407629936904,
      "val_aami_margin": -3.8930558378856066,
      "val_sbp_mae": 8.835242414886732,
      "val_dbp_mae": 4.665212174006031
    },
    {
      "epoch": 8,
      "train_loss": 0.2673977527597732,
      "val_aami_margin": -3.9090573511233515,
      "val_sbp_mae": 8.862298086454185,
      "val_dbp_mae": 4.698029909398327
    },
    {
      "epoch": 9,
      "train_loss": 0.26467247656750387,
      "val_aami_margin": -4.059630606548419,
      "val_sbp_mae": 8.999051865348305,
      "val_dbp_mae": 4.773510393399525
    },
    {
      "epoch": 10,
      "train_loss": 0.26261111001647075,
      "val_aami_margin": -4.030355791248015,
      "val_sbp_mae": 8.96819033923481,
      "val_dbp_mae": 4.733129326622072
    },
    {
      "epoch": 11,
      "train_loss": 0.26051296067484914,
      "val_aami_margin": -4.034359129936281,
      "val_sbp_mae": 8.968980855944867,
      "val_dbp_mae": 4.746096869762305
    },
    {
      "epoch": 12,
      "train_loss": 0.2584912975353927,
      "val_aami_margin": -3.957014120643233,
      "val_sbp_mae": 8.89357577489091,
      "val_dbp_mae": 4.723648283240014
    },
    {
      "epoch": 13,
      "train_loss": 0.2576015980854989,
      "val_aami_margin": -3.984052850335148,
      "val_sbp_mae": 8.903639404496117,
      "val_dbp_mae": 4.75615967414691
    },
    {
      "epoch": 14,
      "train_loss": 0.2561236122594392,
      "val_aami_margin": -4.096921888071698,
      "val_sbp_mae": 9.009876204934216,
      "val_dbp_mae": 4.792674976985327
    },
    {
      "epoch": 15,
      "train_loss": 0.2548755022013754,
      "val_aami_margin": -4.0090713924300765,
      "val_sbp_mae": 8.945234383500779,
      "val_dbp_mae": 4.777847373685826
    },
    {
      "epoch": 16,
      "train_loss": 0.2538167049671295,
      "val_aami_margin": -4.0154150958898125,
      "val_sbp_mae": 8.959901168589287,
      "val_dbp_mae": 4.798470630297918
    },
    {
      "epoch": 17,
      "train_loss": 0.2527498825550555,
      "val_aami_margin": -4.028107379975641,
      "val_sbp_mae": 8.959221192074718,
      "val_dbp_mae": 4.777087503222371
    },
    {
      "epoch": 18,
      "train_loss": 0.252087108684355,
      "val_aami_margin": -3.9784426564517847,
      "val_sbp_mae": 8.927507231015568,
      "val_dbp_mae": 4.7711339055498225
    },
    {
      "epoch": 19,
      "train_loss": 0.25101931329565147,
      "val_aami_margin": -4.092428277671534,
      "val_sbp_mae": 9.02424093373302,
      "val_dbp_mae": 4.849808228427102
    },
    {
      "epoch": 20,
      "train_loss": 0.2504122852073545,
      "val_aami_margin": -4.148322608763147,
      "val_sbp_mae": 9.042530620852101,