{
  "name": "iter1_resunet_sa_cal_wide",
  "best_val_metrics": {
    "sbp": {
      "mae": 9.003995672411248,
      "rmse": 12.105673380023143,
      "me": -0.07438869655332393,
      "sd": 12.105497230951325,
      "pearson_r": 0.8166469919742024,
      "r2": 0.6668849075957788,
      "n": 115488,
      "aami_pass": false,
      "aami_margin": -4.105497230951325,
      "bhs": {
        "grade": "D",
        "pct5": 38.0143391521197,
        "pct10": 65.77653089498476,
        "pct15": 82.16611249653644
      }
    },
    "dbp": {
      "mae": 4.714906570128837,
      "rmse": 6.5883974109973344,
      "me": -0.07201345441090275,
      "sd": 6.58803235594911,
      "pearson_r": 0.8449532487250397,
      "r2": 0.7137660720186361,
      "n": 115488,
      "aami_pass": true,
      "aami_margin": 1.4119676440508897,
      "bhs": {
        "grade": "A",
        "pct5": 64.54956359102243,
        "pct10": 89.684642560266,
        "pct15": 96.84036436686063
      }
    },
    "sbp_sd": 12.105497230951325,
    "dbp_sd": 6.58803235594911,
    "sbp_me_abs": 0.07438869655332393,
    "dbp_me_abs": 0.07201345441090275,
    "sbp_mae": 9.003995672411248,
    "dbp_mae": 4.714906570128837,
    "aami_margin": -4.105497230951325,
    "aami_pass_both": false,
    "error_signature": [
      0.02172301628136146,
      0.06612831491833157,
      0.07966268716589199,
      0.13823896189969564,
      0.11064698136407636,
      0.08118879228401252,
      0.07965396656521702,
      0.11136207061942427,
      0.14136093694133653,
      0.0854008424100252,
      0.06515160764273444,
      0.019481821907893014,
      0.0033972042395722297,
      0.01590272902963021,
      0.03746457634609885,
      0.11875482065014863,
      0.1567307108996525,
      0.1466170952170484,
      0.1592352823926024,
      0.1834663616115921,
      0.1328116198251133,
      0.03415403547998509,
      0.010841588019655252,
      0.0006239762889010217
    ]
  },
  "final_val_metrics": {
    "sbp": {
      "mae": 10.735613421616446,
      "rmse": 14.119983871870836,
      "me": -0.11332404600009148,
      "sd": 14.119590237217855,
      "pearson_r": 0.7626472178080111,
      "r2": 0.546805316256548,
      "n": 115488,
      "aami_pass": false,
      "aami_margin": -6.119590237217855,
      "bhs": {
        "grade": "D",
        "pct5": 31.56691604322527,
        "pct10": 57.161783042394006,
        "pct15": 74.69520642837351
      }
    },
    "dbp": {
      "mae": 5.992208198872752,
      "rmse": 8.070202511451527,
      "me": -0.10279769238486257,
      "sd": 8.069582706837933,
      "pearson_r": 0.7771573636317692,
      "r2": 0.5705324046390674,
      "n": 115488,
      "aami_pass": false,
      "aami_margin": -0.06958270683793266,
      "bhs": {
        "grade": "B",
        "pct5": 52.97346910501523,
        "pct10": 82.33063175394845,
        "pct15": 93.9378983097811
      }
    },
    "sbp_sd": 14.119590237217855,
    "dbp_sd": 8.069582706837933,
    "sbp_me_abs": 0.11332404600009148,
    "dbp_me_abs": 0.10279769238486257,
    "sbp_mae": 10.735613421616446,
    "dbp_mae": 5.992208198872752,
    "aami_margin": -6.119590237217855,
    "aami_pass_both": false,
    "error_signature": [
      0.03376998904709748,
      0.08876232201533406,
      0.08774589266155532,
      0.1299539978094195,
      0.09386199342825849,
      0.06492004381161008,
      0.06629572836801753,
      0.09436144578313253,
      0.12905147864184008,
      0.08968236582694414,
      0.0893143483023001,
      0.03228039430449069,
      0.0047339535448295,
      0.028915265699645386,
      0.056738080581253195,
      0.14433356164977415,
      0.1455040446691001,
      0.11382297094601039,
      0.11858293522460268,
      0.15251827254046837,
      0.14962241084821004,
      0.05948654811552234,
      0.022984818401727114,
      0.0027571377788567415
    ]
  },
  "history": [
    {
      "epoch": 0,
      "train_loss": 0.3255443294280439,
      "val_aami_margin": -4.105497230951325,
      "val_sbp_mae": 9.003995672411248,
      "val_dbp_mae": 4.714906570128837
    },
    {
      "epoch": 1,
      "train_loss": 0.2535522764673138,
      "val_aami_margin": -4.677863239934757,
      "val_sbp_mae": 9.581807948927123,
      "val_dbp_mae": 5.101445812936034
    },
    {
      "epoch": 2,
      "train_loss": 0.22059560249233726,
      "val_aami_margin": -4.6592432756706685,
      "val_sbp_mae": 9.562425893165502,
      "val_dbp_mae": 5.3133257225364785
    },
    {
      "epoch": 3,
      "train_loss": 0.19736221253914857,
      "val_aami_margin": -5.117474625338671,
      "val_sbp_mae": 9.90104700298576,
      "val_dbp_mae": 5.355655721967375
    },
    {
      "epoch": 4,
      "train_loss": 0.18128036597982475,
      "val_aami_margin": -4.889011744450052,
      "val_sbp_mae": 9.752622127219253,
      "val_dbp_mae": 5.504995863374177
    },
    {
      "epoch": 5,
      "train_loss": 0.1692832957110555,
      "val_aami_margin": -5.28769764579655,
      "val_sbp_mae": 10.092919926033995,
      "val_dbp_mae": 5.588571967494824
    },
    {
      "epoch": 6,
      "train_loss": 0.1601060314543044,
      "val_aami_margin": -5.2996983917731555,
      "val_sbp_mae": 10.062438298701409,
      "val_dbp_mae": 5.5528585187076205
    },
    {
      "epoch": 7,
      "train_loss": 0.15206078939601428,
      "val_aami_margin": -5.273298457732576,
      "val_sbp_mae": 10.074196003174999,
      "val_dbp_mae": 5.547750926642573
    },
    {
      "epoch": 8,
      "train_loss": 0.14514470971302462,
      "val_aami_margin": -5.228333312450886,
      "val_sbp_mae": 10.013095941597781,
      "val_dbp_mae": 5.642708814563547
    },
    {
      "epoch": 9,
      "train_loss": 0.13921099463478762,
      "val_aami_margin": -5.376107678348928,
      "val_sbp_mae": 10.112534909458619,
      "val_dbp_mae": 5.499572686281292
    },
    {
      "epoch": 10,
      "train_loss": 0.13445676869881942,
      "val_aami_margin": -5.536736027807848,
      "val_sbp_mae": 10.239974187500833,
      "val_dbp_mae": 5.7325724554824555
    },
    {
      "epoch": 11,
      "train_loss": 0.1296862258146373,
      "val_aami_margin": -5.643397706504539,
      "val_sbp_mae": 10.33285569321979,
      "val_dbp_mae": 5.654294632535986
    },
    {
      "epoch": 12,
      "train_loss": 0.12582231606868238,
      "val_aami_margin": -5.69654643973705,
      "val_sbp_mae": 10.433574782949654,
      "val_dbp_mae": 5.769044296391643
    },
    {
      "epoch": 13,
      "train_loss": 0.12253933528812473,
      "val_aami_margin": -5.485648075924386,
      "val_sbp_mae": 10.223633885016982,
      "val_dbp_mae": 5.644777579589336
    },
    {
      "epoch": 14,
      "train_loss": 0.11910409418444709,
      "val_aami_margin": -5.755201714541563,
      "val_sbp_mae": 10.417904108194966,
      "val_dbp_mae": 5.717600937330088
    },
    {
      "epoch": 15,
      "train_loss": 0.11622935054268657,
      "val_aami_margin": -5.675480924112428,
      "val_sbp_mae": 10.4230755843994,
      "val_dbp_mae": 5.769516004991536
    },
    {
      "epoch": 16,
      "train_loss": 0.11357041676999935,
      "val_aami_margin": -5.786372761841751,
      "val_sbp_mae": 10.525596858275415,
      "val_dbp_mae": 5.9207177442005205
    },
    {
      "epoch": 17,
      "train_loss": 0.11142577536740206,
      "val_aami_margin": -5.65794048509332,
      "val_sbp_mae": 10.334023469655067,
      "val_dbp_mae": 5.86606676320542
    },
    {
      "epoch": 18,
      "train_loss": 0.10856422045969268,
      "val_aami_margin": -5.9562513055802135,
      "val_sbp_mae": 10.57137289297975,
      "val_dbp_mae": 5.831972547504072
    },
    {
      "epoch": 19,
      "train_loss": 0.10663977797996452,
      "val_aami_margin": -5.847615666342815,
      "val_sbp_mae": 10.559228416778838,
      "val_dbp_mae": 6.026168941762534
    },
    {
      "epoch": 20,
      "train_loss": 0.10498267824927851,
      "val_aami_margin": -5.838715034947519,
      "val_sbp_mae": 10.52251230585967,