{
  "name": "seed_mamba_ssm_cal",
  "best_val_metrics": {
    "sbp": {
      "mae": 9.189011142560217,
      "rmse": 12.334911560452019,
      "me": -0.017428287664336274,
      "sd": 12.334952651753845,
      "pearson_r": 0.808815114311044,
      "r2": 0.6541494382834006,
      "n": 115488,
      "aami_pass": false,
      "aami_margin": -4.334952651753845,
      "bhs": {
        "grade": "D",
        "pct5": 37.945933776669435,
        "pct10": 64.97125242449432,
        "pct15": 81.1114574674425
      }
    },
    "dbp": {
      "mae": 5.012168484692418,
      "rmse": 6.936157256755579,
      "me": -0.0512990539173587,
      "sd": 6.935997582237964,
      "pearson_r": 0.8263128208681882,
      "r2": 0.682751632085153,
      "n": 115488,
      "aami_pass": true,
      "aami_margin": 1.064002417762036,
      "bhs": {
        "grade": "A",
        "pct5": 62.002978664449984,
        "pct10": 87.81172069825436,
        "pct15": 96.26454696591854
      }
    },
    "sbp_sd": 12.334952651753845,
    "dbp_sd": 6.935997582237964,
    "sbp_me_abs": 0.017428287664336274,
    "dbp_me_abs": 0.0512990539173587,
    "sbp_mae": 9.189011142560217,
    "dbp_mae": 5.012168484692418,
    "aami_margin": -4.334952651753845,
    "aami_pass_both": false,
    "error_signature": [
      0.02607937960179497,
      0.06535093451836362,
      0.07964100553304579,
      0.13416982529516838,
      0.1124558881192001,
      0.07841240796410055,
      0.07979784777588986,
      0.11118372326057596,
      0.13778591033851784,
      0.08277785038992724,
      0.07033503245763081,
      0.022010194745784865,
      0.003614050596708354,
      0.020011613495922276,
      0.04312593709645268,
      0.1185183259232296,
      0.1536448176941144,
      0.1375592591629616,
      0.14771673470095248,
      0.18167321009160795,
      0.13980395725540157,
      0.04147924737612993,
      0.01204683532236118,
      0.0008060112841579782
    ]
  },
  "final_val_metrics": {
    "sbp": {
      "mae": 9.386375255065728,
      "rmse": 12.522487627017005,
      "me": -0.06803734438381603,
      "sd": 12.522357010043805,
      "pearson_r": 0.8022442387816346,
      "r2": 0.6435508135172547,
      "n": 115488,
      "aami_pass": false,
      "aami_margin": -4.522357010043805,
      "bhs": {
        "grade": "D",
        "pct5": 36.799494319756164,
        "pct10": 63.965087281795505,
        "pct15": 80.29925187032418
      }
    },
    "dbp": {
      "mae": 5.06636488648119,
      "rmse": 6.985634287406643,
      "me": -0.06941637000230903,
      "sd": 6.985319625737601,
      "pearson_r": 0.8235902454068479,
      "r2": 0.6782094944602362,
      "n": 115488,
      "aami_pass": true,
      "aami_margin": 1.014680374262399,
      "bhs": {
        "grade": "A",
        "pct5": 61.37434192297035,
        "pct10": 87.71907037960653,
        "pct15": 96.12167497921862
      }
    },
    "sbp_sd": 12.522357010043805,
    "dbp_sd": 6.985319625737601,
    "sbp_me_abs": 0.06803734438381603,
    "dbp_me_abs": 0.06941637000230903,
    "sbp_mae": 9.386375255065728,
    "dbp_mae": 5.06636488648119,
    "aami_margin": -4.522357010043805,
    "aami_pass_both": false,
    "error_signature": [
      0.02666666666666667,
      0.06905446623093682,
      0.08158605664488018,
      0.13596514161220044,
      0.11021350762527234,
      0.07569498910675382,
      0.0763921568627451,
      0.10806100217864924,
      0.13743790849673201,
      0.08280610021786493,
      0.07247058823529412,
      0.023651416122004356,
      0.0037699547605428733,
      0.020557086648293553,
      0.04266548801414383,
      0.1219125370495554,
      0.15487147487563482,
      0.13643769608098036,
      0.1443329346714506,
      0.17864385627372473,
      0.14176763212174787,
      0.04143483611529995,
      0.012791846497842025,
      0.0008146568907839773
    ]
  },
  "history": [
    {
      "epoch": 0,
      "train_loss": 0.3775653139617165,
      "val_aami_margin": -4.939278855746588,
      "val_sbp_mae": 9.690580877183972,
      "val_dbp_mae": 5.125209058157109
    },
    {
      "epoch": 1,
      "train_loss": 0.35383568936819565,
      "val_aami_margin": -4.604674555312812,
      "val_sbp_mae": 9.408834458823316,
      "val_dbp_mae": 5.000045170803319
    },
    {
      "epoch": 2,
      "train_loss": 0.3474612259671916,
      "val_aami_margin": -4.4971768633424745,
      "val_sbp_mae": 9.32348415215687,
      "val_dbp_mae": 5.008943225962255
    },
    {
      "epoch": 3,
      "train_loss": 0.3442420014802122,
      "val_aami_margin": -4.477549194120364,
      "val_sbp_mae": 9.308714521342639,
      "val_dbp_mae": 4.990040209588793
    },
    {
      "epoch": 4,
      "train_loss": 0.3420899194342908,
      "val_aami_margin": -4.413946245144617,
      "val_sbp_mae": 9.244781125920193,
      "val_dbp_mae": 4.969739931993867
    },
    {
      "epoch": 5,
      "train_loss": 0.3405075853525978,
      "val_aami_margin": -4.3719125190584105,
      "val_sbp_mae": 9.230358152161163,
      "val_dbp_mae": 4.988370720264724
    },
    {
      "epoch": 6,
      "train_loss": 0.33897912827296967,
      "val_aami_margin": -4.534486581454956,
      "val_sbp_mae": 9.388613167909527,
      "val_dbp_mae": 5.072791152404057
    },
    {
      "epoch": 7,
      "train_loss": 0.3378076561651591,
      "val_aami_margin": -4.334952651753845,
      "val_sbp_mae": 9.189011142560217,
      "val_dbp_mae": 5.012168484692418
    },
    {
      "epoch": 8,
      "train_loss": 0.3366927056662407,
      "val_aami_margin": -4.407962501135014,
      "val_sbp_mae": 9.266727332260956,
      "val_dbp_mae": 5.037385281411038
    },
    {
      "epoch": 9,
      "train_loss": 0.33581220842406584,
      "val_aami_margin": -4.402428735562573,
      "val_sbp_mae": 9.273032454583864,
      "val_dbp_mae": 4.99572720874767
    },
    {
      "epoch": 10,
      "train_loss": 0.3350375070779852,
      "val_aami_margin": -4.434855392654107,
      "val_sbp_mae": 9.292110335840825,
      "val_dbp_mae": 5.009214163527034
    },
    {
      "epoch": 11,
      "train_loss": 0.33426121548090676,
      "val_aami_margin": -4.46541590931772,
      "val_sbp_mae": 9.336008681312677,
      "val_dbp_mae": 5.068657778625097
    },
    {
      "epoch": 12,
      "train_loss": 0.33352179867418275,
      "val_aami_margin": -4.579240869183607,
      "val_sbp_mae": 9.445126989332433,
      "val_dbp_mae": 5.035313077672498
    },
    {
      "epoch": 13,
      "train_loss": 0.33293823604043116,
      "val_aami_margin": -4.478368182738437,
      "val_sbp_mae": 9.335792112758561,
      "val_dbp_mae": 5.041672065575284
    },
    {
      "epoch": 14,
      "train_loss": 0.3323743173846989,
      "val_aami_margin": -4.465100732830315,
      "val_sbp_mae": 9.334415868546762,
      "val_dbp_mae": 5.029095216820022
    },
    {
      "epoch": 15,
      "train_loss": 0.33196788027619994,
      "val_aami_margin": -4.3678899262621425,
      "val_sbp_mae": 9.234967499976474,
      "val_dbp_mae": 4.982024442463376
    },
    {
      "epoch": 16,
      "train_loss": 0.331417681935237,
      "val_aami_margin": -4.434259806936074,
      "val_sbp_mae": 9.307416230935804,
      "val_dbp_mae": 5.05772843186783
    },
    {
      "epoch": 17,
      "train_loss": 0.33115049291314985,
      "val_aami_margin": -4.453391135266148,
      "val_sbp_mae": 9.298914948181778,
      "val_dbp_mae": 5.044244235105815
    },
    {
      "epoch": 18,
      "train_loss": 0.330767788940069,
      "val_aami_margin": -4.467541043464799,
      "val_sbp_mae": 9.342286399677718,
      "val_dbp_mae": 5.039990999530704
    },
    {
      "epoch": 19,
      "train_loss": 0.3302024193277357,
      "val_aami_margin": -4.482185555091808,
      "val_sbp_mae": 9.354055386901676,
      "val_dbp_mae": 5.038464062886206
    },
    {
      "epoch": 20,
      "train_loss": 0.3299576305905771,
      "val_aami_margin": -4.485875764717248,
      "val_sbp_mae": 9.344771540152315,
      "val_dbp_mae": 5.019025450924798
    },
    {
      "epoch": 21,