{
  "name": "seed_runet_attn_cal",
  "best_val_metrics": {
    "sbp": {
      "mae": 9.282558050307927,
      "rmse": 12.41736127397829,
      "me": -0.055232455626545836,
      "sd": 12.417292196530232,
      "pearson_r": 0.8063469170977923,
      "r2": 0.6495104781548178,
      "n": 115488,
      "aami_pass": false,
      "aami_margin": -4.417292196530232,
      "bhs": {
        "grade": "D",
        "pct5": 36.89993765586035,
        "pct10": 64.33915211970074,
        "pct15": 81.10193266832918
      }
    },
    "dbp": {
      "mae": 5.048258799581212,
      "rmse": 6.979100999029818,
      "me": -0.0689165630300654,
      "sd": 6.978790939793065,
      "pearson_r": 0.8246791634974229,
      "r2": 0.6788111197316397,
      "n": 115488,
      "aami_pass": true,
      "aami_margin": 1.0212090602069352,
      "bhs": {
        "grade": "A",
        "pct5": 61.46699224161818,
        "pct10": 87.66192158492657,
        "pct15": 96.0956982543641
      }
    },
    "sbp_sd": 12.417292196530232,
    "dbp_sd": 6.978790939793065,
    "sbp_me_abs": 0.055232455626545836,
    "dbp_me_abs": 0.0689165630300654,
    "sbp_mae": 9.282558050307927,
    "dbp_mae": 5.048258799581212,
    "aami_margin": -4.417292196530232,
    "aami_pass_both": false,
    "error_signature": [
      0.025486315165360235,
      0.06683291335699151,
      0.08255368867110185,
      0.1333868112896616,
      0.1075953230039498,
      0.07816791497004943,
      0.07763604181743672,
      0.10817079231661275,
      0.1429169318766403,
      0.0862419238113507,
      0.06996311764859751,
      0.021048226072247555,
      0.003865186456247996,
      0.01942992832939015,
      0.0425257173560738,
      0.12311398833510993,
      0.15471145429807,
      0.1407066531471804,
      0.14676442295192782,
      0.17301475877249997,
      0.13906004905146938,
      0.04188440839248109,
      0.01397013580150621,
      0.0009532971080432277
    ]
  },
  "final_val_metrics": {
    "sbp": {
      "mae": 10.609355681878812,
      "rmse": 14.014670318277053,
      "me": 0.02942940884536646,
      "sd": 14.014700094965123,
      "pearson_r": 0.7599201843870967,
      "r2": 0.553540388434105,
      "n": 115488,
      "aami_pass": false,
      "aami_margin": -6.014700094965123,
      "bhs": {
        "grade": "D",
        "pct5": 31.79031587697423,
        "pct10": 57.88220421169299,
        "pct15": 75.43640897755611
      }
    },
    "dbp": {
      "mae": 5.933423382499935,
      "rmse": 8.046528856906823,
      "me": -0.0538217582599041,
      "sd": 8.046383689474748,
      "pearson_r": 0.7734396546269962,
      "r2": 0.5730483650773082,
      "n": 115488,
      "aami_pass": false,
      "aami_margin": -0.046383689474748024,
      "bhs": {
        "grade": "B",
        "pct5": 53.94499861457468,
        "pct10": 82.84930036021059,
        "pct15": 93.71969382100305
      }
    },
    "sbp_sd": 14.014700094965123,
    "dbp_sd": 8.046383689474748,
    "sbp_me_abs": 0.02942940884536646,
    "dbp_me_abs": 0.0538217582599041,
    "sbp_mae": 10.609355681878812,
    "dbp_mae": 5.933423382499935,
    "aami_margin": -6.014700094965123,
    "aami_pass_both": false,
    "error_signature": [
      0.03320654841197504,
      0.08453691369277151,
      0.08642115964383369,
      0.12859321320900233,
      0.09292399915866227,
      0.06615894271892309,
      0.06652702797447942,
      0.09614912711210825,
      0.13549042978335554,
      0.09125008763934656,
      0.0883579892028325,
      0.030384561452709808,
      0.004758479020221369,
      0.028368855798150346,
      0.05457949433576313,
      0.13904466382949218,
      0.14818891768438022,
      0.11868461425116796,
      0.11885796503514687,
      0.15425619512364244,
      0.15028646217052516,
      0.05423279276780529,
      0.025161866294540317,
      0.0035796936891647094
    ]
  },
  "history": [
    {
      "epoch": 0,
      "train_loss": 0.3200918407513114,
      "val_aami_margin": -4.441969950154334,
      "val_sbp_mae": 9.275279373128907,
      "val_dbp_mae": 4.694292273031664
    },
    {
      "epoch": 1,
      "train_loss": 0.29546733124747876,
      "val_aami_margin": -4.417292196530232,
      "val_sbp_mae": 9.282558050307927,
      "val_dbp_mae": 5.048258799581212
    },
    {
      "epoch": 2,
      "train_loss": 0.2816413917431054,
      "val_aami_margin": -4.425994325738051,
      "val_sbp_mae": 9.289946361027619,
      "val_dbp_mae": 5.142900965925249
    },
    {
      "epoch": 3,
      "train_loss": 0.27085842769194585,
      "val_aami_margin": -4.894656403326307,
      "val_sbp_mae": 9.670637538052212,
      "val_dbp_mae": 5.275384726307589
    },
    {
      "epoch": 4,
      "train_loss": 0.26096656073636626,
      "val_aami_margin": -6.31610319939319,
      "val_sbp_mae": 10.528044808282782,
      "val_dbp_mae": 5.778690013336257
    },
    {
      "epoch": 5,
      "train_loss": 0.25259388931889126,
      "val_aami_margin": -4.748057061636485,
      "val_sbp_mae": 9.575689524015395,
      "val_dbp_mae": 5.190561332126205
    },
    {
      "epoch": 6,
      "train_loss": 0.2454634318195319,
      "val_aami_margin": -5.439668470416267,
      "val_sbp_mae": 10.171717643358026,
      "val_dbp_mae": 5.303787736981875
    },
    {
      "epoch": 7,
      "train_loss": 0.238648147906959,
      "val_aami_margin": -5.006371347158272,
      "val_sbp_mae": 9.763514482476536,
      "val_dbp_mae": 5.137013784367979
    },
    {
      "epoch": 8,
      "train_loss": 0.23234304876641557,
      "val_aami_margin": -5.2081807172971075,
      "val_sbp_mae": 9.906740766452721,
      "val_dbp_mae": 5.3688622935954395
    },
    {
      "epoch": 9,
      "train_loss": 0.22727141048910743,
      "val_aami_margin": -5.271257742121916,
      "val_sbp_mae": 10.076245804605433,
      "val_dbp_mae": 5.477402691505388
    },
    {
      "epoch": 10,
      "train_loss": 0.2227810655034039,
      "val_aami_margin": -5.081183964803849,
      "val_sbp_mae": 9.885547418659158,
      "val_dbp_mae": 5.256771470150048
    },
    {
      "epoch": 11,
      "train_loss": 0.2188197749862052,
      "val_aami_margin": -5.859802025383136,
      "val_sbp_mae": 10.366328277934368,
      "val_dbp_mae": 5.383308683168113
    },
    {
      "epoch": 12,
      "train_loss": 0.21506119112799071,
      "val_aami_margin": -4.9007338865223655,
      "val_sbp_mae": 9.790300140455326,
      "val_dbp_mae": 5.5623964661987495
    },
    {
      "epoch": 13,
      "train_loss": 0.21214151298964776,
      "val_aami_margin": -4.898867949187208,
      "val_sbp_mae": 9.762111345281287,
      "val_dbp_mae": 5.474136491018611
    },
    {
      "epoch": 14,
      "train_loss": 0.2090398440193036,
      "val_aami_margin": -5.399139523466323,
      "val_sbp_mae": 10.108139549112252,
      "val_dbp_mae": 5.571463655882981
    },
    {
      "epoch": 15,
      "train_loss": 0.20636501897402643,
      "val_aami_margin": -5.4630856773351155,
      "val_sbp_mae": 10.122979679219242,
      "val_dbp_mae": 5.586494763062163
    },
    {
      "epoch": 16,
      "train_loss": 0.20366890442027202,
      "val_aami_margin": -5.4497929060621715,
      "val_sbp_mae": 10.194525138197658,
      "val_dbp_mae": 5.586445304064814
    },
    {
      "epoch": 17,
      "train_loss": 0.20129267596576214,
      "val_aami_margin": -5.527707362170554,
      "val_sbp_mae": 10.197157714418355,
      "val_dbp_mae": 5.552451495687754
    },
    {
      "epoch": 18,
      "train_loss": 0.19965538946009787,
      "val_aami_margin": -5.6628193002316145,
      "val_sbp_mae": 10.349347898217156,
      "val_dbp_mae": 5.712875173375573
    },
    {
      "epoch": 19,
      "train_loss": 0.19769002507435277,
      "val_aami_margin": -6.150154615960508,
      "val_sbp_mae": 10.680487175705,
      "val_dbp_mae": 5.881547604614273
    },
    {
      "epoch": 20,
      "train_loss": 0.19602914972334629,
      "val_aami_margin": -4.900857795358821,
      "val_sbp_mae": 9.748527459441455,