{
  "name": "lever_resunet_sa_apg_s1",
  "best_val_metrics": {
    "sbp": {
      "mae": 8.523819358925094,
      "rmse": 11.600173017045638,
      "me": -0.03366515214319814,
      "sd": 11.600174389234688,
      "pearson_r": 0.8228741761763465,
      "r2": 0.6770792700630747,
      "n": 115488,
      "aami_pass": false,
      "aami_margin": -3.600174389234688,
      "bhs": {
        "grade": "D",
        "pct5": 40.83800914380715,
        "pct10": 68.27289415350512,
        "pct15": 83.83814768633971
      }
    },
    "dbp": {
      "mae": 4.6701258347006185,
      "rmse": 6.654603297708641,
      "me": -0.02893827090223539,
      "sd": 6.654569187506269,
      "pearson_r": 0.8387220669592576,
      "r2": 0.7028209589168388,
      "n": 115488,
      "aami_pass": true,
      "aami_margin": 1.3454308124937313,
      "bhs": {
        "grade": "A",
        "pct5": 65.28124134109171,
        "pct10": 90.2266902188972,
        "pct15": 97.08281379883624
      }
    },
    "sbp_sd": 11.600174389234688,
    "dbp_sd": 6.654569187506269,
    "sbp_me_abs": 0.03366515214319814,
    "dbp_me_abs": 0.02893827090223539,
    "sbp_mae": 8.523819358925094,
    "dbp_mae": 4.6701258347006185,
    "aami_margin": -3.600174389234688,
    "aami_pass_both": false,
    "error_signature": [
      0.01984666318173898,
      0.06028053667886391,
      0.07590172503920543,
      0.1310855549747343,
      0.11349538247081373,
      0.08704478132078759,
      0.08789858860428647,
      0.12246035894755183,
      0.1449555671719812,
      0.08071092524830109,
      0.06138700121972469,
      0.014932915142010804,
      0.003962610987791343,
      0.014159614317425084,
      0.034414886237513875,
      0.11365843507214206,
      0.15914608768035515,
      0.14959940344062153,
      0.1585911487236404,
      0.1863814511653718,
      0.13614213374028858,
      0.03424146781354051,
      0.009095796337402885,
      0.0006069644839067702
    ]
  },
  "final_val_metrics": {
    "sbp": {
      "mae": 10.161825883601225,
      "rmse": 13.572820135457443,
      "me": -0.060951886705704325,
      "sd": 13.572742038189554,
      "pearson_r": 0.7639934308795465,
      "r2": 0.557913574577098,
      "n": 115488,
      "aami_pass": false,
      "aami_margin": -5.5727420381895545,
      "bhs": {
        "grade": "D",
        "pct5": 33.59656414519257,
        "pct10": 60.31795511221946,
        "pct15": 77.59247714048213
      }
    },
    "dbp": {
      "mae": 5.832878952095619,
      "rmse": 7.964786134140709,
      "me": -0.0013135668673697819,
      "sd": 7.964820509222596,
      "pearson_r": 0.7759292715253377,
      "r2": 0.5742819414045295,
      "n": 115488,
      "aami_pass": true,
      "aami_margin": 0.0351794907774039,
      "bhs": {
        "grade": "B",
        "pct5": 54.48877805486284,
        "pct10": 83.2640620670546,
        "pct15": 94.38036852313661
      }
    },
    "sbp_sd": 13.572742038189554,
    "dbp_sd": 7.964820509222596,
    "sbp_me_abs": 0.060951886705704325,
    "dbp_me_abs": 0.0013135668673697819,
    "sbp_mae": 10.161825883601225,
    "dbp_mae": 5.832878952095619,
    "aami_margin": -5.5727420381895545,
    "aami_pass_both": false,
    "error_signature": [
      0.029963137110684983,
      0.07902317721330566,
      0.08565149246543557,
      0.13055241797788228,
      0.10028281979213183,
      0.06948785976341205,
      0.07034595077359532,
      0.09961736145770399,
      0.13965868992268424,
      0.0890313203218717,
      0.07891810484471179,
      0.027467668356580596,
      0.005037586813834722,
      0.024797759531096912,
      0.05433830733614837,
      0.13499171962924747,
      0.14501486998517338,
      0.12013040500117052,
      0.12271422749776734,
      0.15776057156234555,
      0.1531478414677499,
      0.056974153104488744,
      0.023176367561755958,
      0.0019161905092211248
    ]
  },
  "history": [
    {
      "epoch": 0,
      "train_loss": 0.32706595740111666,
      "val_aami_margin": -3.600174389234688,
      "val_sbp_mae": 8.523819358925094,
      "val_dbp_mae": 4.6701258347006185
    },
    {
      "epoch": 1,
      "train_loss": 0.2623960441398499,
      "val_aami_margin": -3.8326162840843487,
      "val_sbp_mae": 8.737927929591027,
      "val_dbp_mae": 4.861087989746162
    },
    {
      "epoch": 2,
      "train_loss": 0.2271298952710334,
      "val_aami_margin": -4.449582095432449,
      "val_sbp_mae": 9.236346404814878,
      "val_dbp_mae": 5.112523897864858
    },
    {
      "epoch": 3,
      "train_loss": 0.2046070617610106,
      "val_aami_margin": -4.265267224930994,
      "val_sbp_mae": 9.099427040557886,
      "val_dbp_mae": 5.116005423529071
    },
    {
      "epoch": 4,
      "train_loss": 0.18923956625123095,
      "val_aami_margin": -4.729722837089334,
      "val_sbp_mae": 9.48213693656918,
      "val_dbp_mae": 5.452812383616498
    },
    {
      "epoch": 5,
      "train_loss": 0.17784381812828734,
      "val_aami_margin": -4.553861458962686,
      "val_sbp_mae": 9.296830496712932,
      "val_dbp_mae": 5.261628163018661
    },
    {
      "epoch": 6,
      "train_loss": 0.1691864324756529,
      "val_aami_margin": -4.639577610196259,
      "val_sbp_mae": 9.405329211851317,
      "val_dbp_mae": 5.386325109931754
    },
    {
      "epoch": 7,
      "train_loss": 0.161802178715921,
      "val_aami_margin": -5.154231832343967,
      "val_sbp_mae": 9.822723517267294,
      "val_dbp_mae": 5.59575309186937
    },
    {
      "epoch": 8,
      "train_loss": 0.1561106734987665,
      "val_aami_margin": -4.861341303942023,
      "val_sbp_mae": 9.59004296574786,
      "val_dbp_mae": 5.5749342113154485
    },
    {
      "epoch": 9,
      "train_loss": 0.15155076448158772,
      "val_aami_margin": -5.047470850227491,
      "val_sbp_mae": 9.732886798563948,
      "val_dbp_mae": 5.54964043268185
    },
    {
      "epoch": 10,
      "train_loss": 0.14695224419127187,
      "val_aami_margin": -4.9900005051598075,
      "val_sbp_mae": 9.727332999222968,
      "val_dbp_mae": 5.70093416953652
    },
    {
      "epoch": 11,
      "train_loss": 0.1436192817993443,
      "val_aami_margin": -4.810219414477299,
      "val_sbp_mae": 9.573894898998663,
      "val_dbp_mae": 5.575466330785504
    },
    {
      "epoch": 12,
      "train_loss": 0.1403129579303046,
      "val_aami_margin": -5.029819189192077,
      "val_sbp_mae": 9.762083819558269,
      "val_dbp_mae": 5.6085419171077335
    },
    {
      "epoch": 13,
      "train_loss": 0.13755539519654322,
      "val_aami_margin": -5.090269778050304,
      "val_sbp_mae": 9.769208877734108,
      "val_dbp_mae": 5.556076106648489
    },
    {
      "epoch": 14,
      "train_loss": 0.13536834575390255,
      "val_aami_margin": -5.127852610157843,
      "val_sbp_mae": 9.784017012110406,
      "val_dbp_mae": 5.60780973527224
    },
    {
      "epoch": 15,
      "train_loss": 0.1328946935062687,
      "val_aami_margin": -5.009743541761484,
      "val_sbp_mae": 9.706443018639266,
      "val_dbp_mae": 5.604635182691477
    },
    {
      "epoch": 16,
      "train_loss": 0.13114417690561203,
      "val_aami_margin": -4.958747552897684,
      "val_sbp_mae": 9.655900531792128,
      "val_dbp_mae": 5.552851567504537
    },
    {
      "epoch": 17,
      "train_loss": 0.12930832285845634,
      "val_aami_margin": -5.473379090174626,
      "val_sbp_mae": 10.050213010161995,
      "val_dbp_mae": 5.690744329898124
    },
    {
      "epoch": 18,
      "train_loss": 0.12790254784237448,
      "val_aami_margin": -5.143555945339653,
      "val_sbp_mae": 9.836545229679798,
      "val_dbp_mae": 5.562161364114649
    },
    {
      "epoch": 19,
      "train_loss": 0.12630616742293904,
      "val_aami_margin": -5.227211537384633,
      "val_sbp_mae": 9.903358037497469,
      "val_dbp_mae": 5.614758873857287
    },
    {
      "epoch": 20,
      "train_loss": 0.12497440730849642,
      "val_aami_margin": -5.262118866224247,
      "val_sbp_mae": 9.96219990091567,