{
  "name": "lever_resunet_sa_raw_s0",
  "best_val_metrics": {
    "sbp": {
      "mae": 8.927323097014995,
      "rmse": 12.030942259092571,
      "me": -0.04405428348287514,
      "sd": 12.030913688373182,
      "pearson_r": 0.8192946999129902,
      "r2": 0.6709850059658214,
      "n": 115488,
      "aami_pass": false,
      "aami_margin": -4.030913688373182,
      "bhs": {
        "grade": "D",
        "pct5": 38.51915350512608,
        "pct10": 66.1557910778609,
        "pct15": 82.61897339983375
      }
    },
    "dbp": {
      "mae": 4.749860123027841,
      "rmse": 6.623714358839685,
      "me": -0.053546095809623974,
      "sd": 6.623526598345752,
      "pearson_r": 0.8430418935278013,
      "r2": 0.7106891468256233,
      "n": 115488,
      "aami_pass": true,
      "aami_margin": 1.3764734016542484,
      "bhs": {
        "grade": "A",
        "pct5": 64.01184538653366,
        "pct10": 89.54003879190911,
        "pct15": 96.84382793017457
      }
    },
    "sbp_sd": 12.030913688373182,
    "dbp_sd": 6.623526598345752,
    "sbp_me_abs": 0.04405428348287514,
    "dbp_me_abs": 0.053546095809623974,
    "sbp_mae": 8.927323097014995,
    "dbp_mae": 4.749860123027841,
    "aami_margin": -4.030913688373182,
    "aami_pass_both": false,
    "error_signature": [
      0.021440097692878014,
      0.06340442234724585,
      0.08099786296829342,
      0.13462427493567097,
      0.11141349382877579,
      0.08047450826464303,
      0.08111125648741768,
      0.11502464128396354,
      0.14377425967115878,
      0.08484452004012386,
      0.06403244799162633,
      0.018858214488202713,
      0.0037438577334061307,
      0.016448708282418602,
      0.037767898153203514,
      0.118676823614036,
      0.15141824610664795,
      0.14710241010841588,
      0.15704269904410298,
      0.1851042993699573,
      0.13682413401624072,
      0.03533265735902036,
      0.009896957248957873,
      0.0006413089635927168
    ]
  },
  "final_val_metrics": {
    "sbp": {
      "mae": 10.503172813178006,
      "rmse": 13.79545751157758,
      "me": -0.02185626688200767,
      "sd": 13.795499925140629,
      "pearson_r": 0.7692322982751311,
      "r2": 0.5673979020211448,
      "n": 115488,
      "aami_pass": false,
      "aami_margin": -5.7954999251406285,
      "bhs": {
        "grade": "D",
        "pct5": 31.93665142698808,
        "pct10": 58.01295372679412,
        "pct15": 75.82692574120254
      }
    },
    "dbp": {
      "mae": 5.85762520562124,
      "rmse": 7.855602514362891,
      "me": -0.06761113517561157,
      "sd": 7.855345562646486,
      "pearson_r": 0.7836316459250573,
      "r2": 0.5930692248946046,
      "n": 115488,
      "aami_pass": true,
      "aami_margin": 0.14465443735351435,
      "bhs": {
        "grade": "B",
        "pct5": 53.74064837905237,
        "pct10": 83.05798004987531,
        "pct15": 94.41500415627597
      }
    },
    "sbp_sd": 13.795499925140629,
    "dbp_sd": 7.855345562646486,
    "sbp_me_abs": 0.02185626688200767,
    "dbp_me_abs": 0.06761113517561157,
    "sbp_mae": 10.503172813178006,
    "dbp_mae": 5.85762520562124,
    "aami_margin": -5.7954999251406285,
    "aami_pass_both": false,
    "error_signature": [
      0.030959589772309632,
      0.0843644446000105,
      0.08880099406709953,
      0.13111009993174538,
      0.0952589299777735,
      0.06615446542641629,
      0.06743205166348729,
      0.09390258842471867,
      0.132413937940811,
      0.09122490768126848,
      0.08761091373667723,
      0.030767076777682492,
      0.0042905434688393865,
      0.026098639160960387,
      0.055846407211580136,
      0.14219467799254573,
      0.14763803415099247,
      0.11774291410245298,
      0.1179422726878738,
      0.1546329201698882,
      0.1512784952760683,
      0.05783999306578833,
      0.0224928490942186,
      0.0020022536187917135
    ]
  },
  "history": [
    {
      "epoch": 0,
      "train_loss": 0.32904752686324146,
      "val_aami_margin": -4.030913688373182,
      "val_sbp_mae": 8.927323097014995,
      "val_dbp_mae": 4.749860123027841
    },
    {
      "epoch": 1,
      "train_loss": 0.26008744604879797,
      "val_aami_margin": -4.449251411529307,
      "val_sbp_mae": 9.299030477723681,
      "val_dbp_mae": 5.074682461878024
    },
    {
      "epoch": 2,
      "train_loss": 0.23110163309589188,
      "val_aami_margin": -4.487961886916594,
      "val_sbp_mae": 9.44902378279236,
      "val_dbp_mae": 5.191836333142354
    },
    {
      "epoch": 3,
      "train_loss": 0.21067591298796393,
      "val_aami_margin": -4.642453307116174,
      "val_sbp_mae": 9.571448604347617,
      "val_dbp_mae": 5.238815348202817
    },
    {
      "epoch": 4,
      "train_loss": 0.19545489228344487,
      "val_aami_margin": -4.811253170470586,
      "val_sbp_mae": 9.695606952801795,
      "val_dbp_mae": 5.43823597957048
    },
    {
      "epoch": 5,
      "train_loss": 0.18415654898697212,
      "val_aami_margin": -4.917167852743891,
      "val_sbp_mae": 9.808219720566253,
      "val_dbp_mae": 5.388877633622805
    },
    {
      "epoch": 6,
      "train_loss": 0.1755725673040569,
      "val_aami_margin": -4.889256811626639,
      "val_sbp_mae": 9.754233693952099,
      "val_dbp_mae": 5.4043958418347104
    },
    {
      "epoch": 7,
      "train_loss": 0.1688295734519244,
      "val_aami_margin": -5.019577836087294,
      "val_sbp_mae": 9.88222350177144,
      "val_dbp_mae": 5.437751615956311
    },
    {
      "epoch": 8,
      "train_loss": 0.1630154661252099,
      "val_aami_margin": -5.197047535513978,
      "val_sbp_mae": 10.030642783925543,
      "val_dbp_mae": 5.416338356873043
    },
    {
      "epoch": 9,
      "train_loss": 0.1580944802646334,
      "val_aami_margin": -4.8885339168616895,
      "val_sbp_mae": 9.80081382669112,
      "val_dbp_mae": 5.525465636832708
    },
    {
      "epoch": 10,
      "train_loss": 0.15393611117842376,
      "val_aami_margin": -5.130773178306574,
      "val_sbp_mae": 9.985265302054787,
      "val_dbp_mae": 5.484195198789281
    },
    {
      "epoch": 11,
      "train_loss": 0.15017703274219724,
      "val_aami_margin": -5.248205108413952,
      "val_sbp_mae": 10.036229337574623,
      "val_dbp_mae": 5.539863649488943
    },
    {
      "epoch": 12,
      "train_loss": 0.14763426013347858,
      "val_aami_margin": -5.19774982233273,
      "val_sbp_mae": 10.021523486967357,
      "val_dbp_mae": 5.515012127748202
    },
    {
      "epoch": 13,
      "train_loss": 0.14444696875814456,
      "val_aami_margin": -5.246717688670621,
      "val_sbp_mae": 10.08231193967153,
      "val_dbp_mae": 5.6066117405479154
    },
    {
      "epoch": 14,
      "train_loss": 0.14221774346843258,
      "val_aami_margin": -5.175284885177996,
      "val_sbp_mae": 9.983108439007895,
      "val_dbp_mae": 5.526132473926211
    },
    {
      "epoch": 15,
      "train_loss": 0.14008677294939198,
      "val_aami_margin": -5.304282634570187,
      "val_sbp_mae": 10.116624146783426,
      "val_dbp_mae": 5.657304174672357
    },
    {
      "epoch": 16,
      "train_loss": 0.13802307771373704,
      "val_aami_margin": -5.296585334584684,
      "val_sbp_mae": 10.144453176424134,
      "val_dbp_mae": 5.651927204304049
    },
    {
      "epoch": 17,
      "train_loss": 0.136551153588147,
      "val_aami_margin": -5.070775968073283,
      "val_sbp_mae": 9.921956621180097,
      "val_dbp_mae": 5.597675388215199
    },
    {
      "epoch": 18,
      "train_loss": 0.13440934513980107,
      "val_aami_margin": -5.503173602663985,
      "val_sbp_mae": 10.269486064441915,
      "val_dbp_mae": 5.71944475240959
    },
    {
      "epoch": 19,
      "train_loss": 0.13322863698329362,
      "val_aami_margin": -5.177698234231951,
      "val_sbp_mae": 9.97009180880767,
      "val_dbp_mae": 5.566728045391973
    },
    {
      "epoch": 20,
      "train_loss": 0.13191860575432474,
      "val_aami_margin": -5.457069053690454,
      "val_sbp_mae": 10.204584970021925,