{
  "name": "iter1_mamba_ssm_free_deep",
  "best_val_metrics": {
    "sbp": {
      "mae": 15.173184674147182,
      "rmse": 19.444788057026127,
      "me": 0.9894177195303928,
      "sd": 19.419666514665504,
      "pearson_r": 0.38582057172362233,
      "r2": 0.14360498457630833,
      "n": 144360,
      "aami_pass": false,
      "aami_margin": -11.419666514665504,
      "bhs": {
        "grade": "D",
        "pct5": 21.54544195067886,
        "pct10": 41.24411194236631,
        "pct15": 58.04031587697423
      }
    },
    "dbp": {
      "mae": 8.78532297050059,
      "rmse": 11.312125169065622,
      "me": 0.624475042884459,
      "sd": 11.294914364005988,
      "pearson_r": 0.40254771136186324,
      "r2": 0.1540003563836121,
      "n": 144360,
      "aami_pass": false,
      "aami_margin": -3.2949143640059884,
      "bhs": {
        "grade": "D",
        "pct5": 35.36021058464949,
        "pct10": 65.4031587697423,
        "pct15": 83.80091438071487
      }
    },
    "sbp_sd": 19.419666514665504,
    "dbp_sd": 11.294914364005988,
    "sbp_me_abs": 0.9894177195303928,
    "dbp_me_abs": 0.624475042884459,
    "sbp_mae": 15.173184674147182,
    "dbp_mae": 8.78532297050059,
    "aami_margin": -11.419666514665504,
    "aami_pass_both": false,
    "error_signature": [
      0.06679508161107651,
      0.10077193795530581,
      0.07253754688835141,
      0.08929424884498964,
      0.06190710675337089,
      0.04462177936767709,
      0.04621489709907744,
      0.07248685677871594,
      0.11663070082697294,
      0.10304575144466813,
      0.1451619911075065,
      0.08053210132228772,
      0.020717713331942417,
      0.0589957577022046,
      0.07077682731761596,
      0.12203213018986021,
      0.09586202100285138,
      0.06816885736142986,
      0.0722651088392795,
      0.11870783781904166,
      0.17958828847625008,
      0.11393003685930872,
      0.07283538493636553,
      0.006120036163850059
    ]
  },
  "final_val_metrics": {
    "sbp": {
      "mae": 15.372763205986717,
      "rmse": 19.6864512493711,
      "me": 0.843721162440906,
      "sd": 19.66843097792236,
      "pearson_r": 0.3697303673645437,
      "r2": 0.12218585521181424,
      "n": 144360,
      "aami_pass": false,
      "aami_margin": -11.668430977922359,
      "bhs": {
        "grade": "D",
        "pct5": 21.31476863397063,
        "pct10": 40.75852036575229,
        "pct15": 57.26517040731505
      }
    },
    "dbp": {
      "mae": 8.887354077434754,
      "rmse": 11.477620961437006,
      "me": 0.5674483078109227,
      "sd": 11.463624892616574,
      "pearson_r": 0.3911064616075204,
      "r2": 0.12906542255338993,
      "n": 144360,
      "aami_pass": false,
      "aami_margin": -3.463624892616574,
      "bhs": {
        "grade": "D",
        "pct5": 35.36090329731228,
        "pct10": 64.78595178719867,
        "pct15": 83.13660293710169
      }
    },
    "sbp_sd": 19.66843097792236,
    "dbp_sd": 11.463624892616574,
    "sbp_me_abs": 0.843721162440906,
    "dbp_me_abs": 0.5674483078109227,
    "sbp_mae": 15.372763205986717,
    "dbp_mae": 8.887354077434754,
    "aami_margin": -11.668430977922359,
    "aami_pass_both": false,
    "error_signature": [
      0.07054664760065908,
      0.10278949240384126,
      0.07000950880835033,
      0.08803995151233604,
      0.062228254952201904,
      0.04411070866027423,
      0.0463536260497797,
      0.07065552708558653,
      0.11570259931623683,
      0.10295644094739669,
      0.1456154231419716,
      0.08099181952136579,
      0.021304417380175692,
      0.06127019676851704,
      0.07216932247362161,
      0.12121886585102905,
      0.09757047568041287,
      0.07078519610775319,
      0.07204412511389482,
      0.1146529598742462,
      0.17423299228645156,
      0.11208641399984698,
      0.07393599632754412,
      0.008729038136506854
    ]
  },
  "history": [
    {
      "epoch": 0,
      "train_loss": 0.8849465372054286,
      "val_aami_margin": -11.643515945303218,
      "val_sbp_mae": 15.400887856285573,
      "val_dbp_mae": 8.760687317132598
    },
    {
      "epoch": 1,
      "train_loss": 0.8208975305376779,
      "val_aami_margin": -11.484789769374686,
      "val_sbp_mae": 15.243868896680844,
      "val_dbp_mae": 8.842927057124566
    },
    {
      "epoch": 2,
      "train_loss": 0.8077389481926948,
      "val_aami_margin": -11.465122475151297,
      "val_sbp_mae": 15.17502231443607,
      "val_dbp_mae": 8.742653824142423
    },
    {
      "epoch": 3,
      "train_loss": 0.8004953737178584,
      "val_aami_margin": -11.419666514665504,
      "val_sbp_mae": 15.173184674147182,
      "val_dbp_mae": 8.78532297050059
    },
    {
      "epoch": 4,
      "train_loss": 0.7944169314773255,
      "val_aami_margin": -11.582087433432957,
      "val_sbp_mae": 15.239568877761606,
      "val_dbp_mae": 8.777313376754373
    },
    {
      "epoch": 5,
      "train_loss": 0.7883451509823176,
      "val_aami_margin": -11.437055574844162,
      "val_sbp_mae": 15.147902438624957,
      "val_dbp_mae": 8.788389144987683
    },
    {
      "epoch": 6,
      "train_loss": 0.7831412908620823,
      "val_aami_margin": -11.478174460304686,
      "val_sbp_mae": 15.188620508054282,
      "val_dbp_mae": 8.834874130983996
    },
    {
      "epoch": 7,
      "train_loss": 0.778651172036965,
      "val_aami_margin": -11.447942896417167,
      "val_sbp_mae": 15.15975026749666,
      "val_dbp_mae": 8.791780278188376
    },
    {
      "epoch": 8,
      "train_loss": 0.7745717213533808,
      "val_aami_margin": -11.552247918091584,
      "val_sbp_mae": 15.297769982644544,
      "val_dbp_mae": 8.83891174974545
    },
    {
      "epoch": 9,
      "train_loss": 0.7710777098821006,
      "val_aami_margin": -11.553321088758267,
      "val_sbp_mae": 15.241302441345546,
      "val_dbp_mae": 8.823226936250874
    },
    {
      "epoch": 10,
      "train_loss": 0.7683678835673355,
      "val_aami_margin": -11.531967871855173,
      "val_sbp_mae": 15.224872174957031,
      "val_dbp_mae": 8.79724198773174
    },
    {
      "epoch": 11,
      "train_loss": 0.7649263916094367,
      "val_aami_margin": -11.620246649789017,
      "val_sbp_mae": 15.272549546660686,
      "val_dbp_mae": 8.780336900050315
    },
    {
      "epoch": 12,
      "train_loss": 0.7621222261604074,
      "val_aami_margin": -11.624923503100522,
      "val_sbp_mae": 15.262215554715464,
      "val_dbp_mae": 8.831840931093092
    },
    {
      "epoch": 13,
      "train_loss": 0.7604067771850689,
      "val_aami_margin": -11.78098744316448,
      "val_sbp_mae": 15.473949640420166,
      "val_dbp_mae": 8.947422188820086
    },
    {
      "epoch": 14,
      "train_loss": 0.758095680696267,
      "val_aami_margin": -11.623620237497498,
      "val_sbp_mae": 15.303758312983543,
      "val_dbp_mae": 8.864864064425996
    },
    {
      "epoch": 15,
      "train_loss": 0.7558519393486391,
      "val_aami_margin": -11.56938033684121,
      "val_sbp_mae": 15.275093551885515,
      "val_dbp_mae": 8.850522011783811
    },
    {
      "epoch": 16,
      "train_loss": 0.7544583712430852,
      "val_aami_margin": -11.544045016851051,
      "val_sbp_mae": 15.202253451422944,
      "val_dbp_mae": 8.80616453426296
    },
    {
      "epoch": 17,
      "train_loss": 0.7524326586490802,
      "val_aami_margin": -11.70137076253194,
      "val_sbp_mae": 15.368116247551598,
      "val_dbp_mae": 8.89964493522412
    },
    {
      "epoch": 18,
      "train_loss": 0.7516055820318015,
      "val_aami_margin": -11.607085967988127,
      "val_sbp_mae": 15.298464787262644,
      "val_dbp_mae": 8.899292851705045
    },
    {
      "epoch": 19,
      "train_loss": 0.7501343721351509,
      "val_aami_margin": -11.518298834447577,
      "val_sbp_mae": 15.273773884382125,
      "val_dbp_mae": 8.910774027456576
    },
    {
      "epoch": 20,
      "train_loss": 0.749289906534905,
      "val_aami_margin": -11.664457960224478,
      "val_sbp_mae": 15.316075828487755,