{
  "name": "lever_resunet_sa_equal_s0",
  "best_val_metrics": {
    "sbp": {
      "mae": 8.914778020360531,
      "rmse": 11.991433490766381,
      "me": -0.06574132129052206,
      "sd": 11.991305196628765,
      "pearson_r": 0.8204774769979429,
      "r2": 0.6731423820103908,
      "n": 115488,
      "aami_pass": false,
      "aami_margin": -3.9913051966287654,
      "bhs": {
        "grade": "D",
        "pct5": 38.20483513438626,
        "pct10": 66.47357301191465,
        "pct15": 82.62503463563314
      }
    },
    "dbp": {
      "mae": 4.724238002564738,
      "rmse": 6.577554494685281,
      "me": -0.05529090687010727,
      "sd": 6.577350579365884,
      "pearson_r": 0.8454261717002703,
      "r2": 0.7147074410452379,
      "n": 115488,
      "aami_pass": true,
      "aami_margin": 1.4226494206341158,
      "bhs": {
        "grade": "A",
        "pct5": 64.29152812413412,
        "pct10": 89.67078830701026,
        "pct15": 96.88019534497091
      }
    },
    "sbp_sd": 11.991305196628765,
    "dbp_sd": 6.577350579365884,
    "sbp_me_abs": 0.06574132129052206,
    "dbp_me_abs": 0.05529090687010727,
    "sbp_mae": 8.914778020360531,
    "dbp_mae": 4.724238002564738,
    "aami_margin": -3.9913051966287654,
    "aami_pass_both": false,
    "error_signature": [
      0.021503313568189745,
      0.06341123125217998,
      0.07847052668294384,
      0.139876177188699,
      0.11219044297174748,
      0.07969131496337635,
      0.08000523194977328,
      0.11285315660969655,
      0.14480292989187304,
      0.08418207185211021,
      0.06452738053714685,
      0.01848622253226369,
      0.003440595561025072,
      0.016440326899910734,
      0.037915883071749854,
      0.11718824477627462,
      0.1535614930624767,
      0.14795427561163735,
      0.15693275672302773,
      0.18502950939013926,
      0.13682650558555123,
      0.03424129234662484,
      0.009819130404638304,
      0.0006499865669442832
    ]
  },
  "final_val_metrics": {
    "sbp": {
      "mae": 10.674704227876704,
      "rmse": 14.108888236230552,
      "me": -0.0706743677673743,
      "sd": 14.108772307200955,
      "pearson_r": 0.7606968765881155,
      "r2": 0.5475172869517582,
      "n": 115488,
      "aami_pass": false,
      "aami_margin": -6.1087723072009545,
      "bhs": {
        "grade": "D",
        "pct5": 31.89941812136326,
        "pct10": 57.71075782765309,
        "pct15": 75.29093931837075
      }
    },
    "dbp": {
      "mae": 5.838841401006176,
      "rmse": 7.8841729814451496,
      "me": -0.042552440983838466,
      "sd": 7.884092282528566,
      "pearson_r": 0.7836077153628291,
      "r2": 0.5901038650061254,
      "n": 115488,
      "aami_pass": true,
      "aami_margin": 0.11590771747143425,
      "bhs": {
        "grade": "B",
        "pct5": 54.0930659462455,
        "pct10": 83.38182321972846,
        "pct15": 94.31282903851482
      }
    },
    "sbp_sd": 14.108772307200955,
    "dbp_sd": 7.884092282528566,
    "sbp_me_abs": 0.0706743677673743,
    "dbp_me_abs": 0.042552440983838466,
    "sbp_mae": 10.674704227876704,
    "dbp_mae": 5.838841401006176,
    "aami_margin": -6.1087723072009545,
    "aami_pass_both": false,
    "error_signature": [
      0.034186460443135086,
      0.08532147898747051,
      0.08536531902394542,
      0.12753943411280919,
      0.0949136789681809,
      0.06656671138350387,
      0.0664001192448992,
      0.09513287915055545,
      0.13382609534331133,
      0.09265153308607553,
      0.08621581573155869,
      0.0318804745245548,
      0.0044641696211090215,
      0.02611755935611938,
      0.054055459722788066,
      0.14050432114282743,
      0.14565328571552405,
      0.11895495089413417,
      0.121642120957326,
      0.15526641990932968,
      0.1527006059135078,
      0.05537303988280471,
      0.022736926050813518,
      0.0025311408337161828
    ]
  },
  "history": [
    {
      "epoch": 0,
      "train_loss": 0.3373112967088166,
      "val_aami_margin": -3.9913051966287654,
      "val_sbp_mae": 8.914778020360531,
      "val_dbp_mae": 4.724238002564738
    },
    {
      "epoch": 1,
      "train_loss": 0.2614910378019997,
      "val_aami_margin": -4.303425714267053,
      "val_sbp_mae": 9.216699535554834,
      "val_dbp_mae": 4.980332613936455
    },
    {
      "epoch": 2,
      "train_loss": 0.22742580374549845,
      "val_aami_margin": -4.5668599104645615,
      "val_sbp_mae": 9.510717129548814,
      "val_dbp_mae": 5.161251657692303
    },
    {
      "epoch": 3,
      "train_loss": 0.2060548563068872,
      "val_aami_margin": -4.913242906496675,
      "val_sbp_mae": 9.786108514095996,
      "val_dbp_mae": 5.23893098413789
    },
    {
      "epoch": 4,
      "train_loss": 0.19088087801831954,
      "val_aami_margin": -4.838275437067159,
      "val_sbp_mae": 9.748440466353069,
      "val_dbp_mae": 5.455378002279175
    },
    {
      "epoch": 5,
      "train_loss": 0.1801177588210235,
      "val_aami_margin": -4.88455144495923,
      "val_sbp_mae": 9.77970546226611,
      "val_dbp_mae": 5.392934395310924
    },
    {
      "epoch": 6,
      "train_loss": 0.17147283000985283,
      "val_aami_margin": -4.905525643750574,
      "val_sbp_mae": 9.78983963412014,
      "val_dbp_mae": 5.493333571918909
    },
    {
      "epoch": 7,
      "train_loss": 0.16440416864656918,
      "val_aami_margin": -5.25994924458905,
      "val_sbp_mae": 10.044090060964898,
      "val_dbp_mae": 5.463442703597348
    },
    {
      "epoch": 8,
      "train_loss": 0.15865169577841404,
      "val_aami_margin": -5.2446760047364,
      "val_sbp_mae": 10.033193071023637,
      "val_dbp_mae": 5.430242957378743
    },
    {
      "epoch": 9,
      "train_loss": 0.1538436316885983,
      "val_aami_margin": -4.992140145074215,
      "val_sbp_mae": 9.882366882806972,
      "val_dbp_mae": 5.476559702718714
    },
    {
      "epoch": 10,
      "train_loss": 0.14996053798409692,
      "val_aami_margin": -5.231802887811316,
      "val_sbp_mae": 10.020030312544872,
      "val_dbp_mae": 5.482473475656271
    },
    {
      "epoch": 11,
      "train_loss": 0.14610699892447024,
      "val_aami_margin": -5.320403380274607,
      "val_sbp_mae": 10.124816687022495,
      "val_dbp_mae": 5.525104081096878
    },
    {
      "epoch": 12,
      "train_loss": 0.1433884965394786,
      "val_aami_margin": -5.680007448490699,
      "val_sbp_mae": 10.386881401271355,
      "val_dbp_mae": 5.642751062132928
    },
    {
      "epoch": 13,
      "train_loss": 0.14041268975896817,
      "val_aami_margin": -5.364724429369568,
      "val_sbp_mae": 10.135662867158775,
      "val_dbp_mae": 5.653668544150104
    },
    {
      "epoch": 14,
      "train_loss": 0.13809481374304244,
      "val_aami_margin": -5.2872299632162125,
      "val_sbp_mae": 10.090112248182905,
      "val_dbp_mae": 5.640043026689994
    },
    {
      "epoch": 15,
      "train_loss": 0.13610794267880472,
      "val_aami_margin": -5.471493203281813,
      "val_sbp_mae": 10.237192261414698,
      "val_dbp_mae": 5.658076337351905
    },
    {
      "epoch": 16,
      "train_loss": 0.1340046166939322,
      "val_aami_margin": -5.114827644756954,
      "val_sbp_mae": 9.972157044339042,
      "val_dbp_mae": 5.629872453901648
    },
    {
      "epoch": 17,
      "train_loss": 0.1323928888298833,
      "val_aami_margin": -5.4014938214422035,
      "val_sbp_mae": 10.177001296329298,
      "val_dbp_mae": 5.622717946910128
    },
    {
      "epoch": 18,
      "train_loss": 0.13043736871883108,
      "val_aami_margin": -5.50797923086567,
      "val_sbp_mae": 10.248435018919684,
      "val_dbp_mae": 5.7878507147704665
    },
    {
      "epoch": 19,
      "train_loss": 0.1291261071209816,
      "val_aami_margin": -5.630582712463633,
      "val_sbp_mae": 10.302662685481662,
      "val_dbp_mae": 5.784418736514878
    },
    {
      "epoch": 20,
      "train_loss": 0.12739021297959996,
      "val_aami_margin": -5.641659098442281,
      "val_sbp_mae": 10.334706159922527,