{
  "name": "screen_transformer1d",
  "best_val_metrics": {
    "sbp": {
      "mae": 9.392387313441855,
      "rmse": 12.516048792772862,
      "me": -0.05686406515591517,
      "sd": 12.51597380453022,
      "pearson_r": 0.8024753124213837,
      "r2": 0.643917278590793,
      "n": 115488,
      "aami_pass": false,
      "aami_margin": -4.515973804530219,
      "bhs": {
        "grade": "D",
        "pct5": 36.7146370185647,
        "pct10": 63.91226794125796,
        "pct15": 80.3434123025769
      }
    },
    "dbp": {
      "mae": 5.037179486849011,
      "rmse": 6.945079028178814,
      "me": -0.06375823495847424,
      "sd": 6.944816427983219,
      "pearson_r": 0.8258501223893198,
      "r2": 0.6819349730450863,
      "n": 115488,
      "aami_pass": true,
      "aami_margin": 1.055183572016781,
      "bhs": {
        "grade": "A",
        "pct5": 61.45400387919091,
        "pct10": 87.80133000831255,
        "pct15": 96.32948877805487
      }
    },
    "sbp_sd": 12.51597380453022,
    "dbp_sd": 6.944816427983219,
    "sbp_me_abs": 0.05686406515591517,
    "dbp_me_abs": 0.06375823495847424,
    "sbp_mae": 9.392387313441855,
    "dbp_mae": 5.037179486849011,
    "aami_margin": -4.515973804530219,
    "aami_pass_both": false,
    "error_signature": [
      0.026589625601338634,
      0.06902321690023008,
      0.08172976364777243,
      0.13609426200934255,
      0.1099403890399498,
      0.0739907969044133,
      0.07644844174858816,
      0.10914731924980826,
      0.13764554137906992,
      0.08364707522833438,
      0.07228264658718539,
      0.023460921703967092,
      0.003752686680995632,
      0.01951743742633294,
      0.042917562226998544,
      0.12212265132080705,
      0.1533228177216945,
      0.1375580669763572,
      0.1458521112112598,
      0.1783609512584067,
      0.14158808846980517,
      0.042440893018096094,
      0.011700062400332802,
      0.0008666712889135408
    ]
  },
  "final_val_metrics": {
    "sbp": {
      "mae": 10.122698017357747,
      "rmse": 13.385563006255694,
      "me": -0.0373769865115951,
      "sd": 13.385568773937214,
      "pearson_r": 0.7734542362308258,
      "r2": 0.5927231822932337,
      "n": 115488,
      "aami_pass": false,
      "aami_margin": -5.385568773937214,
      "bhs": {
        "grade": "D",
        "pct5": 33.84940426711,
        "pct10": 60.17421723469105,
        "pct15": 77.28162233305625
      }
    },
    "dbp": {
      "mae": 5.5528671726461445,
      "rmse": 7.568496606430453,
      "me": -0.058797621316602385,
      "sd": 7.568300978187932,
      "pearson_r": 0.7928766684650914,
      "r2": 0.6222706113272831,
      "n": 115488,
      "aami_pass": true,
      "aami_margin": 0.43169902181206776,
      "bhs": {
        "grade": "B",
        "pct5": 56.97648240509836,
        "pct10": 84.75079661956221,
        "pct15": 94.92328207259628
      }
    },
    "sbp_sd": 13.385568773937214,
    "dbp_sd": 7.568300978187932,
    "sbp_me_abs": 0.0373769865115951,
    "dbp_me_abs": 0.058797621316602385,
    "sbp_mae": 10.122698017357747,
    "dbp_mae": 5.5528671726461445,
    "aami_margin": -5.385568773937214,
    "aami_pass_both": false,
    "error_signature": [
      0.03054895520301908,
      0.07849080997973304,
      0.08691208330421413,
      0.1315168774896918,
      0.10259277377874065,
      0.0686892864630652,
      0.07002585785170172,
      0.10019043958347892,
      0.13406771961702424,
      0.08568034104409812,
      0.08189775665664967,
      0.02938709902858341,
      0.004099603907191208,
      0.025464347313589365,
      0.05100669977551852,
      0.13064128899174013,
      0.1457049498600241,
      0.12439220988585246,
      0.13234006777780666,
      0.16787574646593342,
      0.14736905969127295,
      0.05081602052402125,
      0.018443883963008226,
      0.0018461218440417068
    ]
  },
  "history": [
    {
      "epoch": 0,
      "train_loss": 0.3768188218795367,
      "val_aami_margin": -5.118942677173388,
      "val_sbp_mae": 9.845978212241592,
      "val_dbp_mae": 5.271207873116242
    },
    {
      "epoch": 1,
      "train_loss": 0.35858182663909877,
      "val_aami_margin": -4.635386801435212,
      "val_sbp_mae": 9.466704915973065,
      "val_dbp_mae": 5.065722284651966
    },
    {
      "epoch": 2,
      "train_loss": 0.3474061058106106,
      "val_aami_margin": -4.515973804530219,
      "val_sbp_mae": 9.392387313441855,
      "val_dbp_mae": 5.037179486849011
    },
    {
      "epoch": 3,
      "train_loss": 0.34286146592066,
      "val_aami_margin": -4.569235803765295,
      "val_sbp_mae": 9.434112864450963,
      "val_dbp_mae": 5.069793727510549
    },
    {
      "epoch": 4,
      "train_loss": 0.3391593986616211,
      "val_aami_margin": -4.659118983967236,
      "val_sbp_mae": 9.48327616060758,
      "val_dbp_mae": 5.059219944735875
    },
    {
      "epoch": 5,
      "train_loss": 0.3360626183687207,
      "val_aami_margin": -4.700293183726085,
      "val_sbp_mae": 9.522845504560992,
      "val_dbp_mae": 5.106862490545291
    },
    {
      "epoch": 6,
      "train_loss": 0.33346415185504247,
      "val_aami_margin": -4.539065170838388,
      "val_sbp_mae": 9.39065411694135,
      "val_dbp_mae": 5.063060893966561
    },
    {
      "epoch": 7,
      "train_loss": 0.33106425866793465,
      "val_aami_margin": -4.733795551401787,
      "val_sbp_mae": 9.586614505327697,
      "val_dbp_mae": 5.144929376435862
    },
    {
      "epoch": 8,
      "train_loss": 0.32862696527219276,
      "val_aami_margin": -4.870452656046215,
      "val_sbp_mae": 9.68854920596811,
      "val_dbp_mae": 5.295656400030626
    },
    {
      "epoch": 9,
      "train_loss": 0.3266684563602799,
      "val_aami_margin": -4.813729631472297,
      "val_sbp_mae": 9.624213449483083,
      "val_dbp_mae": 5.260166871693571
    },
    {
      "epoch": 10,
      "train_loss": 0.3248484879633044,
      "val_aami_margin": -4.833237994061509,
      "val_sbp_mae": 9.664566681604878,
      "val_dbp_mae": 5.1916540426992785
    },
    {
      "epoch": 11,
      "train_loss": 0.32299004333630693,
      "val_aami_margin": -4.874576072704812,
      "val_sbp_mae": 9.668212570502211,
      "val_dbp_mae": 5.232824189605223
    },
    {
      "epoch": 12,
      "train_loss": 0.32135979883074695,
      "val_aami_margin": -5.078408024574239,
      "val_sbp_mae": 9.866776892356643,
      "val_dbp_mae": 5.39767069783948
    },
    {
      "epoch": 13,
      "train_loss": 0.31977929086381573,
      "val_aami_margin": -5.041454174635334,
      "val_sbp_mae": 9.816018573035743,
      "val_dbp_mae": 5.3023678441880575
    },
    {
      "epoch": 14,
      "train_loss": 0.3183899887676555,
      "val_aami_margin": -5.116360616826425,
      "val_sbp_mae": 9.883106288934687,
      "val_dbp_mae": 5.404089812821522
    },
    {
      "epoch": 15,
      "train_loss": 0.31711297273919914,
      "val_aami_margin": -5.005331479387786,
      "val_sbp_mae": 9.767925329831934,
      "val_dbp_mae": 5.395342844124592
    },
    {
      "epoch": 16,
      "train_loss": 0.3161708039127247,
      "val_aami_margin": -5.095839299932312,
      "val_sbp_mae": 9.88594726003567,
      "val_dbp_mae": 5.341419925721409
    },
    {
      "epoch": 17,
      "train_loss": 0.3148018049732037,
      "val_aami_margin": -5.1142710991847995,
      "val_sbp_mae": 9.85914314836422,
      "val_dbp_mae": 5.34559936120656
    },
    {
      "epoch": 18,
      "train_loss": 0.31387073681985517,
      "val_aami_margin": -5.178296458760995,
      "val_sbp_mae": 9.933699485017545,
      "val_dbp_mae": 5.466641749029575
    },
    {
      "epoch": 19,
      "train_loss": 0.3130651685383134,
      "val_aami_margin": -5.1530652586818615,
      "val_sbp_mae": 9.92163277421242,
      "val_dbp_mae": 5.379866083969465
    },
    {
      "epoch": 20,
      "train_loss": 0.31221694740120276,
      "val_aami_margin": -5.21835421449066,
      "val_sbp_mae": 9.962411999172948,
      "val_dbp_mae": 5.4334509236912405
    },
    {
      "epoch": 21,